
> Configure project :
Source Compatibility: 21

> Task :clean

> Task :compileJava
/app/src/main/java/com/mgz/util/MMapUtil.java:54: warning: [removal] AccessController in java.security has been deprecated and marked for removal
      AccessController.doPrivileged((PrivilegedAction<Void>) () -> {
      ^
1 warning

> Task :processResources
> Task :classes

> Task :checkstyleMain
[ant:checkstyle] [WARN] /app/src/main/java/com/mgz/afp/modca_L/ECA_EndColorAttributeTable.java:20:9: Package name 'com.mgz.afp.modca_L' must match pattern '^[a-z]+(\.[a-z][a-z0-9]*)*$'. [PackageName]
[ant:checkstyle] [WARN] /app/src/main/java/com/mgz/afp/modca_L/ECA_EndColorAttributeTable.java:24:1: Missing a Javadoc comment. [MissingJavadocType]
[ant:checkstyle] [WARN] /app/src/main/java/com/mgz/afp/modca_L/ECA_EndColorAttributeTable.java:24:14: Abbreviation in name 'ECA_EndColorAttributeTable' must contain no more than '1' consecutive capital letters. [AbbreviationAsWordInName]
[ant:checkstyle] [WARN] /app/src/main/java/com/mgz/afp/modca_L/ECA_EndColorAttributeTable.java:24:14: Type name 'ECA_EndColorAttributeTable' must match pattern '^[A-Z][a-zA-Z0-9]*(?:[0-9](?:_[0-9]+)*)?$'. [TypeName]
[ant:checkstyle] [WARN] /app/src/main/java/com/mgz/afp/modca_L/BCA_BeginColorAttributeTable.java:20:9: Package name 'com.mgz.afp.modca_L' must match pattern '^[a-z]+(\.[a-z][a-z0-9]*)*$'. [PackageName]
[ant:checkstyle] [WARN] /app/src/main/java/com/mgz/afp/modca_L/BCA_BeginColorAttributeTable.java:27:14: Abbreviation in name 'BCA_BeginColorAttributeTable' must contain no more than '1' consecutive capital letters. [AbbreviationAsWordInName]
[ant:checkstyle] [WARN] /app/src/main/java/com/mgz/afp/modca_L/BCA_BeginColorAttributeTable.java:27:14: Type name 'BCA_BeginColorAttributeTable' must match pattern '^[A-Z][a-zA-Z0-9]*(?:[0-9](?:_[0-9]+)*)?$'. [TypeName]
[ant:checkstyle] [WARN] /app/src/main/java/com/mgz/afp/modca_L/MCA_MapColorAttributeTable.java:20:9: Package name 'com.mgz.afp.modca_L' must match pattern '^[a-z]+(\.[a-z][a-z0-9]*)*$'. [PackageName]
[ant:checkstyle] [WARN] /app/src/main/java/com/mgz/afp/modca_L/MCA_MapColorAttributeTable.java:48:14: Abbreviation in name 'MCA_MapColorAttributeTable' must contain no more than '1' consecutive capital letters. [AbbreviationAsWordInName]
[ant:checkstyle] [WARN] /app/src/main/java/com/mgz/afp/modca_L/MCA_MapColorAttributeTable.java:48:14: Type name 'MCA_MapColorAttributeTable' must match pattern '^[A-Z][a-zA-Z0-9]*(?:[0-9](?:_[0-9]+)*)?$'. [TypeName]
[ant:checkstyle] [WARN] /app/src/main/java/com/mgz/afp/modca_L/MCA_MapColorAttributeTable.java:78:3: Missing a Javadoc comment. [MissingJavadocType]
[ant:checkstyle] [WARN] /app/src/main/java/com/mgz/afp/modca_L/MCA_MapColorAttributeTable.java:78:23: Abbreviation in name 'MCA_RepeatingGroup' must contain no more than '1' consecutive capital letters. [AbbreviationAsWordInName]
[ant:checkstyle] [WARN] /app/src/main/java/com/mgz/afp/modca_L/MCA_MapColorAttributeTable.java:78:23: Type name 'MCA_RepeatingGroup' must match pattern '^[A-Z][a-zA-Z0-9]*(?:[0-9](?:_[0-9]+)*)?$'. [TypeName]
[ant:checkstyle] [WARN] /app/src/main/java/com/mgz/afp/modca_L/CAT_ColorAttributeTable.java:20:9: Package name 'com.mgz.afp.modca_L' must match pattern '^[a-z]+(\.[a-z][a-z0-9]*)*$'. [PackageName]
[ant:checkstyle] [WARN] /app/src/main/java/com/mgz/afp/modca_L/CAT_ColorAttributeTable.java:25:1: Wrong lexicographical order for 'com.mgz.afp.base.annotations.AFPField' import. Should be before 'com.mgz.afp.exceptions.IAFPDecodeableWriteable'. [CustomImportOrder]
[ant:checkstyle] [WARN] /app/src/main/java/com/mgz/afp/modca_L/CAT_ColorAttributeTable.java:29:1: Extra separation in import group before 'java.io.ByteArrayOutputStream' [CustomImportOrder]
[ant:checkstyle] [WARN] /app/src/main/java/com/mgz/afp/modca_L/CAT_ColorAttributeTable.java:38: Line is longer than 100 characters (found 101). [LineLength]
[ant:checkstyle] [WARN] /app/src/main/java/com/mgz/afp/modca_L/CAT_ColorAttributeTable.java:41:14: Abbreviation in name 'CAT_ColorAttributeTable' must contain no more than '1' consecutive capital letters. [AbbreviationAsWordInName]
[ant:checkstyle] [WARN] /app/src/main/java/com/mgz/afp/modca_L/CAT_ColorAttributeTable.java:41:14: Type name 'CAT_ColorAttributeTable' must match pattern '^[A-Z][a-zA-Z0-9]*(?:[0-9](?:_[0-9]+)*)?$'. [TypeName]
[ant:checkstyle] [WARN] /app/src/main/java/com/mgz/afp/modca_L/CAT_ColorAttributeTable.java:99:23: Abbreviation in name 'CAT_BasePart' must contain no more than '1' consecutive capital letters. [AbbreviationAsWordInName]
[ant:checkstyle] [WARN] /app/src/main/java/com/mgz/afp/modca_L/CAT_ColorAttributeTable.java:99:23: Type name 'CAT_BasePart' must match pattern '^[A-Z][a-zA-Z0-9]*(?:[0-9](?:_[0-9]+)*)?$'. [TypeName]
[ant:checkstyle] [WARN] /app/src/main/java/com/mgz/afp/modca_L/CAT_ColorAttributeTable.java:100:18: Abbreviation in name 'resetLCTFlag' must contain no more than '1' consecutive capital letters. [AbbreviationAsWordInName]
[ant:checkstyle] [WARN] /app/src/main/java/com/mgz/afp/modca_L/CAT_ColorAttributeTable.java:102:11: Abbreviation in name 'colorTableLocalID' must contain no more than '1' consecutive capital letters. [AbbreviationAsWordInName]
[ant:checkstyle] [WARN] /app/src/main/java/com/mgz/afp/modca_L/CAT_ColorAttributeTable.java:120:25: Abbreviation in name 'getResetLCTFlag' must contain no more than '1' consecutive capital letters. [AbbreviationAsWordInName]
[ant:checkstyle] [WARN] /app/src/main/java/com/mgz/afp/modca_L/CAT_ColorAttributeTable.java:124:17: Abbreviation in name 'setResetLCTFlag' must contain no more than '1' consecutive capital letters. [AbbreviationAsWordInName]
[ant:checkstyle] [WARN] /app/src/main/java/com/mgz/afp/modca_L/CAT_ColorAttributeTable.java:124:46: Abbreviation in name 'resetLCTFlag' must contain no more than '1' consecutive capital letters. [AbbreviationAsWordInName]
[ant:checkstyle] [WARN] /app/src/main/java/com/mgz/afp/modca_L/CAT_ColorAttributeTable.java:136:18: Abbreviation in name 'getColorTableLocalID' must contain no more than '1' consecutive capital letters. [AbbreviationAsWordInName]
[ant:checkstyle] [WARN] /app/src/main/java/com/mgz/afp/modca_L/CAT_ColorAttributeTable.java:140:17: Abbreviation in name 'setColorTableLocalID' must contain no more than '1' consecutive capital letters. [AbbreviationAsWordInName]
[ant:checkstyle] [WARN] /app/src/main/java/com/mgz/afp/modca_L/CAT_ColorAttributeTable.java:140:44: Abbreviation in name 'colorTableLocalID' must contain no more than '1' consecutive capital letters. [AbbreviationAsWordInName]
[ant:checkstyle] [WARN] /app/src/main/java/com/mgz/afp/modca_L/CAT_ColorAttributeTable.java:144:5: Missing a Javadoc comment. [MissingJavadocType]
[ant:checkstyle] [WARN] /app/src/main/java/com/mgz/afp/modca_L/CAT_ColorAttributeTable.java:144:17: Abbreviation in name 'ResetLCTFlag' must contain no more than '1' consecutive capital letters. [AbbreviationAsWordInName]
[ant:checkstyle] [WARN] /app/src/main/java/com/mgz/afp/modca_L/CAT_ColorAttributeTable.java:148:7: Missing a Javadoc comment. [MissingJavadocMethod]
[ant:checkstyle] [WARN] /app/src/main/java/com/mgz/afp/modca_L/CAT_ColorAttributeTable.java:156:7: Missing a Javadoc comment. [MissingJavadocMethod]
[ant:checkstyle] [WARN] /app/src/main/java/com/mgz/afp/bcoca/BDD_BarCodeDataDescriptor.java:32:1: Extra separation in import group before 'java.io.ByteArrayOutputStream' [CustomImportOrder]
[ant:checkstyle] [WARN] /app/src/main/java/com/mgz/afp/bcoca/BDD_BarCodeDataDescriptor.java:38:1: Missing a Javadoc comment. [MissingJavadocType]
[ant:checkstyle] [WARN] /app/src/main/java/com/mgz/afp/bcoca/BDD_BarCodeDataDescriptor.java:38:14: Abbreviation in name 'BDD_BarCodeDataDescriptor' must contain no more than '1' consecutive capital letters. [AbbreviationAsWordInName]
[ant:checkstyle] [WARN] /app/src/main/java/com/mgz/afp/bcoca/BDD_BarCodeDataDescriptor.java:38:14: Type name 'BDD_BarCodeDataDescriptor' must match pattern '^[A-Z][a-zA-Z0-9]*(?:[0-9](?:_[0-9]+)*)?$'. [TypeName]
[ant:checkstyle] [WARN] /app/src/main/java/com/mgz/afp/bcoca/BDD_BarCodeDataDescriptor.java:58:9: Abbreviation in name 'fontLocalIDForHRI' must contain no more than '1' consecutive capital letters. [AbbreviationAsWordInName]
[ant:checkstyle] [WARN] /app/src/main/java/com/mgz/afp/bcoca/BDD_BarCodeDataDescriptor.java:81: Line is longer than 100 characters (found 121). [LineLength]
[ant:checkstyle] [WARN] /app/src/main/java/com/mgz/afp/bcoca/BDD_BarCodeDataDescriptor.java:85: Line is longer than 100 characters (found 105). [LineLength]
[ant:checkstyle] [WARN] /app/src/main/java/com/mgz/afp/bcoca/BDD_BarCodeDataDescriptor.java:87: Line is longer than 100 characters (found 168). [LineLength]
[ant:checkstyle] [WARN] /app/src/main/java/com/mgz/afp/bcoca/BDD_BarCodeDataDescriptor.java:94: Line is longer than 100 characters (found 146). [LineLength]
[ant:checkstyle] [WARN] /app/src/main/java/com/mgz/afp/bcoca/BDD_BarCodeDataDescriptor.java:101: Line is longer than 100 characters (found 147). [LineLength]
[ant:checkstyle] [WARN] /app/src/main/java/com/mgz/afp/bcoca/BDD_BarCodeDataDescriptor.java:108: Line is longer than 100 characters (found 174). [LineLength]
[ant:checkstyle] [WARN] /app/src/main/java/com/mgz/afp/bcoca/BDD_BarCodeDataDescriptor.java:113: Line is longer than 100 characters (found 168). [LineLength]
[ant:checkstyle] [WARN] /app/src/main/java/com/mgz/afp/bcoca/BDD_BarCodeDataDescriptor.java:125: Line is longer than 100 characters (found 190). [LineLength]
[ant:checkstyle] [WARN] /app/src/main/java/com/mgz/afp/bcoca/BDD_BarCodeDataDescriptor.java:133: Line is longer than 100 characters (found 122). [LineLength]
[ant:checkstyle] [WARN] /app/src/main/java/com/mgz/afp/bcoca/BDD_BarCodeDataDescriptor.java:139: Line is longer than 100 characters (found 163). [LineLength]
[ant:checkstyle] [WARN] /app/src/main/java/com/mgz/afp/bcoca/BDD_BarCodeDataDescriptor.java:145: Line is longer than 100 characters (found 127). [LineLength]
[ant:checkstyle] [WARN] /app/src/main/java/com/mgz/afp/bcoca/BDD_BarCodeDataDescriptor.java:151: Line is longer than 100 characters (found 173). [LineLength]
[ant:checkstyle] [WARN] /app/src/main/java/com/mgz/afp/bcoca/BDD_BarCodeDataDescriptor.java:253:16: Abbreviation in name 'getFontLocalIDForHRI' must contain no more than '1' consecutive capital letters. [AbbreviationAsWordInName]
[ant:checkstyle] [WARN] /app/src/main/java/com/mgz/afp/bcoca/BDD_BarCodeDataDescriptor.java:257:15: Abbreviation in name 'setFontLocalIDForHRI' must contain no more than '1' consecutive capital letters. [AbbreviationAsWordInName]
[ant:checkstyle] [WARN] /app/src/main/java/com/mgz/afp/bcoca/BDD_BarCodeDataDescriptor.java:257:42: Abbreviation in name 'fontLocalIDForHRI' must contain no more than '1' consecutive capital letters. [AbbreviationAsWordInName]
[ant:checkstyle] [WARN] /app/src/main/java/com/mgz/afp/bcoca/BDD_BarCodeDataDescriptor.java:326:3: Missing a Javadoc comment. [MissingJavadocType]
[ant:checkstyle] [WARN] /app/src/main/java/com/mgz/afp/bcoca/BDD_BarCodeDataDescriptor.java:328: Line is longer than 100 characters (found 114). [LineLength]
[ant:checkstyle] [WARN] /app/src/main/java/com/mgz/afp/bcoca/BDD_BarCodeDataDescriptor.java:340: Line is longer than 100 characters (found 145). [LineLength]
[ant:checkstyle] [WARN] /app/src/main/java/com/mgz/afp/bcoca/BDD_BarCodeDataDescriptor.java:349: Line is longer than 100 characters (found 105). [LineLength]
[ant:checkstyle] [WARN] /app/src/main/java/com/mgz/afp/bcoca/BDD_BarCodeDataDescriptor.java:354: Line is longer than 100 characters (found 145). [LineLength]
[ant:checkstyle] [WARN] /app/src/main/java/com/mgz/afp/bcoca/BDD_BarCodeDataDescriptor.java:376:13: Abbreviation in name 'isBCD1' must contain no more than '1' consecutive capital letters. [AbbreviationAsWordInName]
[ant:checkstyle] [WARN] /app/src/main/java/com/mgz/afp/bcoca/BDD_BarCodeDataDescriptor.java:377:13: Abbreviation in name 'isBCD2' must contain no more than '1' consecutive capital letters. [AbbreviationAsWordInName]
[ant:checkstyle] [WARN] /app/src/main/java/com/mgz/afp/bcoca/BDD_BarCodeDataDescriptor.java:380:35: Abbreviation in name 'isBCD1' must contain no more than '1' consecutive capital letters. [AbbreviationAsWordInName]
[ant:checkstyle] [WARN] /app/src/main/java/com/mgz/afp/bcoca/BDD_BarCodeDataDescriptor.java:380:51: Abbreviation in name 'isBCD2' must contain no more than '1' consecutive capital letters. [AbbreviationAsWordInName]
[ant:checkstyle] [WARN] /app/src/main/java/com/mgz/afp/bcoca/BDD_BarCodeDataDescriptor.java:391:5: Missing a Javadoc comment. [MissingJavadocMethod]
[ant:checkstyle] [WARN] /app/src/main/java/com/mgz/afp/bcoca/BDD_BarCodeDataDescriptor.java:400:5: Missing a Javadoc comment. [MissingJavadocMethod]
[ant:checkstyle] [WARN] /app/src/main/java/com/mgz/afp/bcoca/BDD_BarCodeDataDescriptor.java:404:20: Abbreviation in name 'isBCD1' must contain no more than '1' consecutive capital letters. [AbbreviationAsWordInName]
[ant:checkstyle] [WARN] /app/src/main/java/com/mgz/afp/bcoca/BDD_BarCodeDataDescriptor.java:408:20: Abbreviation in name 'isBCD2' must contain no more than '1' consecutive capital letters. [AbbreviationAsWordInName]
[ant:checkstyle] [WARN] /app/src/main/java/com/mgz/afp/bcoca/BDA_BarCodeData.java:32:1: Extra separation in import group before 'com.fasterxml.jackson.dataformat.xml.annotation.JacksonXmlProperty' [CustomImportOrder]
[ant:checkstyle] [WARN] /app/src/main/java/com/mgz/afp/bcoca/BDA_BarCodeData.java:32:1: Wrong lexicographical order for 'com.fasterxml.jackson.dataformat.xml.annotation.JacksonXmlProperty' import. Should be before 'com.mgz.util.UtilCharacterEncoding'. [CustomImportOrder]
[ant:checkstyle] [WARN] /app/src/main/java/com/mgz/afp/bcoca/BDA_BarCodeData.java:45:14: Abbreviation in name 'BDA_BarCodeData' must contain no more than '1' consecutive capital letters. [AbbreviationAsWordInName]
[ant:checkstyle] [WARN] /app/src/main/java/com/mgz/afp/bcoca/BDA_BarCodeData.java:45:14: Type name 'BDA_BarCodeData' must match pattern '^[A-Z][a-zA-Z0-9]*(?:[0-9](?:_[0-9]+)*)?$'. [TypeName]
[ant:checkstyle] [WARN] /app/src/main/java/com/mgz/afp/bcoca/BDA_BarCodeData.java:49:7: Non-constant field name 'xOffset' must start lowercase, be at least 2 chars, avoid single lowercase letter followed by uppercase, contain only letters, digits or underscores, with underscores allowed only between adjacent digits. [GoogleNonConstantFieldName]
[ant:checkstyle] [WARN] /app/src/main/java/com/mgz/afp/bcoca/BDA_BarCodeData.java:51:7: Non-constant field name 'yOffset' must start lowercase, be at least 2 chars, avoid single lowercase letter followed by uppercase, contain only letters, digits or underscores, with underscores allowed only between adjacent digits. [GoogleNonConstantFieldName]
[ant:checkstyle] [WARN] /app/src/main/java/com/mgz/afp/bcoca/BDA_BarCodeData.java:58: Line is longer than 100 characters (found 121). [LineLength]
[ant:checkstyle] [WARN] /app/src/main/java/com/mgz/afp/bcoca/BDA_BarCodeData.java:58:3: Missing a Javadoc comment. [MissingJavadocMethod]
[ant:checkstyle] [WARN] /app/src/main/java/com/mgz/afp/bcoca/BDA_BarCodeData.java:58:15: Abbreviation in name 'decodeAFP' must contain no more than '1' consecutive capital letters. [AbbreviationAsWordInName]
[ant:checkstyle] [WARN] /app/src/main/java/com/mgz/afp/bcoca/BDA_BarCodeData.java:59: Line is longer than 100 characters (found 105). [LineLength]
[ant:checkstyle] [WARN] /app/src/main/java/com/mgz/afp/bcoca/BDA_BarCodeData.java:59:5: Distance between variable 'associatedBarCodeDataDescriptor' declaration and its first usage is 5, but allowed 3.  Consider making that variable final if you still need to store its value in advance (before method calls that might have side effects on the original value). [VariableDeclarationUsageDistance]
[ant:checkstyle] [WARN] /app/src/main/java/com/mgz/afp/bcoca/BDA_BarCodeData.java:87: Line is longer than 100 characters (found 154). [LineLength]
[ant:checkstyle] [WARN] /app/src/main/java/com/mgz/afp/bcoca/BDA_BarCodeData.java:100: Line is longer than 100 characters (found 103). [LineLength]
[ant:checkstyle] [WARN] /app/src/main/java/com/mgz/afp/bcoca/BDA_BarCodeData.java:124: Line is longer than 100 characters (found 109). [LineLength]
[ant:checkstyle] [WARN] /app/src/main/java/com/mgz/afp/bcoca/BDA_BarCodeData.java:125: Line is longer than 100 characters (found 102). [LineLength]
[ant:checkstyle] [WARN] /app/src/main/java/com/mgz/afp/bcoca/BDA_BarCodeData.java:127: Line is longer than 100 characters (found 120). [LineLength]
[ant:checkstyle] [WARN] /app/src/main/java/com/mgz/afp/bcoca/BDA_BarCodeData.java:151: Line is longer than 100 characters (found 109). [LineLength]
[ant:checkstyle] [WARN] /app/src/main/java/com/mgz/afp/bcoca/BDA_BarCodeData.java:172: Line is longer than 100 characters (found 120). [LineLength]
[ant:checkstyle] [WARN] /app/src/main/java/com/mgz/afp/bcoca/BDA_BarCodeData.java:190:3: Missing a Javadoc comment. [MissingJavadocType]
[ant:checkstyle] [WARN] /app/src/main/java/com/mgz/afp/bcoca/BDA_BarCodeData.java:199: Line is longer than 100 characters (found 105). [LineLength]
[ant:checkstyle] [WARN] /app/src/main/java/com/mgz/afp/bcoca/BDA_BarCodeData.java:205: Line is longer than 100 characters (found 135). [LineLength]
[ant:checkstyle] [WARN] /app/src/main/java/com/mgz/afp/bcoca/BDA_BarCodeData.java:209: Line is longer than 100 characters (found 140). [LineLength]
[ant:checkstyle] [WARN] /app/src/main/java/com/mgz/afp/bcoca/BDA_BarCodeData.java:210: Line is longer than 100 characters (found 157). [LineLength]
[ant:checkstyle] [WARN] /app/src/main/java/com/mgz/afp/bcoca/BDA_BarCodeData.java:221: Line is longer than 100 characters (found 107). [LineLength]
[ant:checkstyle] [WARN] /app/src/main/java/com/mgz/afp/bcoca/BDA_BarCodeData.java:226: Line is longer than 100 characters (found 135). [LineLength]
[ant:checkstyle] [WARN] /app/src/main/java/com/mgz/afp/bcoca/BDA_BarCodeData.java:246:5: Missing a Javadoc comment. [MissingJavadocType]
[ant:checkstyle] [WARN] /app/src/main/java/com/mgz/afp/bcoca/BDA_BarCodeData.java:250:7: Missing a Javadoc comment. [MissingJavadocMethod]
[ant:checkstyle] [WARN] /app/src/main/java/com/mgz/afp/bcoca/BDA_BarCodeData.java:251: Line is longer than 100 characters (found 116). [LineLength]
[ant:checkstyle] [WARN] /app/src/main/java/com/mgz/afp/bcoca/BDA_BarCodeData.java:261:7: Missing a Javadoc comment. [MissingJavadocMethod]
[ant:checkstyle] [WARN] /app/src/main/java/com/mgz/afp/bcoca/BDA_BarCodeData.java:263:9: 'if' construct must use '{}'s. [NeedBraces]
[ant:checkstyle] [WARN] /app/src/main/java/com/mgz/afp/bcoca/BDA_BarCodeData.java:275:3: Missing a Javadoc comment. [MissingJavadocType]
[ant:checkstyle] [WARN] /app/src/main/java/com/mgz/afp/bcoca/BDA_BarCodeData.java:290: Line is longer than 100 characters (found 139). [LineLength]
[ant:checkstyle] [WARN] /app/src/main/java/com/mgz/afp/bcoca/BDA_BarCodeData.java:296: Line is longer than 100 characters (found 153). [LineLength]
[ant:checkstyle] [WARN] /app/src/main/java/com/mgz/afp/bcoca/BDA_BarCodeData.java:301:82: '&&' should be on a new line. [OperatorWrap]
[ant:checkstyle] [WARN] /app/src/main/java/com/mgz/afp/bcoca/BDA_BarCodeData.java:303: Line is longer than 100 characters (found 180). [LineLength]
[ant:checkstyle] [WARN] /app/src/main/java/com/mgz/afp/bcoca/BDA_BarCodeData.java:310: Line is longer than 100 characters (found 169). [LineLength]
[ant:checkstyle] [WARN] /app/src/main/java/com/mgz/afp/bcoca/BDA_BarCodeData.java:342:5: Missing a Javadoc comment. [MissingJavadocType]
[ant:checkstyle] [WARN] /app/src/main/java/com/mgz/afp/bcoca/BDA_BarCodeData.java:346:7: Missing a Javadoc comment. [MissingJavadocMethod]
[ant:checkstyle] [WARN] /app/src/main/java/com/mgz/afp/bcoca/BDA_BarCodeData.java:357:7: Missing a Javadoc comment. [MissingJavadocMethod]
[ant:checkstyle] [WARN] /app/src/main/java/com/mgz/afp/bcoca/BDA_BarCodeData.java:359:9: 'if' construct must use '{}'s. [NeedBraces]
[ant:checkstyle] [WARN] /app/src/main/java/com/mgz/afp/bcoca/BDA_BarCodeData.java:412:3: Missing a Javadoc comment. [MissingJavadocMethod]
[ant:checkstyle] [WARN] /app/src/main/java/com/mgz/afp/bcoca/BDA_BarCodeData.java:416:3: Missing a Javadoc comment. [MissingJavadocMethod]
[ant:checkstyle] [WARN] /app/src/main/java/com/mgz/afp/bcoca/BDA_BarCodeData.java:416:30: Parameter name 'xOffset' must match pattern '^[a-z]([a-z0-9][a-zA-Z0-9]*)?$'. [ParameterName]
[ant:checkstyle] [WARN] /app/src/main/java/com/mgz/afp/bcoca/BDA_BarCodeData.java:420:3: Missing a Javadoc comment. [MissingJavadocMethod]
[ant:checkstyle] [WARN] /app/src/main/java/com/mgz/afp/bcoca/BDA_BarCodeData.java:424:3: Missing a Javadoc comment. [MissingJavadocMethod]
[ant:checkstyle] [WARN] /app/src/main/java/com/mgz/afp/bcoca/BDA_BarCodeData.java:424:30: Parameter name 'yOffset' must match pattern '^[a-z]([a-z0-9][a-zA-Z0-9]*)?$'. [ParameterName]
[ant:checkstyle] [WARN] /app/src/main/java/com/mgz/afp/bcoca/BDA_BarCodeData.java:433:3: Missing a Javadoc comment. [MissingJavadocType]
[ant:checkstyle] [WARN] /app/src/main/java/com/mgz/afp/bcoca/BDA_BarCodeData.java:447:5: Missing a Javadoc comment. [MissingJavadocMethod]
[ant:checkstyle] [WARN] /app/src/main/java/com/mgz/afp/bcoca/BDA_BarCodeData.java:455: Line is longer than 100 characters (found 157). [LineLength]
[ant:checkstyle] [WARN] /app/src/main/java/com/mgz/afp/bcoca/BDA_BarCodeData.java:504:3: Missing a Javadoc comment. [MissingJavadocType]
[ant:checkstyle] [WARN] /app/src/main/java/com/mgz/afp/bcoca/BDA_BarCodeData.java:504:17: 'abstract' modifier out of order with the JLS suggestions. [ModifierOrder]
[ant:checkstyle] [WARN] /app/src/main/java/com/mgz/afp/bcoca/BDA_BarCodeData.java:509:5: Missing a Javadoc comment. [MissingJavadocMethod]
[ant:checkstyle] [WARN] /app/src/main/java/com/mgz/afp/bcoca/BDA_BarCodeData.java:509:25: Abbreviation in name 'decodeAFP' must contain no more than '1' consecutive capital letters. [AbbreviationAsWordInName]
[ant:checkstyle] [WARN] /app/src/main/java/com/mgz/afp/bcoca/BDA_BarCodeData.java:511: Line is longer than 100 characters (found 101). [LineLength]
[ant:checkstyle] [WARN] /app/src/main/java/com/mgz/afp/bcoca/BDA_BarCodeData.java:511:5: Missing a Javadoc comment. [MissingJavadocMethod]
[ant:checkstyle] [WARN] /app/src/main/java/com/mgz/afp/bcoca/BDA_BarCodeData.java:511:26: Abbreviation in name 'writeAFP' must contain no more than '1' consecutive capital letters. [AbbreviationAsWordInName]
[ant:checkstyle] [WARN] /app/src/main/java/com/mgz/afp/bcoca/BDA_BarCodeData.java:537:5: Missing a Javadoc comment. [MissingJavadocMethod]
[ant:checkstyle] [WARN] /app/src/main/java/com/mgz/afp/bcoca/BDA_BarCodeData.java:544:5: Missing a Javadoc comment. [MissingJavadocMethod]
[ant:checkstyle] [WARN] /app/src/main/java/com/mgz/afp/bcoca/BDA_BarCodeData.java:552:5: Missing a Javadoc comment. [MissingJavadocType]
[ant:checkstyle] [WARN] /app/src/main/java/com/mgz/afp/bcoca/BDA_BarCodeData.java:557:7: Missing a Javadoc comment. [MissingJavadocMethod]
[ant:checkstyle] [WARN] /app/src/main/java/com/mgz/afp/bcoca/BDA_BarCodeData.java:571:7: Missing a Javadoc comment. [MissingJavadocMethod]
[ant:checkstyle] [WARN] /app/src/main/java/com/mgz/afp/bcoca/BDA_BarCodeData.java:573:9: 'if' construct must use '{}'s. [NeedBraces]
[ant:checkstyle] [WARN] /app/src/main/java/com/mgz/afp/bcoca/BDA_BarCodeData.java:588:3: Missing a Javadoc comment. [MissingJavadocType]
[ant:checkstyle] [WARN] /app/src/main/java/com/mgz/afp/bcoca/BDA_BarCodeData.java:606: Line is longer than 100 characters (found 162). [LineLength]
[ant:checkstyle] [WARN] /app/src/main/java/com/mgz/afp/bcoca/BDA_BarCodeData.java:611: Line is longer than 100 characters (found 131). [LineLength]
[ant:checkstyle] [WARN] /app/src/main/java/com/mgz/afp/bcoca/BDA_BarCodeData.java:612: Line is longer than 100 characters (found 160). [LineLength]
[ant:checkstyle] [WARN] /app/src/main/java/com/mgz/afp/bcoca/BDA_BarCodeData.java:620: Line is longer than 100 characters (found 102). [LineLength]
[ant:checkstyle] [WARN] /app/src/main/java/com/mgz/afp/bcoca/BDA_BarCodeData.java:622: Line is longer than 100 characters (found 131). [LineLength]
[ant:checkstyle] [WARN] /app/src/main/java/com/mgz/afp/bcoca/BDA_BarCodeData.java:627:80: '&&' should be on a new line. [OperatorWrap]
[ant:checkstyle] [WARN] /app/src/main/java/com/mgz/afp/bcoca/BDA_BarCodeData.java:629: Line is longer than 100 characters (found 179). [LineLength]
[ant:checkstyle] [WARN] /app/src/main/java/com/mgz/afp/bcoca/BDA_BarCodeData.java:639: Line is longer than 100 characters (found 104). [LineLength]
[ant:checkstyle] [WARN] /app/src/main/java/com/mgz/afp/bcoca/BDA_BarCodeData.java:642: Line is longer than 100 characters (found 118). [LineLength]
[ant:checkstyle] [WARN] /app/src/main/java/com/mgz/afp/bcoca/BDA_BarCodeData.java:645: Line is longer than 100 characters (found 119). [LineLength]
[ant:checkstyle] [WARN] /app/src/main/java/com/mgz/afp/bcoca/BDA_BarCodeData.java:648: Line is longer than 100 characters (found 108). [LineLength]
[ant:checkstyle] [WARN] /app/src/main/java/com/mgz/afp/bcoca/BDA_BarCodeData.java:657: Line is longer than 100 characters (found 182). [LineLength]
[ant:checkstyle] [WARN] /app/src/main/java/com/mgz/afp/bcoca/BDA_BarCodeData.java:709:5: Missing a Javadoc comment. [MissingJavadocType]
[ant:checkstyle] [WARN] /app/src/main/java/com/mgz/afp/bcoca/BDA_BarCodeData.java:714:7: Missing a Javadoc comment. [MissingJavadocMethod]
[ant:checkstyle] [WARN] /app/src/main/java/com/mgz/afp/bcoca/BDA_BarCodeData.java:728:7: Missing a Javadoc comment. [MissingJavadocMethod]
[ant:checkstyle] [WARN] /app/src/main/java/com/mgz/afp/bcoca/BDA_BarCodeData.java:730:9: 'if' construct must use '{}'s. [NeedBraces]
[ant:checkstyle] [WARN] /app/src/main/java/com/mgz/afp/bcoca/BDA_BarCodeData.java:745:3: Missing a Javadoc comment. [MissingJavadocType]
[ant:checkstyle] [WARN] /app/src/main/java/com/mgz/afp/bcoca/BDA_BarCodeData.java:748:11: Abbreviation in name 'fileIDFirstByte' must contain no more than '1' consecutive capital letters. [AbbreviationAsWordInName]
[ant:checkstyle] [WARN] /app/src/main/java/com/mgz/afp/bcoca/BDA_BarCodeData.java:749:11: Abbreviation in name 'fileIDSecondByte' must contain no more than '1' consecutive capital letters. [AbbreviationAsWordInName]
[ant:checkstyle] [WARN] /app/src/main/java/com/mgz/afp/bcoca/BDA_BarCodeData.java:766: Line is longer than 100 characters (found 105). [LineLength]
[ant:checkstyle] [WARN] /app/src/main/java/com/mgz/afp/bcoca/BDA_BarCodeData.java:769: Line is longer than 100 characters (found 119). [LineLength]
[ant:checkstyle] [WARN] /app/src/main/java/com/mgz/afp/bcoca/BDA_BarCodeData.java:772: Line is longer than 100 characters (found 120). [LineLength]
[ant:checkstyle] [WARN] /app/src/main/java/com/mgz/afp/bcoca/BDA_BarCodeData.java:775: Line is longer than 100 characters (found 109). [LineLength]
[ant:checkstyle] [WARN] /app/src/main/java/com/mgz/afp/bcoca/BDA_BarCodeData.java:785: Line is longer than 100 characters (found 111). [LineLength]
[ant:checkstyle] [WARN] /app/src/main/java/com/mgz/afp/bcoca/BDA_BarCodeData.java:786: Line is longer than 100 characters (found 116). [LineLength]
[ant:checkstyle] [WARN] /app/src/main/java/com/mgz/afp/bcoca/BDA_BarCodeData.java:790: Line is longer than 100 characters (found 109). [LineLength]
[ant:checkstyle] [WARN] /app/src/main/java/com/mgz/afp/bcoca/BDA_BarCodeData.java:793: Line is longer than 100 characters (found 101). [LineLength]
[ant:checkstyle] [WARN] /app/src/main/java/com/mgz/afp/bcoca/BDA_BarCodeData.java:793:15: Abbreviation in name 'isGS1' must contain no more than '1' consecutive capital letters. [AbbreviationAsWordInName]
[ant:checkstyle] [WARN] /app/src/main/java/com/mgz/afp/bcoca/BDA_BarCodeData.java:794: Line is longer than 100 characters (found 111). [LineLength]
[ant:checkstyle] [WARN] /app/src/main/java/com/mgz/afp/bcoca/BDA_BarCodeData.java:795:15: Abbreviation in name 'isRP' must contain no more than '1' consecutive capital letters. [AbbreviationAsWordInName]
[ant:checkstyle] [WARN] /app/src/main/java/com/mgz/afp/bcoca/BDA_BarCodeData.java:796: Line is longer than 100 characters (found 101). [LineLength]
[ant:checkstyle] [WARN] /app/src/main/java/com/mgz/afp/bcoca/BDA_BarCodeData.java:796:100: '||' should be on a new line. [OperatorWrap]
[ant:checkstyle] [WARN] /app/src/main/java/com/mgz/afp/bcoca/BDA_BarCodeData.java:798:15: Abbreviation in name 'isSA' must contain no more than '1' consecutive capital letters. [AbbreviationAsWordInName]
[ant:checkstyle] [WARN] /app/src/main/java/com/mgz/afp/bcoca/BDA_BarCodeData.java:802: Line is longer than 100 characters (found 138). [LineLength]
[ant:checkstyle] [WARN] /app/src/main/java/com/mgz/afp/bcoca/BDA_BarCodeData.java:806: Line is longer than 100 characters (found 144). [LineLength]
[ant:checkstyle] [WARN] /app/src/main/java/com/mgz/afp/bcoca/BDA_BarCodeData.java:810: Line is longer than 100 characters (found 144). [LineLength]
[ant:checkstyle] [WARN] /app/src/main/java/com/mgz/afp/bcoca/BDA_BarCodeData.java:814: Line is longer than 100 characters (found 144). [LineLength]
[ant:checkstyle] [WARN] /app/src/main/java/com/mgz/afp/bcoca/BDA_BarCodeData.java:818: Line is longer than 100 characters (found 144). [LineLength]
[ant:checkstyle] [WARN] /app/src/main/java/com/mgz/afp/bcoca/BDA_BarCodeData.java:852:18: Abbreviation in name 'getFileIDFirstByte' must contain no more than '1' consecutive capital letters. [AbbreviationAsWordInName]
[ant:checkstyle] [WARN] /app/src/main/java/com/mgz/afp/bcoca/BDA_BarCodeData.java:856:17: Abbreviation in name 'setFileIDFirstByte' must contain no more than '1' consecutive capital letters. [AbbreviationAsWordInName]
[ant:checkstyle] [WARN] /app/src/main/java/com/mgz/afp/bcoca/BDA_BarCodeData.java:856:42: Abbreviation in name 'fileIDFirstByte' must contain no more than '1' consecutive capital letters. [AbbreviationAsWordInName]
[ant:checkstyle] [WARN] /app/src/main/java/com/mgz/afp/bcoca/BDA_BarCodeData.java:860:18: Abbreviation in name 'getFileIDSecondByte' must contain no more than '1' consecutive capital letters. [AbbreviationAsWordInName]
[ant:checkstyle] [WARN] /app/src/main/java/com/mgz/afp/bcoca/BDA_BarCodeData.java:864:17: Abbreviation in name 'setFileIDSecondByte' must contain no more than '1' consecutive capital letters. [AbbreviationAsWordInName]
[ant:checkstyle] [WARN] /app/src/main/java/com/mgz/afp/bcoca/BDA_BarCodeData.java:864:43: Abbreviation in name 'fileIDSecondByte' must contain no more than '1' consecutive capital letters. [AbbreviationAsWordInName]
[ant:checkstyle] [WARN] /app/src/main/java/com/mgz/afp/bcoca/BDA_BarCodeData.java:911:5: Missing a Javadoc comment. [MissingJavadocMethod]
[ant:checkstyle] [WARN] /app/src/main/java/com/mgz/afp/bcoca/BDA_BarCodeData.java:919:5: Missing a Javadoc comment. [MissingJavadocType]
[ant:checkstyle] [WARN] /app/src/main/java/com/mgz/afp/bcoca/BDA_BarCodeData.java:933:7: Missing a Javadoc comment. [MissingJavadocMethod]
[ant:checkstyle] [WARN] /app/src/main/java/com/mgz/afp/bcoca/BDA_BarCodeData.java:974:7: Missing a Javadoc comment. [MissingJavadocMethod]
[ant:checkstyle] [WARN] /app/src/main/java/com/mgz/afp/bcoca/BDA_BarCodeData.java:1010:3: Missing a Javadoc comment. [MissingJavadocType]
[ant:checkstyle] [WARN] /app/src/main/java/com/mgz/afp/bcoca/BDA_BarCodeData.java:1010:23: Type name 'ParametersDataMaxiCode_2D' must match pattern '^[A-Z][a-zA-Z0-9]*(?:[0-9](?:_[0-9]+)*)?$'. [TypeName]
[ant:checkstyle] [WARN] /app/src/main/java/com/mgz/afp/bcoca/BDA_BarCodeData.java:1021: Line is longer than 100 characters (found 138). [LineLength]
[ant:checkstyle] [WARN] /app/src/main/java/com/mgz/afp/bcoca/BDA_BarCodeData.java:1031: Line is longer than 100 characters (found 102). [LineLength]
[ant:checkstyle] [WARN] /app/src/main/java/com/mgz/afp/bcoca/BDA_BarCodeData.java:1034: Line is longer than 100 characters (found 116). [LineLength]
[ant:checkstyle] [WARN] /app/src/main/java/com/mgz/afp/bcoca/BDA_BarCodeData.java:1037: Line is longer than 100 characters (found 117). [LineLength]
[ant:checkstyle] [WARN] /app/src/main/java/com/mgz/afp/bcoca/BDA_BarCodeData.java:1040: Line is longer than 100 characters (found 106). [LineLength]
[ant:checkstyle] [WARN] /app/src/main/java/com/mgz/afp/bcoca/BDA_BarCodeData.java:1058:5: Missing a Javadoc comment. [MissingJavadocType]
[ant:checkstyle] [WARN] /app/src/main/java/com/mgz/afp/bcoca/BDA_BarCodeData.java:1061:7: Missing a Javadoc comment. [MissingJavadocMethod]
[ant:checkstyle] [WARN] /app/src/main/java/com/mgz/afp/bcoca/BDA_BarCodeData.java:1076:7: Missing a Javadoc comment. [MissingJavadocMethod]
[ant:checkstyle] [WARN] /app/src/main/java/com/mgz/afp/bcoca/BDA_BarCodeData.java:1093:5: Missing a Javadoc comment. [MissingJavadocType]
[ant:checkstyle] [WARN] /app/src/main/java/com/mgz/afp/bcoca/BDA_BarCodeData.java:1097:7: Missing a Javadoc comment. [MissingJavadocMethod]
[ant:checkstyle] [WARN] /app/src/main/java/com/mgz/afp/bcoca/BDA_BarCodeData.java:1105:7: Missing a Javadoc comment. [MissingJavadocMethod]
[ant:checkstyle] [WARN] /app/src/main/java/com/mgz/afp/bcoca/BDA_BarCodeData.java:1115:3: Missing a Javadoc comment. [MissingJavadocType]
[ant:checkstyle] [WARN] /app/src/main/java/com/mgz/afp/bcoca/BDA_BarCodeData.java:1115:23: Abbreviation in name 'ParametersDataPDF417_2D' must contain no more than '1' consecutive capital letters. [AbbreviationAsWordInName]
[ant:checkstyle] [WARN] /app/src/main/java/com/mgz/afp/bcoca/BDA_BarCodeData.java:1115:23: Type name 'ParametersDataPDF417_2D' must match pattern '^[A-Z][a-zA-Z0-9]*(?:[0-9](?:_[0-9]+)*)?$'. [TypeName]
[ant:checkstyle] [WARN] /app/src/main/java/com/mgz/afp/bcoca/BDA_BarCodeData.java:1119:18: Abbreviation in name 'lengthOfMacroPDF417ControlBlock' must contain no more than '1' consecutive capital letters. [AbbreviationAsWordInName]
[ant:checkstyle] [WARN] /app/src/main/java/com/mgz/afp/bcoca/BDA_BarCodeData.java:1120:19: Abbreviation in name 'macroPDF417ControlBlock' must contain no more than '1' consecutive capital letters. [AbbreviationAsWordInName]
[ant:checkstyle] [WARN] /app/src/main/java/com/mgz/afp/bcoca/BDA_BarCodeData.java:1130: Line is longer than 100 characters (found 166). [LineLength]
[ant:checkstyle] [WARN] /app/src/main/java/com/mgz/afp/bcoca/BDA_BarCodeData.java:1135: Line is longer than 100 characters (found 123). [LineLength]
[ant:checkstyle] [WARN] /app/src/main/java/com/mgz/afp/bcoca/BDA_BarCodeData.java:1136: Line is longer than 100 characters (found 147). [LineLength]
[ant:checkstyle] [WARN] /app/src/main/java/com/mgz/afp/bcoca/BDA_BarCodeData.java:1142: Line is longer than 100 characters (found 139). [LineLength]
[ant:checkstyle] [WARN] /app/src/main/java/com/mgz/afp/bcoca/BDA_BarCodeData.java:1148: Line is longer than 100 characters (found 115). [LineLength]
[ant:checkstyle] [WARN] /app/src/main/java/com/mgz/afp/bcoca/BDA_BarCodeData.java:1154: Line is longer than 100 characters (found 115). [LineLength]
[ant:checkstyle] [WARN] /app/src/main/java/com/mgz/afp/bcoca/BDA_BarCodeData.java:1170:3: Missing a Javadoc comment. [MissingJavadocType]
[ant:checkstyle] [WARN] /app/src/main/java/com/mgz/afp/bcoca/BDA_BarCodeData.java:1170:23: Abbreviation in name 'ParametersDataQRCode_2D' must contain no more than '1' consecutive capital letters. [AbbreviationAsWordInName]
[ant:checkstyle] [WARN] /app/src/main/java/com/mgz/afp/bcoca/BDA_BarCodeData.java:1170:23: Type name 'ParametersDataQRCode_2D' must match pattern '^[A-Z][a-zA-Z0-9]*(?:[0-9](?:_[0-9]+)*)?$'. [TypeName]
[ant:checkstyle] [WARN] /app/src/main/java/com/mgz/afp/bcoca/BDA_BarCodeData.java:1183: Line is longer than 100 characters (found 103). [LineLength]
[ant:checkstyle] [WARN] /app/src/main/java/com/mgz/afp/bcoca/BDA_BarCodeData.java:1183:5: Missing a Javadoc comment. [MissingJavadocMethod]
[ant:checkstyle] [WARN] /app/src/main/java/com/mgz/afp/bcoca/BDA_BarCodeData.java:1183:19: Abbreviation in name 'decodeCommonQRCode' must contain no more than '1' consecutive capital letters. [AbbreviationAsWordInName]
[ant:checkstyle] [WARN] /app/src/main/java/com/mgz/afp/bcoca/BDA_BarCodeData.java:1188: Line is longer than 100 characters (found 120). [LineLength]
[ant:checkstyle] [WARN] /app/src/main/java/com/mgz/afp/bcoca/BDA_BarCodeData.java:1193: Line is longer than 100 characters (found 125). [LineLength]
[ant:checkstyle] [WARN] /app/src/main/java/com/mgz/afp/bcoca/BDA_BarCodeData.java:1205: Line is longer than 100 characters (found 101). [LineLength]
[ant:checkstyle] [WARN] /app/src/main/java/com/mgz/afp/bcoca/BDA_BarCodeData.java:1208: Line is longer than 100 characters (found 115). [LineLength]
[ant:checkstyle] [WARN] /app/src/main/java/com/mgz/afp/bcoca/BDA_BarCodeData.java:1211: Line is longer than 100 characters (found 116). [LineLength]
[ant:checkstyle] [WARN] /app/src/main/java/com/mgz/afp/bcoca/BDA_BarCodeData.java:1214: Line is longer than 100 characters (found 105). [LineLength]
[ant:checkstyle] [WARN] /app/src/main/java/com/mgz/afp/bcoca/BDA_BarCodeData.java:1220: Line is longer than 100 characters (found 121). [LineLength]
[ant:checkstyle] [WARN] /app/src/main/java/com/mgz/afp/bcoca/BDA_BarCodeData.java:1224:87: '&&' should be on a new line. [OperatorWrap]
[ant:checkstyle] [WARN] /app/src/main/java/com/mgz/afp/bcoca/BDA_BarCodeData.java:1226: Line is longer than 100 characters (found 175). [LineLength]
[ant:checkstyle] [WARN] /app/src/main/java/com/mgz/afp/bcoca/BDA_BarCodeData.java:1236:5: Missing a Javadoc comment. [MissingJavadocMethod]
[ant:checkstyle] [WARN] /app/src/main/java/com/mgz/afp/bcoca/BDA_BarCodeData.java:1236:20: Abbreviation in name 'writeCommonQRCode' must contain no more than '1' consecutive capital letters. [AbbreviationAsWordInName]
[ant:checkstyle] [WARN] /app/src/main/java/com/mgz/afp/bcoca/BDA_BarCodeData.java:1248:5: Missing a Javadoc comment. [MissingJavadocType]
[ant:checkstyle] [WARN] /app/src/main/java/com/mgz/afp/bcoca/BDA_BarCodeData.java:1265:7: Missing a Javadoc comment. [MissingJavadocMethod]
[ant:checkstyle] [WARN] /app/src/main/java/com/mgz/afp/bcoca/BDA_BarCodeData.java:1274:7: Missing a Javadoc comment. [MissingJavadocMethod]
[ant:checkstyle] [WARN] /app/src/main/java/com/mgz/afp/bcoca/BDA_BarCodeData.java:1279:5: Missing a Javadoc comment. [MissingJavadocType]
[ant:checkstyle] [WARN] /app/src/main/java/com/mgz/afp/bcoca/BDA_BarCodeData.java:1282:7: Missing a Javadoc comment. [MissingJavadocMethod]
[ant:checkstyle] [WARN] /app/src/main/java/com/mgz/afp/bcoca/BDA_BarCodeData.java:1291:7: Missing a Javadoc comment. [MissingJavadocMethod]
[ant:checkstyle] [WARN] /app/src/main/java/com/mgz/afp/bcoca/BDA_BarCodeData.java:1296:5: Missing a Javadoc comment. [MissingJavadocType]
[ant:checkstyle] [WARN] /app/src/main/java/com/mgz/afp/bcoca/BDA_BarCodeData.java:1296:17: Abbreviation in name 'QRCodeSpecialFunctionFlag' must contain no more than '1' consecutive capital letters. [AbbreviationAsWordInName]
[ant:checkstyle] [WARN] /app/src/main/java/com/mgz/afp/bcoca/BDA_BarCodeData.java:1300:7: Missing a Javadoc comment. [MissingJavadocMethod]
[ant:checkstyle] [WARN] /app/src/main/java/com/mgz/afp/bcoca/BDA_BarCodeData.java:1311:7: Missing a Javadoc comment. [MissingJavadocMethod]
[ant:checkstyle] [WARN] /app/src/main/java/com/mgz/afp/bcoca/BDA_BarCodeData.java:1313:9: 'if' construct must use '{}'s. [NeedBraces]
[ant:checkstyle] [WARN] /app/src/main/java/com/mgz/afp/bcoca/BDA_BarCodeData.java:1325:3: Missing a Javadoc comment. [MissingJavadocType]
[ant:checkstyle] [WARN] /app/src/main/java/com/mgz/afp/bcoca/BDA_BarCodeData.java:1325:23: Abbreviation in name 'ParametersDataQRCodeWithImage' must contain no more than '1' consecutive capital letters. [AbbreviationAsWordInName]
[ant:checkstyle] [WARN] /app/src/main/java/com/mgz/afp/bcoca/BDA_BarCodeData.java:1328: Line is longer than 100 characters (found 102). [LineLength]
[ant:checkstyle] [WARN] /app/src/main/java/com/mgz/afp/bcoca/BDA_BarCodeData.java:1341: Line is longer than 100 characters (found 101). [LineLength]
[ant:checkstyle] [WARN] /app/src/main/java/com/mgz/afp/bcoca/BDA_BarCodeData.java:1360:5: Missing a Javadoc comment. [MissingJavadocType]
[ant:checkstyle] [WARN] /app/src/main/java/com/mgz/afp/bcoca/BDA_BarCodeData.java:1360:17: Abbreviation in name 'QRCodeWithImageFlag' must contain no more than '1' consecutive capital letters. [AbbreviationAsWordInName]
[ant:checkstyle] [WARN] /app/src/main/java/com/mgz/afp/bcoca/BDA_BarCodeData.java:1364:7: Missing a Javadoc comment. [MissingJavadocMethod]
[ant:checkstyle] [WARN] /app/src/main/java/com/mgz/afp/bcoca/BDA_BarCodeData.java:1375:7: Missing a Javadoc comment. [MissingJavadocMethod]
[ant:checkstyle] [WARN] /app/src/main/java/com/mgz/afp/bcoca/BDA_BarCodeData.java:1377:9: 'if' construct must use '{}'s. [NeedBraces]
[ant:checkstyle] [WARN] /app/src/main/java/com/mgz/afp/bcoca/BDA_BarCodeData.java:1388:5: Missing a Javadoc comment. [MissingJavadocType]
[ant:checkstyle] [WARN] /app/src/main/java/com/mgz/afp/bcoca/BDA_BarCodeData.java:1393:20: Non-constant field name 'xOffset' must start lowercase, be at least 2 chars, avoid single lowercase letter followed by uppercase, contain only letters, digits or underscores, with underscores allowed only between adjacent digits. [GoogleNonConstantFieldName]
[ant:checkstyle] [WARN] /app/src/main/java/com/mgz/afp/bcoca/BDA_BarCodeData.java:1394:20: Non-constant field name 'yOffset' must start lowercase, be at least 2 chars, avoid single lowercase letter followed by uppercase, contain only letters, digits or underscores, with underscores allowed only between adjacent digits. [GoogleNonConstantFieldName]
[ant:checkstyle] [WARN] /app/src/main/java/com/mgz/afp/bcoca/BDA_BarCodeData.java:1399:20: Non-constant field name 'xExtent' must start lowercase, be at least 2 chars, avoid single lowercase letter followed by uppercase, contain only letters, digits or underscores, with underscores allowed only between adjacent digits. [GoogleNonConstantFieldName]
[ant:checkstyle] [WARN] /app/src/main/java/com/mgz/afp/bcoca/BDA_BarCodeData.java:1400:20: Non-constant field name 'yExtent' must start lowercase, be at least 2 chars, avoid single lowercase letter followed by uppercase, contain only letters, digits or underscores, with underscores allowed only between adjacent digits. [GoogleNonConstantFieldName]
[ant:checkstyle] [WARN] /app/src/main/java/com/mgz/afp/bcoca/BDA_BarCodeData.java:1404:7: Missing a Javadoc comment. [MissingJavadocMethod]
[ant:checkstyle] [WARN] /app/src/main/java/com/mgz/afp/bcoca/BDA_BarCodeData.java:1430:7: Missing a Javadoc comment. [MissingJavadocMethod]
[ant:checkstyle] [WARN] /app/src/main/java/com/mgz/afp/bcoca/BBC_BeginBarCodeObject.java:27:14: Abbreviation in name 'BBC_BeginBarCodeObject' must contain no more than '1' consecutive capital letters. [AbbreviationAsWordInName]
[ant:checkstyle] [WARN] /app/src/main/java/com/mgz/afp/bcoca/BBC_BeginBarCodeObject.java:27:14: Type name 'BBC_BeginBarCodeObject' must match pattern '^[A-Z][a-zA-Z0-9]*(?:[0-9](?:_[0-9]+)*)?$'. [TypeName]
[ant:checkstyle] [WARN] /app/src/main/java/com/mgz/afp/bcoca/EBC_EndBarCodeObject.java:24:1: Missing a Javadoc comment. [MissingJavadocType]
[ant:checkstyle] [WARN] /app/src/main/java/com/mgz/afp/bcoca/EBC_EndBarCodeObject.java:24:14: Abbreviation in name 'EBC_EndBarCodeObject' must contain no more than '1' consecutive capital letters. [AbbreviationAsWordInName]
[ant:checkstyle] [WARN] /app/src/main/java/com/mgz/afp/bcoca/EBC_EndBarCodeObject.java:24:14: Type name 'EBC_EndBarCodeObject' must match pattern '^[A-Z][a-zA-Z0-9]*(?:[0-9](?:_[0-9]+)*)?$'. [TypeName]
[ant:checkstyle] [WARN] /app/src/main/java/com/mgz/afp/moca/MetadataObject.java:33:1: Wrong lexicographical order for 'com.fasterxml.jackson.dataformat.xml.annotation.JacksonXmlProperty' import. Should be before 'javax.xml.parsers.DocumentBuilderFactory'. [CustomImportOrder]
[ant:checkstyle] [WARN] /app/src/main/java/com/mgz/afp/moca/MetadataObject.java:65:3: Missing a Javadoc comment. [MissingJavadocMethod]
[ant:checkstyle] [WARN] /app/src/main/java/com/mgz/afp/moca/MetadataObject.java:69:3: Missing a Javadoc comment. [MissingJavadocMethod]
[ant:checkstyle] [WARN] /app/src/main/java/com/mgz/afp/moca/MetadataObject.java:72: Line is longer than 100 characters (found 131). [LineLength]
[ant:checkstyle] [WARN] /app/src/main/java/com/mgz/afp/moca/MetadataObject.java:77: Line is longer than 100 characters (found 106). [LineLength]
[ant:checkstyle] [WARN] /app/src/main/java/com/mgz/afp/moca/MetadataObject.java:83: Line is longer than 100 characters (found 134). [LineLength]
[ant:checkstyle] [WARN] /app/src/main/java/com/mgz/afp/moca/MetadataObject.java:90: Line is longer than 100 characters (found 131). [LineLength]
[ant:checkstyle] [WARN] /app/src/main/java/com/mgz/afp/moca/MetadataObject.java:97: Line is longer than 100 characters (found 135). [LineLength]
[ant:checkstyle] [WARN] /app/src/main/java/com/mgz/afp/moca/MetadataObject.java:104: Line is longer than 100 characters (found 145). [LineLength]
[ant:checkstyle] [WARN] /app/src/main/java/com/mgz/afp/moca/MetadataObject.java:112: Line is longer than 100 characters (found 138). [LineLength]
[ant:checkstyle] [WARN] /app/src/main/java/com/mgz/afp/moca/MetadataObject.java:119: Line is longer than 100 characters (found 130). [LineLength]
[ant:checkstyle] [WARN] /app/src/main/java/com/mgz/afp/moca/MetadataObject.java:129: Line is longer than 100 characters (found 104). [LineLength]
[ant:checkstyle] [WARN] /app/src/main/java/com/mgz/afp/moca/MetadataObject.java:162: Line is longer than 100 characters (found 109). [LineLength]
[ant:checkstyle] [WARN] /app/src/main/java/com/mgz/afp/moca/MetadataObject.java:165: Line is longer than 100 characters (found 114). [LineLength]
[ant:checkstyle] [WARN] /app/src/main/java/com/mgz/afp/moca/MetadataObject.java:169: Line is longer than 100 characters (found 156). [LineLength]
[ant:checkstyle] [WARN] /app/src/main/java/com/mgz/afp/moca/MetadataObject.java:258:3: Missing a Javadoc comment. [MissingJavadocMethod]
[ant:checkstyle] [WARN] /app/src/main/java/com/mgz/afp/writer/AFPWriterHumanReadable.java:26:1: Extra separation in import group before 'java.lang.reflect.Array' [CustomImportOrder]
[ant:checkstyle] [WARN] /app/src/main/java/com/mgz/afp/writer/AFPWriterHumanReadable.java:38:14: Abbreviation in name 'AFPWriterHumanReadable' must contain no more than '1' consecutive capital letters. [AbbreviationAsWordInName]
[ant:checkstyle] [WARN] /app/src/main/java/com/mgz/afp/writer/AFPWriterHumanReadable.java:57:18: Abbreviation in name 'annotationAFPField' must contain no more than '1' consecutive capital letters. [AbbreviationAsWordInName]
[ant:checkstyle] [WARN] /app/src/main/java/com/mgz/afp/writer/AFPWriterHumanReadable.java:71: Line is longer than 100 characters (found 105). [LineLength]
[ant:checkstyle] [WARN] /app/src/main/java/com/mgz/afp/writer/AFPWriterHumanReadable.java:100: Line is longer than 100 characters (found 105). [LineLength]
[ant:checkstyle] [WARN] /app/src/main/java/com/mgz/afp/writer/AFPWriterHumanReadable.java:101: Line is longer than 100 characters (found 102). [LineLength]
[ant:checkstyle] [WARN] /app/src/main/java/com/mgz/afp/writer/IAFPWriter.java:27:18: Abbreviation in name 'IAFPWriter' must contain no more than '1' consecutive capital letters. [AbbreviationAsWordInName]
[ant:checkstyle] [WARN] /app/src/main/java/com/mgz/afp/writer/IAFPWriter.java:34:10: Abbreviation in name 'writeSF' must contain no more than '1' consecutive capital letters. [AbbreviationAsWordInName]
[ant:checkstyle] [WARN] /app/src/main/java/com/mgz/afp/ptoca/PTX_PresentationTextData.java:29:1: Extra separation in import group before 'com.fasterxml.jackson.annotation.JsonIgnore' [CustomImportOrder]
[ant:checkstyle] [WARN] /app/src/main/java/com/mgz/afp/ptoca/PTX_PresentationTextData.java:29:1: Wrong lexicographical order for 'com.fasterxml.jackson.annotation.JsonIgnore' import. Should be before 'com.mgz.afp.ptoca.controlSequence.PTOCAControlSequence'. [CustomImportOrder]
[ant:checkstyle] [WARN] /app/src/main/java/com/mgz/afp/ptoca/PTX_PresentationTextData.java:30:1: Wrong lexicographical order for 'com.fasterxml.jackson.dataformat.xml.annotation.JacksonXmlElementWrapper' import. Should be before 'com.mgz.afp.ptoca.controlSequence.PTOCAControlSequence'. [CustomImportOrder]
[ant:checkstyle] [WARN] /app/src/main/java/com/mgz/afp/ptoca/PTX_PresentationTextData.java:31:1: Wrong lexicographical order for 'com.fasterxml.jackson.dataformat.xml.annotation.JacksonXmlProperty' import. Should be before 'com.mgz.afp.ptoca.controlSequence.PTOCAControlSequence'. [CustomImportOrder]
[ant:checkstyle] [WARN] /app/src/main/java/com/mgz/afp/ptoca/PTX_PresentationTextData.java:38:1: Missing a Javadoc comment. [MissingJavadocType]
[ant:checkstyle] [WARN] /app/src/main/java/com/mgz/afp/ptoca/PTX_PresentationTextData.java:38:14: Abbreviation in name 'PTX_PresentationTextData' must contain no more than '1' consecutive capital letters. [AbbreviationAsWordInName]
[ant:checkstyle] [WARN] /app/src/main/java/com/mgz/afp/ptoca/PTX_PresentationTextData.java:38:14: Type name 'PTX_PresentationTextData' must match pattern '^[A-Z][a-zA-Z0-9]*(?:[0-9](?:_[0-9]+)*)?$'. [TypeName]
[ant:checkstyle] [WARN] /app/src/main/java/com/mgz/afp/ptoca/PTX_PresentationTextData.java:61: Line is longer than 100 characters (found 121). [LineLength]
[ant:checkstyle] [WARN] /app/src/main/java/com/mgz/afp/ptoca/PTX_PresentationTextData.java:67: Line is longer than 100 characters (found 112). [LineLength]
[ant:checkstyle] [WARN] /app/src/main/java/com/mgz/afp/ptoca/PTX_PresentationTextData.java:75: Line is longer than 100 characters (found 136). [LineLength]
[ant:checkstyle] [WARN] /app/src/main/java/com/mgz/afp/ptoca/PTX_PresentationTextData.java:96: Line is longer than 100 characters (found 147). [LineLength]
[ant:checkstyle] [WARN] /app/src/main/java/com/mgz/afp/ptoca/PTX_PresentationTextData.java:102: Line is longer than 100 characters (found 153). [LineLength]
[ant:checkstyle] [WARN] /app/src/main/java/com/mgz/afp/ptoca/PTX_PresentationTextData.java:122:3: Missing a Javadoc comment. [MissingJavadocMethod]
[ant:checkstyle] [WARN] /app/src/main/java/com/mgz/afp/ptoca/PTX_PresentationTextData.java:132:3: Missing a Javadoc comment. [MissingJavadocMethod]
[ant:checkstyle] [WARN] /app/src/main/java/com/mgz/afp/ptoca/PTD_PresentationTextDataDescriptor_Format1.java:28:1: Extra separation in import group before 'java.io.ByteArrayOutputStream' [CustomImportOrder]
[ant:checkstyle] [WARN] /app/src/main/java/com/mgz/afp/ptoca/PTD_PresentationTextDataDescriptor_Format1.java:37:14: Abbreviation in name 'PTD_PresentationTextDataDescriptor_Format1' must contain no more than '1' consecutive capital letters. [AbbreviationAsWordInName]
[ant:checkstyle] [WARN] /app/src/main/java/com/mgz/afp/ptoca/PTD_PresentationTextDataDescriptor_Format1.java:37:14: Type name 'PTD_PresentationTextDataDescriptor_Format1' must match pattern '^[A-Z][a-zA-Z0-9]*(?:[0-9](?:_[0-9]+)*)?$'. [TypeName]
[ant:checkstyle] [WARN] /app/src/main/java/com/mgz/afp/ptoca/PTD_PresentationTextDataDescriptor_Format1.java:38:15: Non-constant field name 'xUnitBase' must start lowercase, be at least 2 chars, avoid single lowercase letter followed by uppercase, contain only letters, digits or underscores, with underscores allowed only between adjacent digits. [GoogleNonConstantFieldName]
[ant:checkstyle] [WARN] /app/src/main/java/com/mgz/afp/ptoca/PTD_PresentationTextDataDescriptor_Format1.java:39:15: Non-constant field name 'yUnitBase' must start lowercase, be at least 2 chars, avoid single lowercase letter followed by uppercase, contain only letters, digits or underscores, with underscores allowed only between adjacent digits. [GoogleNonConstantFieldName]
[ant:checkstyle] [WARN] /app/src/main/java/com/mgz/afp/ptoca/PTD_PresentationTextDataDescriptor_Format1.java:40:9: Non-constant field name 'xUnitsPerUnitBase' must start lowercase, be at least 2 chars, avoid single lowercase letter followed by uppercase, contain only letters, digits or underscores, with underscores allowed only between adjacent digits. [GoogleNonConstantFieldName]
[ant:checkstyle] [WARN] /app/src/main/java/com/mgz/afp/ptoca/PTD_PresentationTextDataDescriptor_Format1.java:41:9: Non-constant field name 'yUnitsPerUnitBase' must start lowercase, be at least 2 chars, avoid single lowercase letter followed by uppercase, contain only letters, digits or underscores, with underscores allowed only between adjacent digits. [GoogleNonConstantFieldName]
[ant:checkstyle] [WARN] /app/src/main/java/com/mgz/afp/ptoca/PTD_PresentationTextDataDescriptor_Format1.java:42:9: Non-constant field name 'xSize' must start lowercase, be at least 2 chars, avoid single lowercase letter followed by uppercase, contain only letters, digits or underscores, with underscores allowed only between adjacent digits. [GoogleNonConstantFieldName]
[ant:checkstyle] [WARN] /app/src/main/java/com/mgz/afp/ptoca/PTD_PresentationTextDataDescriptor_Format1.java:43:9: Non-constant field name 'ySize' must start lowercase, be at least 2 chars, avoid single lowercase letter followed by uppercase, contain only letters, digits or underscores, with underscores allowed only between adjacent digits. [GoogleNonConstantFieldName]
[ant:checkstyle] [WARN] /app/src/main/java/com/mgz/afp/ptoca/PTD_PresentationTextDataDescriptor_Format1.java:47: Line is longer than 100 characters (found 121). [LineLength]
[ant:checkstyle] [WARN] /app/src/main/java/com/mgz/afp/ptoca/PTD_PresentationTextDataDescriptor_Format1.java:81:3: Missing a Javadoc comment. [MissingJavadocMethod]
[ant:checkstyle] [WARN] /app/src/main/java/com/mgz/afp/ptoca/PTD_PresentationTextDataDescriptor_Format1.java:85:3: Missing a Javadoc comment. [MissingJavadocMethod]
[ant:checkstyle] [WARN] /app/src/main/java/com/mgz/afp/ptoca/PTD_PresentationTextDataDescriptor_Format1.java:85:40: Parameter name 'xUnitBase' must match pattern '^[a-z]([a-z0-9][a-zA-Z0-9]*)?$'. [ParameterName]
[ant:checkstyle] [WARN] /app/src/main/java/com/mgz/afp/ptoca/PTD_PresentationTextDataDescriptor_Format1.java:89:3: Missing a Javadoc comment. [MissingJavadocMethod]
[ant:checkstyle] [WARN] /app/src/main/java/com/mgz/afp/ptoca/PTD_PresentationTextDataDescriptor_Format1.java:93:3: Missing a Javadoc comment. [MissingJavadocMethod]
[ant:checkstyle] [WARN] /app/src/main/java/com/mgz/afp/ptoca/PTD_PresentationTextDataDescriptor_Format1.java:93:40: Parameter name 'yUnitBase' must match pattern '^[a-z]([a-z0-9][a-zA-Z0-9]*)?$'. [ParameterName]
[ant:checkstyle] [WARN] /app/src/main/java/com/mgz/afp/ptoca/PTD_PresentationTextDataDescriptor_Format1.java:97:3: Missing a Javadoc comment. [MissingJavadocMethod]
[ant:checkstyle] [WARN] /app/src/main/java/com/mgz/afp/ptoca/PTD_PresentationTextDataDescriptor_Format1.java:101:3: Missing a Javadoc comment. [MissingJavadocMethod]
[ant:checkstyle] [WARN] /app/src/main/java/com/mgz/afp/ptoca/PTD_PresentationTextDataDescriptor_Format1.java:101:42: Parameter name 'xUnitsPerUnitBase' must match pattern '^[a-z]([a-z0-9][a-zA-Z0-9]*)?$'. [ParameterName]
[ant:checkstyle] [WARN] /app/src/main/java/com/mgz/afp/ptoca/PTD_PresentationTextDataDescriptor_Format1.java:105:3: Missing a Javadoc comment. [MissingJavadocMethod]
[ant:checkstyle] [WARN] /app/src/main/java/com/mgz/afp/ptoca/PTD_PresentationTextDataDescriptor_Format1.java:109:3: Missing a Javadoc comment. [MissingJavadocMethod]
[ant:checkstyle] [WARN] /app/src/main/java/com/mgz/afp/ptoca/PTD_PresentationTextDataDescriptor_Format1.java:109:42: Parameter name 'yUnitsPerUnitBase' must match pattern '^[a-z]([a-z0-9][a-zA-Z0-9]*)?$'. [ParameterName]
[ant:checkstyle] [WARN] /app/src/main/java/com/mgz/afp/ptoca/PTD_PresentationTextDataDescriptor_Format1.java:113:3: Missing a Javadoc comment. [MissingJavadocMethod]
[ant:checkstyle] [WARN] /app/src/main/java/com/mgz/afp/ptoca/PTD_PresentationTextDataDescriptor_Format1.java:117:3: Missing a Javadoc comment. [MissingJavadocMethod]
[ant:checkstyle] [WARN] /app/src/main/java/com/mgz/afp/ptoca/PTD_PresentationTextDataDescriptor_Format1.java:117:30: Parameter name 'xSize' must match pattern '^[a-z]([a-z0-9][a-zA-Z0-9]*)?$'. [ParameterName]
[ant:checkstyle] [WARN] /app/src/main/java/com/mgz/afp/ptoca/PTD_PresentationTextDataDescriptor_Format1.java:121:3: Missing a Javadoc comment. [MissingJavadocMethod]
[ant:checkstyle] [WARN] /app/src/main/java/com/mgz/afp/ptoca/PTD_PresentationTextDataDescriptor_Format1.java:125:3: Missing a Javadoc comment. [MissingJavadocMethod]
[ant:checkstyle] [WARN] /app/src/main/java/com/mgz/afp/ptoca/PTD_PresentationTextDataDescriptor_Format1.java:125:30: Parameter name 'ySize' must match pattern '^[a-z]([a-z0-9][a-zA-Z0-9]*)?$'. [ParameterName]
[ant:checkstyle] [WARN] /app/src/main/java/com/mgz/afp/ptoca/PTD_PresentationTextDataDescriptor_Format1.java:133:39: Parameter name 'reserved10_11' must match pattern '^[a-z]([a-z0-9][a-zA-Z0-9]*)?$'. [ParameterName]
[ant:checkstyle] [WARN] /app/src/main/java/com/mgz/afp/ptoca/BPT_BeginPresentationTextObject.java:24:1: Missing a Javadoc comment. [MissingJavadocType]
[ant:checkstyle] [WARN] /app/src/main/java/com/mgz/afp/ptoca/BPT_BeginPresentationTextObject.java:24:14: Abbreviation in name 'BPT_BeginPresentationTextObject' must contain no more than '1' consecutive capital letters. [AbbreviationAsWordInName]
[ant:checkstyle] [WARN] /app/src/main/java/com/mgz/afp/ptoca/BPT_BeginPresentationTextObject.java:24:14: Type name 'BPT_BeginPresentationTextObject' must match pattern '^[A-Z][a-zA-Z0-9]*(?:[0-9](?:_[0-9]+)*)?$'. [TypeName]
[ant:checkstyle] [WARN] /app/src/main/java/com/mgz/afp/ptoca/EPT_EndPresentationTextObject.java:24:1: Missing a Javadoc comment. [MissingJavadocType]
[ant:checkstyle] [WARN] /app/src/main/java/com/mgz/afp/ptoca/EPT_EndPresentationTextObject.java:24:14: Abbreviation in name 'EPT_EndPresentationTextObject' must contain no more than '1' consecutive capital letters. [AbbreviationAsWordInName]
[ant:checkstyle] [WARN] /app/src/main/java/com/mgz/afp/ptoca/EPT_EndPresentationTextObject.java:24:14: Type name 'EPT_EndPresentationTextObject' must match pattern '^[A-Z][a-zA-Z0-9]*(?:[0-9](?:_[0-9]+)*)?$'. [TypeName]
[ant:checkstyle] [WARN] /app/src/main/java/com/mgz/afp/ptoca/PTD_PresentationTextDataDescriptor_Format2.java:30:1: Extra separation in import group before 'java.io.ByteArrayOutputStream' [CustomImportOrder]
[ant:checkstyle] [WARN] /app/src/main/java/com/mgz/afp/ptoca/PTD_PresentationTextDataDescriptor_Format2.java:36:1: Missing a Javadoc comment. [MissingJavadocType]
[ant:checkstyle] [WARN] /app/src/main/java/com/mgz/afp/ptoca/PTD_PresentationTextDataDescriptor_Format2.java:36:14: Abbreviation in name 'PTD_PresentationTextDataDescriptor_Format2' must contain no more than '1' consecutive capital letters. [AbbreviationAsWordInName]
[ant:checkstyle] [WARN] /app/src/main/java/com/mgz/afp/ptoca/PTD_PresentationTextDataDescriptor_Format2.java:36:14: Type name 'PTD_PresentationTextDataDescriptor_Format2' must match pattern '^[A-Z][a-zA-Z0-9]*(?:[0-9](?:_[0-9]+)*)?$'. [TypeName]
[ant:checkstyle] [WARN] /app/src/main/java/com/mgz/afp/ptoca/PTD_PresentationTextDataDescriptor_Format2.java:37:15: Non-constant field name 'xUnitBase' must start lowercase, be at least 2 chars, avoid single lowercase letter followed by uppercase, contain only letters, digits or underscores, with underscores allowed only between adjacent digits. [GoogleNonConstantFieldName]
[ant:checkstyle] [WARN] /app/src/main/java/com/mgz/afp/ptoca/PTD_PresentationTextDataDescriptor_Format2.java:38:15: Non-constant field name 'yUnitBase' must start lowercase, be at least 2 chars, avoid single lowercase letter followed by uppercase, contain only letters, digits or underscores, with underscores allowed only between adjacent digits. [GoogleNonConstantFieldName]
[ant:checkstyle] [WARN] /app/src/main/java/com/mgz/afp/ptoca/PTD_PresentationTextDataDescriptor_Format2.java:39:9: Non-constant field name 'xUnitsPerUnitBase' must start lowercase, be at least 2 chars, avoid single lowercase letter followed by uppercase, contain only letters, digits or underscores, with underscores allowed only between adjacent digits. [GoogleNonConstantFieldName]
[ant:checkstyle] [WARN] /app/src/main/java/com/mgz/afp/ptoca/PTD_PresentationTextDataDescriptor_Format2.java:40:9: Non-constant field name 'yUnitsPerUnitBase' must start lowercase, be at least 2 chars, avoid single lowercase letter followed by uppercase, contain only letters, digits or underscores, with underscores allowed only between adjacent digits. [GoogleNonConstantFieldName]
[ant:checkstyle] [WARN] /app/src/main/java/com/mgz/afp/ptoca/PTD_PresentationTextDataDescriptor_Format2.java:41:7: Non-constant field name 'xSize' must start lowercase, be at least 2 chars, avoid single lowercase letter followed by uppercase, contain only letters, digits or underscores, with underscores allowed only between adjacent digits. [GoogleNonConstantFieldName]
[ant:checkstyle] [WARN] /app/src/main/java/com/mgz/afp/ptoca/PTD_PresentationTextDataDescriptor_Format2.java:42:7: Non-constant field name 'ySize' must start lowercase, be at least 2 chars, avoid single lowercase letter followed by uppercase, contain only letters, digits or underscores, with underscores allowed only between adjacent digits. [GoogleNonConstantFieldName]
[ant:checkstyle] [WARN] /app/src/main/java/com/mgz/afp/ptoca/PTD_PresentationTextDataDescriptor_Format2.java:47: Line is longer than 100 characters (found 121). [LineLength]
[ant:checkstyle] [WARN] /app/src/main/java/com/mgz/afp/ptoca/PTD_PresentationTextDataDescriptor_Format2.java:63: Line is longer than 100 characters (found 109). [LineLength]
[ant:checkstyle] [WARN] /app/src/main/java/com/mgz/afp/ptoca/PTD_PresentationTextDataDescriptor_Format2.java:96:3: Missing a Javadoc comment. [MissingJavadocMethod]
[ant:checkstyle] [WARN] /app/src/main/java/com/mgz/afp/ptoca/PTD_PresentationTextDataDescriptor_Format2.java:100:3: Missing a Javadoc comment. [MissingJavadocMethod]
[ant:checkstyle] [WARN] /app/src/main/java/com/mgz/afp/ptoca/PTD_PresentationTextDataDescriptor_Format2.java:100:40: Parameter name 'xUnitBase' must match pattern '^[a-z]([a-z0-9][a-zA-Z0-9]*)?$'. [ParameterName]
[ant:checkstyle] [WARN] /app/src/main/java/com/mgz/afp/ptoca/PTD_PresentationTextDataDescriptor_Format2.java:104:3: Missing a Javadoc comment. [MissingJavadocMethod]
[ant:checkstyle] [WARN] /app/src/main/java/com/mgz/afp/ptoca/PTD_PresentationTextDataDescriptor_Format2.java:108:3: Missing a Javadoc comment. [MissingJavadocMethod]
[ant:checkstyle] [WARN] /app/src/main/java/com/mgz/afp/ptoca/PTD_PresentationTextDataDescriptor_Format2.java:108:40: Parameter name 'yUnitBase' must match pattern '^[a-z]([a-z0-9][a-zA-Z0-9]*)?$'. [ParameterName]
[ant:checkstyle] [WARN] /app/src/main/java/com/mgz/afp/ptoca/PTD_PresentationTextDataDescriptor_Format2.java:112:3: Missing a Javadoc comment. [MissingJavadocMethod]
[ant:checkstyle] [WARN] /app/src/main/java/com/mgz/afp/ptoca/PTD_PresentationTextDataDescriptor_Format2.java:116:3: Missing a Javadoc comment. [MissingJavadocMethod]
[ant:checkstyle] [WARN] /app/src/main/java/com/mgz/afp/ptoca/PTD_PresentationTextDataDescriptor_Format2.java:116:42: Parameter name 'xUnitsPerUnitBase' must match pattern '^[a-z]([a-z0-9][a-zA-Z0-9]*)?$'. [ParameterName]
[ant:checkstyle] [WARN] /app/src/main/java/com/mgz/afp/ptoca/PTD_PresentationTextDataDescriptor_Format2.java:120:3: Missing a Javadoc comment. [MissingJavadocMethod]
[ant:checkstyle] [WARN] /app/src/main/java/com/mgz/afp/ptoca/PTD_PresentationTextDataDescriptor_Format2.java:124:3: Missing a Javadoc comment. [MissingJavadocMethod]
[ant:checkstyle] [WARN] /app/src/main/java/com/mgz/afp/ptoca/PTD_PresentationTextDataDescriptor_Format2.java:124:42: Parameter name 'yUnitsPerUnitBase' must match pattern '^[a-z]([a-z0-9][a-zA-Z0-9]*)?$'. [ParameterName]
[ant:checkstyle] [WARN] /app/src/main/java/com/mgz/afp/ptoca/PTD_PresentationTextDataDescriptor_Format2.java:128:3: Missing a Javadoc comment. [MissingJavadocMethod]
[ant:checkstyle] [WARN] /app/src/main/java/com/mgz/afp/ptoca/PTD_PresentationTextDataDescriptor_Format2.java:132:3: Missing a Javadoc comment. [MissingJavadocMethod]
[ant:checkstyle] [WARN] /app/src/main/java/com/mgz/afp/ptoca/PTD_PresentationTextDataDescriptor_Format2.java:132:28: Parameter name 'xSize' must match pattern '^[a-z]([a-z0-9][a-zA-Z0-9]*)?$'. [ParameterName]
[ant:checkstyle] [WARN] /app/src/main/java/com/mgz/afp/ptoca/PTD_PresentationTextDataDescriptor_Format2.java:136:3: Missing a Javadoc comment. [MissingJavadocMethod]
[ant:checkstyle] [WARN] /app/src/main/java/com/mgz/afp/ptoca/PTD_PresentationTextDataDescriptor_Format2.java:140:3: Missing a Javadoc comment. [MissingJavadocMethod]
[ant:checkstyle] [WARN] /app/src/main/java/com/mgz/afp/ptoca/PTD_PresentationTextDataDescriptor_Format2.java:140:28: Parameter name 'ySize' must match pattern '^[a-z]([a-z0-9][a-zA-Z0-9]*)?$'. [ParameterName]
[ant:checkstyle] [WARN] /app/src/main/java/com/mgz/afp/ptoca/PTD_PresentationTextDataDescriptor_Format2.java:148:39: Parameter name 'reserved12_13' must match pattern '^[a-z]([a-z0-9][a-zA-Z0-9]*)?$'. [ParameterName]
[ant:checkstyle] [WARN] /app/src/main/java/com/mgz/afp/ptoca/PTD_PresentationTextDataDescriptor_Format2.java:160:3: Missing a Javadoc comment. [MissingJavadocMethod]
[ant:checkstyle] [WARN] /app/src/main/java/com/mgz/afp/ptoca/PTD_PresentationTextDataDescriptor_Format2.java:170:3: Missing a Javadoc comment. [MissingJavadocMethod]
[ant:checkstyle] [WARN] /app/src/main/java/com/mgz/afp/ptoca/controlSequence/PTOCAControlSequence.java:20:9: Package name 'com.mgz.afp.ptoca.controlSequence' must match pattern '^[a-z]+(\.[a-z][a-z0-9]*)*$'. [PackageName]
[ant:checkstyle] [WARN] /app/src/main/java/com/mgz/afp/ptoca/controlSequence/PTOCAControlSequence.java:40:1: Extra separation in import group before 'java.io.IOException' [CustomImportOrder]
[ant:checkstyle] [WARN] /app/src/main/java/com/mgz/afp/ptoca/controlSequence/PTOCAControlSequence.java:44:1: Missing a Javadoc comment. [MissingJavadocType]
[ant:checkstyle] [WARN] /app/src/main/java/com/mgz/afp/ptoca/controlSequence/PTOCAControlSequence.java:50: Line is longer than 100 characters (found 109). [LineLength]
[ant:checkstyle] [WARN] /app/src/main/java/com/mgz/afp/ptoca/controlSequence/PTOCAControlSequence.java:51: Line is longer than 100 characters (found 105). [LineLength]
[ant:checkstyle] [WARN] /app/src/main/java/com/mgz/afp/ptoca/controlSequence/PTOCAControlSequence.java:53: Line is longer than 100 characters (found 115). [LineLength]
[ant:checkstyle] [WARN] /app/src/main/java/com/mgz/afp/ptoca/controlSequence/PTOCAControlSequence.java:54: Line is longer than 100 characters (found 119). [LineLength]
[ant:checkstyle] [WARN] /app/src/main/java/com/mgz/afp/ptoca/controlSequence/PTOCAControlSequence.java:55: Line is longer than 100 characters (found 115). [LineLength]
[ant:checkstyle] [WARN] /app/src/main/java/com/mgz/afp/ptoca/controlSequence/PTOCAControlSequence.java:56: Line is longer than 100 characters (found 119). [LineLength]
[ant:checkstyle] [WARN] /app/src/main/java/com/mgz/afp/ptoca/controlSequence/PTOCAControlSequence.java:57: Line is longer than 100 characters (found 109). [LineLength]
[ant:checkstyle] [WARN] /app/src/main/java/com/mgz/afp/ptoca/controlSequence/PTOCAControlSequence.java:58: Line is longer than 100 characters (found 119). [LineLength]
[ant:checkstyle] [WARN] /app/src/main/java/com/mgz/afp/ptoca/controlSequence/PTOCAControlSequence.java:60: Line is longer than 100 characters (found 115). [LineLength]
[ant:checkstyle] [WARN] /app/src/main/java/com/mgz/afp/ptoca/controlSequence/PTOCAControlSequence.java:61: Line is longer than 100 characters (found 115). [LineLength]
[ant:checkstyle] [WARN] /app/src/main/java/com/mgz/afp/ptoca/controlSequence/PTOCAControlSequence.java:62: Line is longer than 100 characters (found 103). [LineLength]
[ant:checkstyle] [WARN] /app/src/main/java/com/mgz/afp/ptoca/controlSequence/PTOCAControlSequence.java:63: Line is longer than 100 characters (found 119). [LineLength]
[ant:checkstyle] [WARN] /app/src/main/java/com/mgz/afp/ptoca/controlSequence/PTOCAControlSequence.java:64: Line is longer than 100 characters (found 133). [LineLength]
[ant:checkstyle] [WARN] /app/src/main/java/com/mgz/afp/ptoca/controlSequence/PTOCAControlSequence.java:65: Line is longer than 100 characters (found 147). [LineLength]
[ant:checkstyle] [WARN] /app/src/main/java/com/mgz/afp/ptoca/controlSequence/PTOCAControlSequence.java:66: Line is longer than 100 characters (found 121). [LineLength]
[ant:checkstyle] [WARN] /app/src/main/java/com/mgz/afp/ptoca/controlSequence/PTOCAControlSequence.java:67: Line is longer than 100 characters (found 111). [LineLength]
[ant:checkstyle] [WARN] /app/src/main/java/com/mgz/afp/ptoca/controlSequence/PTOCAControlSequence.java:68: Line is longer than 100 characters (found 107). [LineLength]
[ant:checkstyle] [WARN] /app/src/main/java/com/mgz/afp/ptoca/controlSequence/PTOCAControlSequence.java:71: Line is longer than 100 characters (found 103). [LineLength]
[ant:checkstyle] [WARN] /app/src/main/java/com/mgz/afp/ptoca/controlSequence/PTOCAControlSequence.java:72: Line is longer than 100 characters (found 105). [LineLength]
[ant:checkstyle] [WARN] /app/src/main/java/com/mgz/afp/ptoca/controlSequence/PTOCAControlSequence.java:73: Line is longer than 100 characters (found 105). [LineLength]
[ant:checkstyle] [WARN] /app/src/main/java/com/mgz/afp/ptoca/controlSequence/PTOCAControlSequence.java:74: Line is longer than 100 characters (found 101). [LineLength]
[ant:checkstyle] [WARN] /app/src/main/java/com/mgz/afp/ptoca/controlSequence/PTOCAControlSequence.java:75: Line is longer than 100 characters (found 115). [LineLength]
[ant:checkstyle] [WARN] /app/src/main/java/com/mgz/afp/ptoca/controlSequence/PTOCAControlSequence.java:76: Line is longer than 100 characters (found 115). [LineLength]
[ant:checkstyle] [WARN] /app/src/main/java/com/mgz/afp/ptoca/controlSequence/PTOCAControlSequence.java:77: Line is longer than 100 characters (found 105). [LineLength]
[ant:checkstyle] [WARN] /app/src/main/java/com/mgz/afp/ptoca/controlSequence/PTOCAControlSequence.java:78: Line is longer than 100 characters (found 113). [LineLength]
[ant:checkstyle] [WARN] /app/src/main/java/com/mgz/afp/ptoca/controlSequence/PTOCAControlSequence.java:79: Line is longer than 100 characters (found 121). [LineLength]
[ant:checkstyle] [WARN] /app/src/main/java/com/mgz/afp/ptoca/controlSequence/PTOCAControlSequence.java:81: Line is longer than 100 characters (found 109). [LineLength]
[ant:checkstyle] [WARN] /app/src/main/java/com/mgz/afp/ptoca/controlSequence/PTOCAControlSequence.java:82: Line is longer than 100 characters (found 106). [LineLength]
[ant:checkstyle] [WARN] /app/src/main/java/com/mgz/afp/ptoca/controlSequence/PTOCAControlSequence.java:84: Line is longer than 100 characters (found 1,523). [LineLength]
[ant:checkstyle] [WARN] /app/src/main/java/com/mgz/afp/ptoca/controlSequence/PTOCAControlSequence.java:84:30: Abbreviation in name 'PTOCAControlSequence' must contain no more than '1' consecutive capital letters. [AbbreviationAsWordInName]
[ant:checkstyle] [WARN] /app/src/main/java/com/mgz/afp/ptoca/controlSequence/PTOCAControlSequence.java:114:3: Missing a Javadoc comment. [MissingJavadocType]
[ant:checkstyle] [WARN] /app/src/main/java/com/mgz/afp/ptoca/controlSequence/PTOCAControlSequence.java:160:5: Missing a Javadoc comment. [MissingJavadocMethod]
[ant:checkstyle] [WARN] /app/src/main/java/com/mgz/afp/ptoca/controlSequence/PTOCAControlSequence.java:169:5: Missing a Javadoc comment. [MissingJavadocMethod]
[ant:checkstyle] [WARN] /app/src/main/java/com/mgz/afp/ptoca/controlSequence/PTOCAControlSequence.java:174:3: Missing a Javadoc comment. [MissingJavadocType]
[ant:checkstyle] [WARN] /app/src/main/java/com/mgz/afp/ptoca/controlSequence/PTOCAControlSequence.java:174:15: Abbreviation in name 'PTOCA_BypassFlag' must contain no more than '1' consecutive capital letters. [AbbreviationAsWordInName]
[ant:checkstyle] [WARN] /app/src/main/java/com/mgz/afp/ptoca/controlSequence/PTOCAControlSequence.java:174:15: Type name 'PTOCA_BypassFlag' must match pattern '^[A-Z][a-zA-Z0-9]*$'. [TypeName]
[ant:checkstyle] [WARN] /app/src/main/java/com/mgz/afp/ptoca/controlSequence/PTOCAControlSequence.java:180:5: Missing a Javadoc comment. [MissingJavadocMethod]
[ant:checkstyle] [WARN] /app/src/main/java/com/mgz/afp/ptoca/controlSequence/PTOCAControlSequence.java:194:5: Missing a Javadoc comment. [MissingJavadocMethod]
[ant:checkstyle] [WARN] /app/src/main/java/com/mgz/afp/ptoca/controlSequence/PTOCAControlSequence.java:207:3: Missing a Javadoc comment. [MissingJavadocType]
[ant:checkstyle] [WARN] /app/src/main/java/com/mgz/afp/ptoca/controlSequence/PTOCAControlSequence.java:215:11: Abbreviation in name 'originalCSFT' must contain no more than '1' consecutive capital letters. [AbbreviationAsWordInName]
[ant:checkstyle] [WARN] /app/src/main/java/com/mgz/afp/ptoca/controlSequence/PTOCAControlSequence.java:222: Line is longer than 100 characters (found 169). [LineLength]
[ant:checkstyle] [WARN] /app/src/main/java/com/mgz/afp/ptoca/controlSequence/PTOCAControlSequence.java:222:45: Abbreviation in name 'parseCSI' must contain no more than '1' consecutive capital letters. [AbbreviationAsWordInName]
[ant:checkstyle] [WARN] /app/src/main/java/com/mgz/afp/ptoca/controlSequence/PTOCAControlSequence.java:224:13: Abbreviation in name 'originalCSFT' must contain no more than '1' consecutive capital letters. [AbbreviationAsWordInName]
[ant:checkstyle] [WARN] /app/src/main/java/com/mgz/afp/ptoca/controlSequence/PTOCAControlSequence.java:243:5: Missing a Javadoc comment. [MissingJavadocMethod]
[ant:checkstyle] [WARN] /app/src/main/java/com/mgz/afp/ptoca/controlSequence/PTOCAControlSequence.java:306:18: Abbreviation in name 'getOriginalCSFT' must contain no more than '1' consecutive capital letters. [AbbreviationAsWordInName]
[ant:checkstyle] [WARN] /app/src/main/java/com/mgz/afp/ptoca/controlSequence/PTOCAControlSequence.java:310:17: Abbreviation in name 'setOriginalCSFT' must contain no more than '1' consecutive capital letters. [AbbreviationAsWordInName]
[ant:checkstyle] [WARN] /app/src/main/java/com/mgz/afp/ptoca/controlSequence/PTOCAControlSequence.java:310:39: Abbreviation in name 'originalCSFT' must contain no more than '1' consecutive capital letters. [AbbreviationAsWordInName]
[ant:checkstyle] [WARN] /app/src/main/java/com/mgz/afp/ptoca/controlSequence/PTOCAControlSequence.java:315:3: Missing a Javadoc comment. [MissingJavadocType]
[ant:checkstyle] [WARN] /app/src/main/java/com/mgz/afp/ptoca/controlSequence/PTOCAControlSequence.java:342: Line is longer than 100 characters (found 123). [LineLength]
[ant:checkstyle] [WARN] /app/src/main/java/com/mgz/afp/ptoca/controlSequence/PTOCAControlSequence.java:370:29: Abbreviation in name 'AMB_AbsoluteMoveBaseline' must contain no more than '1' consecutive capital letters. [AbbreviationAsWordInName]
[ant:checkstyle] [WARN] /app/src/main/java/com/mgz/afp/ptoca/controlSequence/PTOCAControlSequence.java:370:29: Type name 'AMB_AbsoluteMoveBaseline' must match pattern '^[A-Z][a-zA-Z0-9]*(?:[0-9](?:_[0-9]+)*)?$'. [TypeName]
[ant:checkstyle] [WARN] /app/src/main/java/com/mgz/afp/ptoca/controlSequence/PTOCAControlSequence.java:380: Line is longer than 100 characters (found 123). [LineLength]
[ant:checkstyle] [WARN] /app/src/main/java/com/mgz/afp/ptoca/controlSequence/PTOCAControlSequence.java:403:29: Abbreviation in name 'AMI_AbsoluteMoveInline' must contain no more than '1' consecutive capital letters. [AbbreviationAsWordInName]
[ant:checkstyle] [WARN] /app/src/main/java/com/mgz/afp/ptoca/controlSequence/PTOCAControlSequence.java:403:29: Type name 'AMI_AbsoluteMoveInline' must match pattern '^[A-Z][a-zA-Z0-9]*(?:[0-9](?:_[0-9]+)*)?$'. [TypeName]
[ant:checkstyle] [WARN] /app/src/main/java/com/mgz/afp/ptoca/controlSequence/PTOCAControlSequence.java:413: Line is longer than 100 characters (found 123). [LineLength]
[ant:checkstyle] [WARN] /app/src/main/java/com/mgz/afp/ptoca/controlSequence/PTOCAControlSequence.java:435:29: Abbreviation in name 'BLN_BeginLine' must contain no more than '1' consecutive capital letters. [AbbreviationAsWordInName]
[ant:checkstyle] [WARN] /app/src/main/java/com/mgz/afp/ptoca/controlSequence/PTOCAControlSequence.java:435:29: Type name 'BLN_BeginLine' must match pattern '^[A-Z][a-zA-Z0-9]*(?:[0-9](?:_[0-9]+)*)?$'. [TypeName]
[ant:checkstyle] [WARN] /app/src/main/java/com/mgz/afp/ptoca/controlSequence/PTOCAControlSequence.java:454:29: Abbreviation in name 'BSU_BeginSuppression' must contain no more than '1' consecutive capital letters. [AbbreviationAsWordInName]
[ant:checkstyle] [WARN] /app/src/main/java/com/mgz/afp/ptoca/controlSequence/PTOCAControlSequence.java:454:29: Type name 'BSU_BeginSuppression' must match pattern '^[A-Z][a-zA-Z0-9]*(?:[0-9](?:_[0-9]+)*)?$'. [TypeName]
[ant:checkstyle] [WARN] /app/src/main/java/com/mgz/afp/ptoca/controlSequence/PTOCAControlSequence.java:455:11: Abbreviation in name 'suppressionID' must contain no more than '1' consecutive capital letters. [AbbreviationAsWordInName]
[ant:checkstyle] [WARN] /app/src/main/java/com/mgz/afp/ptoca/controlSequence/PTOCAControlSequence.java:464: Line is longer than 100 characters (found 123). [LineLength]
[ant:checkstyle] [WARN] /app/src/main/java/com/mgz/afp/ptoca/controlSequence/PTOCAControlSequence.java:473:18: Abbreviation in name 'getSuppressionID' must contain no more than '1' consecutive capital letters. [AbbreviationAsWordInName]
[ant:checkstyle] [WARN] /app/src/main/java/com/mgz/afp/ptoca/controlSequence/PTOCAControlSequence.java:477:17: Abbreviation in name 'setSuppressionID' must contain no more than '1' consecutive capital letters. [AbbreviationAsWordInName]
[ant:checkstyle] [WARN] /app/src/main/java/com/mgz/afp/ptoca/controlSequence/PTOCAControlSequence.java:477:40: Abbreviation in name 'suppressionID' must contain no more than '1' consecutive capital letters. [AbbreviationAsWordInName]
[ant:checkstyle] [WARN] /app/src/main/java/com/mgz/afp/ptoca/controlSequence/PTOCAControlSequence.java:486:29: Abbreviation in name 'DBR_DrawBaxisRule' must contain no more than '1' consecutive capital letters. [AbbreviationAsWordInName]
[ant:checkstyle] [WARN] /app/src/main/java/com/mgz/afp/ptoca/controlSequence/PTOCAControlSequence.java:486:29: Type name 'DBR_DrawBaxisRule' must match pattern '^[A-Z][a-zA-Z0-9]*(?:[0-9](?:_[0-9]+)*)?$'. [TypeName]
[ant:checkstyle] [WARN] /app/src/main/java/com/mgz/afp/ptoca/controlSequence/PTOCAControlSequence.java:500: Line is longer than 100 characters (found 123). [LineLength]
[ant:checkstyle] [WARN] /app/src/main/java/com/mgz/afp/ptoca/controlSequence/PTOCAControlSequence.java:552:29: Abbreviation in name 'DIR_DrawIaxisRule' must contain no more than '1' consecutive capital letters. [AbbreviationAsWordInName]
[ant:checkstyle] [WARN] /app/src/main/java/com/mgz/afp/ptoca/controlSequence/PTOCAControlSequence.java:552:29: Type name 'DIR_DrawIaxisRule' must match pattern '^[A-Z][a-zA-Z0-9]*(?:[0-9](?:_[0-9]+)*)?$'. [TypeName]
[ant:checkstyle] [WARN] /app/src/main/java/com/mgz/afp/ptoca/controlSequence/PTOCAControlSequence.java:566: Line is longer than 100 characters (found 123). [LineLength]
[ant:checkstyle] [WARN] /app/src/main/java/com/mgz/afp/ptoca/controlSequence/PTOCAControlSequence.java:618:29: Abbreviation in name 'ESU_EndSuppression' must contain no more than '1' consecutive capital letters. [AbbreviationAsWordInName]
[ant:checkstyle] [WARN] /app/src/main/java/com/mgz/afp/ptoca/controlSequence/PTOCAControlSequence.java:618:29: Type name 'ESU_EndSuppression' must match pattern '^[A-Z][a-zA-Z0-9]*(?:[0-9](?:_[0-9]+)*)?$'. [TypeName]
[ant:checkstyle] [WARN] /app/src/main/java/com/mgz/afp/ptoca/controlSequence/PTOCAControlSequence.java:619:11: Abbreviation in name 'suppressionID' must contain no more than '1' consecutive capital letters. [AbbreviationAsWordInName]
[ant:checkstyle] [WARN] /app/src/main/java/com/mgz/afp/ptoca/controlSequence/PTOCAControlSequence.java:628: Line is longer than 100 characters (found 123). [LineLength]
[ant:checkstyle] [WARN] /app/src/main/java/com/mgz/afp/ptoca/controlSequence/PTOCAControlSequence.java:637:18: Abbreviation in name 'getSuppressionID' must contain no more than '1' consecutive capital letters. [AbbreviationAsWordInName]
[ant:checkstyle] [WARN] /app/src/main/java/com/mgz/afp/ptoca/controlSequence/PTOCAControlSequence.java:641:17: Abbreviation in name 'setSuppressionID' must contain no more than '1' consecutive capital letters. [AbbreviationAsWordInName]
[ant:checkstyle] [WARN] /app/src/main/java/com/mgz/afp/ptoca/controlSequence/PTOCAControlSequence.java:641:40: Abbreviation in name 'suppressionID' must contain no more than '1' consecutive capital letters. [AbbreviationAsWordInName]
[ant:checkstyle] [WARN] /app/src/main/java/com/mgz/afp/ptoca/controlSequence/PTOCAControlSequence.java:648:29: Abbreviation in name 'NOP_NoOperation' must contain no more than '1' consecutive capital letters. [AbbreviationAsWordInName]
[ant:checkstyle] [WARN] /app/src/main/java/com/mgz/afp/ptoca/controlSequence/PTOCAControlSequence.java:648:29: Type name 'NOP_NoOperation' must match pattern '^[A-Z][a-zA-Z0-9]*(?:[0-9](?:_[0-9]+)*)?$'. [TypeName]
[ant:checkstyle] [WARN] /app/src/main/java/com/mgz/afp/ptoca/controlSequence/PTOCAControlSequence.java:665: Line is longer than 100 characters (found 123). [LineLength]
[ant:checkstyle] [WARN] /app/src/main/java/com/mgz/afp/ptoca/controlSequence/PTOCAControlSequence.java:697:29: Abbreviation in name 'OVS_Overstrike' must contain no more than '1' consecutive capital letters. [AbbreviationAsWordInName]
[ant:checkstyle] [WARN] /app/src/main/java/com/mgz/afp/ptoca/controlSequence/PTOCAControlSequence.java:697:29: Type name 'OVS_Overstrike' must match pattern '^[A-Z][a-zA-Z0-9]*(?:[0-9](?:_[0-9]+)*)?$'. [TypeName]
[ant:checkstyle] [WARN] /app/src/main/java/com/mgz/afp/ptoca/controlSequence/PTOCAControlSequence.java:711: Line is longer than 100 characters (found 123). [LineLength]
[ant:checkstyle] [WARN] /app/src/main/java/com/mgz/afp/ptoca/controlSequence/PTOCAControlSequence.java:753:29: Abbreviation in name 'RMB_RelativeMoveBaseline' must contain no more than '1' consecutive capital letters. [AbbreviationAsWordInName]
[ant:checkstyle] [WARN] /app/src/main/java/com/mgz/afp/ptoca/controlSequence/PTOCAControlSequence.java:753:29: Type name 'RMB_RelativeMoveBaseline' must match pattern '^[A-Z][a-zA-Z0-9]*(?:[0-9](?:_[0-9]+)*)?$'. [TypeName]
[ant:checkstyle] [WARN] /app/src/main/java/com/mgz/afp/ptoca/controlSequence/PTOCAControlSequence.java:763: Line is longer than 100 characters (found 123). [LineLength]
[ant:checkstyle] [WARN] /app/src/main/java/com/mgz/afp/ptoca/controlSequence/PTOCAControlSequence.java:783:29: Abbreviation in name 'RMI_RelativeMoveInline' must contain no more than '1' consecutive capital letters. [AbbreviationAsWordInName]
[ant:checkstyle] [WARN] /app/src/main/java/com/mgz/afp/ptoca/controlSequence/PTOCAControlSequence.java:783:29: Type name 'RMI_RelativeMoveInline' must match pattern '^[A-Z][a-zA-Z0-9]*(?:[0-9](?:_[0-9]+)*)?$'. [TypeName]
[ant:checkstyle] [WARN] /app/src/main/java/com/mgz/afp/ptoca/controlSequence/PTOCAControlSequence.java:793: Line is longer than 100 characters (found 123). [LineLength]
[ant:checkstyle] [WARN] /app/src/main/java/com/mgz/afp/ptoca/controlSequence/PTOCAControlSequence.java:813:29: Abbreviation in name 'RPS_RepeatString' must contain no more than '1' consecutive capital letters. [AbbreviationAsWordInName]
[ant:checkstyle] [WARN] /app/src/main/java/com/mgz/afp/ptoca/controlSequence/PTOCAControlSequence.java:813:29: Type name 'RPS_RepeatString' must match pattern '^[A-Z][a-zA-Z0-9]*(?:[0-9](?:_[0-9]+)*)?$'. [TypeName]
[ant:checkstyle] [WARN] /app/src/main/java/com/mgz/afp/ptoca/controlSequence/PTOCAControlSequence.java:832: Line is longer than 100 characters (found 123). [LineLength]
[ant:checkstyle] [WARN] /app/src/main/java/com/mgz/afp/ptoca/controlSequence/PTOCAControlSequence.java:878:5: Missing a Javadoc comment. [MissingJavadocMethod]
[ant:checkstyle] [WARN] /app/src/main/java/com/mgz/afp/ptoca/controlSequence/PTOCAControlSequence.java:888: Line is longer than 100 characters (found 226). [LineLength]
[ant:checkstyle] [WARN] /app/src/main/java/com/mgz/afp/ptoca/controlSequence/PTOCAControlSequence.java:890:29: Abbreviation in name 'SBI_SetBaselineIncrement' must contain no more than '1' consecutive capital letters. [AbbreviationAsWordInName]
[ant:checkstyle] [WARN] /app/src/main/java/com/mgz/afp/ptoca/controlSequence/PTOCAControlSequence.java:890:29: Type name 'SBI_SetBaselineIncrement' must match pattern '^[A-Z][a-zA-Z0-9]*(?:[0-9](?:_[0-9]+)*)?$'. [TypeName]
[ant:checkstyle] [WARN] /app/src/main/java/com/mgz/afp/ptoca/controlSequence/PTOCAControlSequence.java:900: Line is longer than 100 characters (found 123). [LineLength]
[ant:checkstyle] [WARN] /app/src/main/java/com/mgz/afp/ptoca/controlSequence/PTOCAControlSequence.java:918: Line is longer than 100 characters (found 179). [LineLength]
[ant:checkstyle] [WARN] /app/src/main/java/com/mgz/afp/ptoca/controlSequence/PTOCAControlSequence.java:920:29: Abbreviation in name 'SCFL_SetCodedFontLocal' must contain no more than '1' consecutive capital letters. [AbbreviationAsWordInName]
[ant:checkstyle] [WARN] /app/src/main/java/com/mgz/afp/ptoca/controlSequence/PTOCAControlSequence.java:920:29: Type name 'SCFL_SetCodedFontLocal' must match pattern '^[A-Z][a-zA-Z0-9]*(?:[0-9](?:_[0-9]+)*)?$'. [TypeName]
[ant:checkstyle] [WARN] /app/src/main/java/com/mgz/afp/ptoca/controlSequence/PTOCAControlSequence.java:921:11: Abbreviation in name 'codedFontLocalID' must contain no more than '1' consecutive capital letters. [AbbreviationAsWordInName]
[ant:checkstyle] [WARN] /app/src/main/java/com/mgz/afp/ptoca/controlSequence/PTOCAControlSequence.java:930: Line is longer than 100 characters (found 123). [LineLength]
[ant:checkstyle] [WARN] /app/src/main/java/com/mgz/afp/ptoca/controlSequence/PTOCAControlSequence.java:943:18: Abbreviation in name 'getCodedFontLocalID' must contain no more than '1' consecutive capital letters. [AbbreviationAsWordInName]
[ant:checkstyle] [WARN] /app/src/main/java/com/mgz/afp/ptoca/controlSequence/PTOCAControlSequence.java:947:17: Abbreviation in name 'setCodedFontLocalID' must contain no more than '1' consecutive capital letters. [AbbreviationAsWordInName]
[ant:checkstyle] [WARN] /app/src/main/java/com/mgz/afp/ptoca/controlSequence/PTOCAControlSequence.java:947:43: Abbreviation in name 'codedFontLocalID' must contain no more than '1' consecutive capital letters. [AbbreviationAsWordInName]
[ant:checkstyle] [WARN] /app/src/main/java/com/mgz/afp/ptoca/controlSequence/PTOCAControlSequence.java:952: Line is longer than 100 characters (found 244). [LineLength]
[ant:checkstyle] [WARN] /app/src/main/java/com/mgz/afp/ptoca/controlSequence/PTOCAControlSequence.java:954:29: Abbreviation in name 'SEC_SetExtendedTextColor' must contain no more than '1' consecutive capital letters. [AbbreviationAsWordInName]
[ant:checkstyle] [WARN] /app/src/main/java/com/mgz/afp/ptoca/controlSequence/PTOCAControlSequence.java:954:29: Type name 'SEC_SetExtendedTextColor' must match pattern '^[A-Z][a-zA-Z0-9]*(?:[0-9](?:_[0-9]+)*)?$'. [TypeName]
[ant:checkstyle] [WARN] /app/src/main/java/com/mgz/afp/ptoca/controlSequence/PTOCAControlSequence.java:978: Line is longer than 100 characters (found 123). [LineLength]
[ant:checkstyle] [WARN] /app/src/main/java/com/mgz/afp/ptoca/controlSequence/PTOCAControlSequence.java:1023:39: Parameter name 'reserved6_9' must match pattern '^[a-z]([a-z0-9][a-zA-Z0-9]*)?$'. [ParameterName]
[ant:checkstyle] [WARN] /app/src/main/java/com/mgz/afp/ptoca/controlSequence/PTOCAControlSequence.java:1068: Line is longer than 100 characters (found 186). [LineLength]
[ant:checkstyle] [WARN] /app/src/main/java/com/mgz/afp/ptoca/controlSequence/PTOCAControlSequence.java:1070:29: Abbreviation in name 'SIA_SetIntercharacterAdjustment' must contain no more than '1' consecutive capital letters. [AbbreviationAsWordInName]
[ant:checkstyle] [WARN] /app/src/main/java/com/mgz/afp/ptoca/controlSequence/PTOCAControlSequence.java:1070:29: Type name 'SIA_SetIntercharacterAdjustment' must match pattern '^[A-Z][a-zA-Z0-9]*(?:[0-9](?:_[0-9]+)*)?$'. [TypeName]
[ant:checkstyle] [WARN] /app/src/main/java/com/mgz/afp/ptoca/controlSequence/PTOCAControlSequence.java:1082: Line is longer than 100 characters (found 123). [LineLength]
[ant:checkstyle] [WARN] /app/src/main/java/com/mgz/afp/ptoca/controlSequence/PTOCAControlSequence.java:1115:5: Missing a Javadoc comment. [MissingJavadocType]
[ant:checkstyle] [WARN] /app/src/main/java/com/mgz/afp/ptoca/controlSequence/PTOCAControlSequence.java:1115:17: Abbreviation in name 'SIA_Direction' must contain no more than '1' consecutive capital letters. [AbbreviationAsWordInName]
[ant:checkstyle] [WARN] /app/src/main/java/com/mgz/afp/ptoca/controlSequence/PTOCAControlSequence.java:1115:17: Type name 'SIA_Direction' must match pattern '^[A-Z][a-zA-Z0-9]*$'. [TypeName]
[ant:checkstyle] [WARN] /app/src/main/java/com/mgz/afp/ptoca/controlSequence/PTOCAControlSequence.java:1119:7: Missing a Javadoc comment. [MissingJavadocMethod]
[ant:checkstyle] [WARN] /app/src/main/java/com/mgz/afp/ptoca/controlSequence/PTOCAControlSequence.java:1127:7: Missing a Javadoc comment. [MissingJavadocMethod]
[ant:checkstyle] [WARN] /app/src/main/java/com/mgz/afp/ptoca/controlSequence/PTOCAControlSequence.java:1137: Line is longer than 100 characters (found 146). [LineLength]
[ant:checkstyle] [WARN] /app/src/main/java/com/mgz/afp/ptoca/controlSequence/PTOCAControlSequence.java:1139:29: Abbreviation in name 'SIM_SetInlineMargin' must contain no more than '1' consecutive capital letters. [AbbreviationAsWordInName]
[ant:checkstyle] [WARN] /app/src/main/java/com/mgz/afp/ptoca/controlSequence/PTOCAControlSequence.java:1139:29: Type name 'SIM_SetInlineMargin' must match pattern '^[A-Z][a-zA-Z0-9]*(?:[0-9](?:_[0-9]+)*)?$'. [TypeName]
[ant:checkstyle] [WARN] /app/src/main/java/com/mgz/afp/ptoca/controlSequence/PTOCAControlSequence.java:1149: Line is longer than 100 characters (found 123). [LineLength]
[ant:checkstyle] [WARN] /app/src/main/java/com/mgz/afp/ptoca/controlSequence/PTOCAControlSequence.java:1167: Line is longer than 100 characters (found 150). [LineLength]
[ant:checkstyle] [WARN] /app/src/main/java/com/mgz/afp/ptoca/controlSequence/PTOCAControlSequence.java:1169:29: Abbreviation in name 'STC_SetTextColor' must contain no more than '1' consecutive capital letters. [AbbreviationAsWordInName]
[ant:checkstyle] [WARN] /app/src/main/java/com/mgz/afp/ptoca/controlSequence/PTOCAControlSequence.java:1169:29: Type name 'STC_SetTextColor' must match pattern '^[A-Z][a-zA-Z0-9]*(?:[0-9](?:_[0-9]+)*)?$'. [TypeName]
[ant:checkstyle] [WARN] /app/src/main/java/com/mgz/afp/ptoca/controlSequence/PTOCAControlSequence.java:1181: Line is longer than 100 characters (found 123). [LineLength]
[ant:checkstyle] [WARN] /app/src/main/java/com/mgz/afp/ptoca/controlSequence/PTOCAControlSequence.java:1215:5: Missing a Javadoc comment. [MissingJavadocType]
[ant:checkstyle] [WARN] /app/src/main/java/com/mgz/afp/ptoca/controlSequence/PTOCAControlSequence.java:1215:17: Abbreviation in name 'STC_Precision' must contain no more than '1' consecutive capital letters. [AbbreviationAsWordInName]
[ant:checkstyle] [WARN] /app/src/main/java/com/mgz/afp/ptoca/controlSequence/PTOCAControlSequence.java:1215:17: Type name 'STC_Precision' must match pattern '^[A-Z][a-zA-Z0-9]*$'. [TypeName]
[ant:checkstyle] [WARN] /app/src/main/java/com/mgz/afp/ptoca/controlSequence/PTOCAControlSequence.java:1219:7: Missing a Javadoc comment. [MissingJavadocMethod]
[ant:checkstyle] [WARN] /app/src/main/java/com/mgz/afp/ptoca/controlSequence/PTOCAControlSequence.java:1227:7: Missing a Javadoc comment. [MissingJavadocMethod]
[ant:checkstyle] [WARN] /app/src/main/java/com/mgz/afp/ptoca/controlSequence/PTOCAControlSequence.java:1237: Line is longer than 100 characters (found 174). [LineLength]
[ant:checkstyle] [WARN] /app/src/main/java/com/mgz/afp/ptoca/controlSequence/PTOCAControlSequence.java:1239:29: Abbreviation in name 'STO_SetTextOrientation' must contain no more than '1' consecutive capital letters. [AbbreviationAsWordInName]
[ant:checkstyle] [WARN] /app/src/main/java/com/mgz/afp/ptoca/controlSequence/PTOCAControlSequence.java:1239:29: Type name 'STO_SetTextOrientation' must match pattern '^[A-Z][a-zA-Z0-9]*(?:[0-9](?:_[0-9]+)*)?$'. [TypeName]
[ant:checkstyle] [WARN] /app/src/main/java/com/mgz/afp/ptoca/controlSequence/PTOCAControlSequence.java:1240:20: Non-constant field name 'xOrientation' must start lowercase, be at least 2 chars, avoid single lowercase letter followed by uppercase, contain only letters, digits or underscores, with underscores allowed only between adjacent digits. [GoogleNonConstantFieldName]
[ant:checkstyle] [WARN] /app/src/main/java/com/mgz/afp/ptoca/controlSequence/PTOCAControlSequence.java:1241:20: Non-constant field name 'yOrientation' must start lowercase, be at least 2 chars, avoid single lowercase letter followed by uppercase, contain only letters, digits or underscores, with underscores allowed only between adjacent digits. [GoogleNonConstantFieldName]
[ant:checkstyle] [WARN] /app/src/main/java/com/mgz/afp/ptoca/controlSequence/PTOCAControlSequence.java:1251: Line is longer than 100 characters (found 123). [LineLength]
[ant:checkstyle] [WARN] /app/src/main/java/com/mgz/afp/ptoca/controlSequence/PTOCAControlSequence.java:1262:5: Missing a Javadoc comment. [MissingJavadocMethod]
[ant:checkstyle] [WARN] /app/src/main/java/com/mgz/afp/ptoca/controlSequence/PTOCAControlSequence.java:1266:5: Missing a Javadoc comment. [MissingJavadocMethod]
[ant:checkstyle] [WARN] /app/src/main/java/com/mgz/afp/ptoca/controlSequence/PTOCAControlSequence.java:1266:48: Parameter name 'xOrientation' must match pattern '^[a-z]([a-z0-9][a-zA-Z0-9]*)?$'. [ParameterName]
[ant:checkstyle] [WARN] /app/src/main/java/com/mgz/afp/ptoca/controlSequence/PTOCAControlSequence.java:1270:5: Missing a Javadoc comment. [MissingJavadocMethod]
[ant:checkstyle] [WARN] /app/src/main/java/com/mgz/afp/ptoca/controlSequence/PTOCAControlSequence.java:1274:5: Missing a Javadoc comment. [MissingJavadocMethod]
[ant:checkstyle] [WARN] /app/src/main/java/com/mgz/afp/ptoca/controlSequence/PTOCAControlSequence.java:1274:48: Parameter name 'yOrientation' must match pattern '^[a-z]([a-z0-9][a-zA-Z0-9]*)?$'. [ParameterName]
[ant:checkstyle] [WARN] /app/src/main/java/com/mgz/afp/ptoca/controlSequence/PTOCAControlSequence.java:1279: Line is longer than 100 characters (found 144). [LineLength]
[ant:checkstyle] [WARN] /app/src/main/java/com/mgz/afp/ptoca/controlSequence/PTOCAControlSequence.java:1281:29: Abbreviation in name 'SVI_SetVariableSpaceCharacterIncrement' must contain no more than '1' consecutive capital letters. [AbbreviationAsWordInName]
[ant:checkstyle] [WARN] /app/src/main/java/com/mgz/afp/ptoca/controlSequence/PTOCAControlSequence.java:1281:29: Type name 'SVI_SetVariableSpaceCharacterIncrement' must match pattern '^[A-Z][a-zA-Z0-9]*(?:[0-9](?:_[0-9]+)*)?$'. [TypeName]
[ant:checkstyle] [WARN] /app/src/main/java/com/mgz/afp/ptoca/controlSequence/PTOCAControlSequence.java:1291: Line is longer than 100 characters (found 123). [LineLength]
[ant:checkstyle] [WARN] /app/src/main/java/com/mgz/afp/ptoca/controlSequence/PTOCAControlSequence.java:1309: Line is longer than 100 characters (found 154). [LineLength]
[ant:checkstyle] [WARN] /app/src/main/java/com/mgz/afp/ptoca/controlSequence/PTOCAControlSequence.java:1311:29: Abbreviation in name 'TBM_TemporaryBaselineMove' must contain no more than '1' consecutive capital letters. [AbbreviationAsWordInName]
[ant:checkstyle] [WARN] /app/src/main/java/com/mgz/afp/ptoca/controlSequence/PTOCAControlSequence.java:1311:29: Type name 'TBM_TemporaryBaselineMove' must match pattern '^[A-Z][a-zA-Z0-9]*(?:[0-9](?:_[0-9]+)*)?$'. [TypeName]
[ant:checkstyle] [WARN] /app/src/main/java/com/mgz/afp/ptoca/controlSequence/PTOCAControlSequence.java:1325: Line is longer than 100 characters (found 123). [LineLength]
[ant:checkstyle] [WARN] /app/src/main/java/com/mgz/afp/ptoca/controlSequence/PTOCAControlSequence.java:1376:5: Missing a Javadoc comment. [MissingJavadocType]
[ant:checkstyle] [WARN] /app/src/main/java/com/mgz/afp/ptoca/controlSequence/PTOCAControlSequence.java:1376:17: Abbreviation in name 'TBM_Direction' must contain no more than '1' consecutive capital letters. [AbbreviationAsWordInName]
[ant:checkstyle] [WARN] /app/src/main/java/com/mgz/afp/ptoca/controlSequence/PTOCAControlSequence.java:1376:17: Type name 'TBM_Direction' must match pattern '^[A-Z][a-zA-Z0-9]*$'. [TypeName]
[ant:checkstyle] [WARN] /app/src/main/java/com/mgz/afp/ptoca/controlSequence/PTOCAControlSequence.java:1382:7: Missing a Javadoc comment. [MissingJavadocMethod]
[ant:checkstyle] [WARN] /app/src/main/java/com/mgz/afp/ptoca/controlSequence/PTOCAControlSequence.java:1388: Line is longer than 100 characters (found 117). [LineLength]
[ant:checkstyle] [WARN] /app/src/main/java/com/mgz/afp/ptoca/controlSequence/PTOCAControlSequence.java:1391:7: Missing a Javadoc comment. [MissingJavadocMethod]
[ant:checkstyle] [WARN] /app/src/main/java/com/mgz/afp/ptoca/controlSequence/PTOCAControlSequence.java:1396:5: Missing a Javadoc comment. [MissingJavadocType]
[ant:checkstyle] [WARN] /app/src/main/java/com/mgz/afp/ptoca/controlSequence/PTOCAControlSequence.java:1396:17: Abbreviation in name 'TBM_Precision' must contain no more than '1' consecutive capital letters. [AbbreviationAsWordInName]
[ant:checkstyle] [WARN] /app/src/main/java/com/mgz/afp/ptoca/controlSequence/PTOCAControlSequence.java:1396:17: Type name 'TBM_Precision' must match pattern '^[A-Z][a-zA-Z0-9]*$'. [TypeName]
[ant:checkstyle] [WARN] /app/src/main/java/com/mgz/afp/ptoca/controlSequence/PTOCAControlSequence.java:1400:7: Missing a Javadoc comment. [MissingJavadocMethod]
[ant:checkstyle] [WARN] /app/src/main/java/com/mgz/afp/ptoca/controlSequence/PTOCAControlSequence.java:1406: Line is longer than 100 characters (found 117). [LineLength]
[ant:checkstyle] [WARN] /app/src/main/java/com/mgz/afp/ptoca/controlSequence/PTOCAControlSequence.java:1409:7: Missing a Javadoc comment. [MissingJavadocMethod]
[ant:checkstyle] [WARN] /app/src/main/java/com/mgz/afp/ptoca/controlSequence/PTOCAControlSequence.java:1415: Line is longer than 100 characters (found 169). [LineLength]
[ant:checkstyle] [WARN] /app/src/main/java/com/mgz/afp/ptoca/controlSequence/PTOCAControlSequence.java:1417:29: Abbreviation in name 'TRN_TransparentData' must contain no more than '1' consecutive capital letters. [AbbreviationAsWordInName]
[ant:checkstyle] [WARN] /app/src/main/java/com/mgz/afp/ptoca/controlSequence/PTOCAControlSequence.java:1417:29: Type name 'TRN_TransparentData' must match pattern '^[A-Z][a-zA-Z0-9]*(?:[0-9](?:_[0-9]+)*)?$'. [TypeName]
[ant:checkstyle] [WARN] /app/src/main/java/com/mgz/afp/ptoca/controlSequence/PTOCAControlSequence.java:1419:12: Abbreviation in name 'transparentDataEBCDIC' must contain no more than '1' consecutive capital letters. [AbbreviationAsWordInName]
[ant:checkstyle] [WARN] /app/src/main/java/com/mgz/afp/ptoca/controlSequence/PTOCAControlSequence.java:1421:22: Abbreviation in name 'isUseEBCDICData' must contain no more than '1' consecutive capital letters. [AbbreviationAsWordInName]
[ant:checkstyle] [WARN] /app/src/main/java/com/mgz/afp/ptoca/controlSequence/PTOCAControlSequence.java:1435:5: Missing a Javadoc comment. [MissingJavadocMethod]
[ant:checkstyle] [WARN] /app/src/main/java/com/mgz/afp/ptoca/controlSequence/PTOCAControlSequence.java:1444: Line is longer than 100 characters (found 123). [LineLength]
[ant:checkstyle] [WARN] /app/src/main/java/com/mgz/afp/ptoca/controlSequence/PTOCAControlSequence.java:1479:19: Abbreviation in name 'getTransparentDataEBCDIC' must contain no more than '1' consecutive capital letters. [AbbreviationAsWordInName]
[ant:checkstyle] [WARN] /app/src/main/java/com/mgz/afp/ptoca/controlSequence/PTOCAControlSequence.java:1483:17: Abbreviation in name 'setTransparentDataEBCDIC' must contain no more than '1' consecutive capital letters. [AbbreviationAsWordInName]
[ant:checkstyle] [WARN] /app/src/main/java/com/mgz/afp/ptoca/controlSequence/PTOCAControlSequence.java:1483:49: Abbreviation in name 'transparentDataEBCDIC' must contain no more than '1' consecutive capital letters. [AbbreviationAsWordInName]
[ant:checkstyle] [WARN] /app/src/main/java/com/mgz/afp/ptoca/controlSequence/PTOCAControlSequence.java:1491:20: Abbreviation in name 'isUseEBCDICData' must contain no more than '1' consecutive capital letters. [AbbreviationAsWordInName]
[ant:checkstyle] [WARN] /app/src/main/java/com/mgz/afp/ptoca/controlSequence/PTOCAControlSequence.java:1502:17: Abbreviation in name 'setUseEBCDICData' must contain no more than '1' consecutive capital letters. [AbbreviationAsWordInName]
[ant:checkstyle] [WARN] /app/src/main/java/com/mgz/afp/ptoca/controlSequence/PTOCAControlSequence.java:1502:42: Abbreviation in name 'isUseEBCDICData' must contain no more than '1' consecutive capital letters. [AbbreviationAsWordInName]
[ant:checkstyle] [WARN] /app/src/main/java/com/mgz/afp/ptoca/controlSequence/PTOCAControlSequence.java:1512:29: Abbreviation in name 'UCT_UnicodeComplexText' must contain no more than '1' consecutive capital letters. [AbbreviationAsWordInName]
[ant:checkstyle] [WARN] /app/src/main/java/com/mgz/afp/ptoca/controlSequence/PTOCAControlSequence.java:1512:29: Type name 'UCT_UnicodeComplexText' must match pattern '^[A-Z][a-zA-Z0-9]*(?:[0-9](?:_[0-9]+)*)?$'. [TypeName]
[ant:checkstyle] [WARN] /app/src/main/java/com/mgz/afp/ptoca/controlSequence/PTOCAControlSequence.java:1533:5: Missing a Javadoc comment. [MissingJavadocMethod]
[ant:checkstyle] [WARN] /app/src/main/java/com/mgz/afp/ptoca/controlSequence/PTOCAControlSequence.java:1620:5: Missing a Javadoc comment. [MissingJavadocMethod]
[ant:checkstyle] [WARN] /app/src/main/java/com/mgz/afp/ptoca/controlSequence/PTOCAControlSequence.java:1631:29: Abbreviation in name 'ENC_EncryptedData' must contain no more than '1' consecutive capital letters. [AbbreviationAsWordInName]
[ant:checkstyle] [WARN] /app/src/main/java/com/mgz/afp/ptoca/controlSequence/PTOCAControlSequence.java:1631:29: Type name 'ENC_EncryptedData' must match pattern '^[A-Z][a-zA-Z0-9]*(?:[0-9](?:_[0-9]+)*)?$'. [TypeName]
[ant:checkstyle] [WARN] /app/src/main/java/com/mgz/afp/ptoca/controlSequence/PTOCAControlSequence.java:1645: Line is longer than 100 characters (found 123). [LineLength]
[ant:checkstyle] [WARN] /app/src/main/java/com/mgz/afp/ptoca/controlSequence/PTOCAControlSequence.java:1668:36: Parameter name 'reserved4_7' must match pattern '^[a-z]([a-z0-9][a-zA-Z0-9]*)?$'. [ParameterName]
[ant:checkstyle] [WARN] /app/src/main/java/com/mgz/afp/ptoca/controlSequence/PTOCAControlSequence.java:1686:29: Abbreviation in name 'SKI_SetKeyInformation' must contain no more than '1' consecutive capital letters. [AbbreviationAsWordInName]
[ant:checkstyle] [WARN] /app/src/main/java/com/mgz/afp/ptoca/controlSequence/PTOCAControlSequence.java:1686:29: Type name 'SKI_SetKeyInformation' must match pattern '^[A-Z][a-zA-Z0-9]*(?:[0-9](?:_[0-9]+)*)?$'. [TypeName]
[ant:checkstyle] [WARN] /app/src/main/java/com/mgz/afp/ptoca/controlSequence/PTOCAControlSequence.java:1700: Line is longer than 100 characters (found 123). [LineLength]
[ant:checkstyle] [WARN] /app/src/main/java/com/mgz/afp/ptoca/controlSequence/PTOCAControlSequence.java:1751:36: Parameter name 'reserved4_7' must match pattern '^[a-z]([a-z0-9][a-zA-Z0-9]*)?$'. [ParameterName]
[ant:checkstyle] [WARN] /app/src/main/java/com/mgz/afp/ptoca/controlSequence/PTOCAControlSequence.java:1770:29: Abbreviation in name 'SEA_SetEncryptedAlternate' must contain no more than '1' consecutive capital letters. [AbbreviationAsWordInName]
[ant:checkstyle] [WARN] /app/src/main/java/com/mgz/afp/ptoca/controlSequence/PTOCAControlSequence.java:1770:29: Type name 'SEA_SetEncryptedAlternate' must match pattern '^[A-Z][a-zA-Z0-9]*(?:[0-9](?:_[0-9]+)*)?$'. [TypeName]
[ant:checkstyle] [WARN] /app/src/main/java/com/mgz/afp/ptoca/controlSequence/PTOCAControlSequence.java:1786: Line is longer than 100 characters (found 123). [LineLength]
[ant:checkstyle] [WARN] /app/src/main/java/com/mgz/afp/ptoca/controlSequence/PTOCAControlSequence.java:1846:36: Parameter name 'reserved4_7' must match pattern '^[a-z]([a-z0-9][a-zA-Z0-9]*)?$'. [ParameterName]
[ant:checkstyle] [WARN] /app/src/main/java/com/mgz/afp/ptoca/controlSequence/PTOCAControlSequence.java:1859: Line is longer than 100 characters (found 113). [LineLength]
[ant:checkstyle] [WARN] /app/src/main/java/com/mgz/afp/ptoca/controlSequence/PTOCAControlSequence.java:1861:29: Abbreviation in name 'USC_Underscore' must contain no more than '1' consecutive capital letters. [AbbreviationAsWordInName]
[ant:checkstyle] [WARN] /app/src/main/java/com/mgz/afp/ptoca/controlSequence/PTOCAControlSequence.java:1861:29: Type name 'USC_Underscore' must match pattern '^[A-Z][a-zA-Z0-9]*(?:[0-9](?:_[0-9]+)*)?$'. [TypeName]
[ant:checkstyle] [WARN] /app/src/main/java/com/mgz/afp/ptoca/controlSequence/PTOCAControlSequence.java:1871: Line is longer than 100 characters (found 123). [LineLength]
[ant:checkstyle] [WARN] /app/src/main/java/com/mgz/afp/ptoca/controlSequence/PTOCAControlSequence.java:1915: Line is longer than 100 characters (found 123). [LineLength]
[ant:checkstyle] [WARN] /app/src/main/java/com/mgz/afp/ptoca/controlSequence/PTOCAControlSequence.java:1944:3: Missing a Javadoc comment. [MissingJavadocType]
[ant:checkstyle] [WARN] /app/src/main/java/com/mgz/afp/ptoca/controlSequence/PTOCAControlSequence.java:1945:29: Abbreviation in name 'GLC_GlyphLayoutControl' must contain no more than '1' consecutive capital letters. [AbbreviationAsWordInName]
[ant:checkstyle] [WARN] /app/src/main/java/com/mgz/afp/ptoca/controlSequence/PTOCAControlSequence.java:1945:29: Type name 'GLC_GlyphLayoutControl' must match pattern '^[A-Z][a-zA-Z0-9]*(?:[0-9](?:_[0-9]+)*)?$'. [TypeName]
[ant:checkstyle] [WARN] /app/src/main/java/com/mgz/afp/ptoca/controlSequence/PTOCAControlSequence.java:1946:11: Non-constant field name 'iAdvance' must start lowercase, be at least 2 chars, avoid single lowercase letter followed by uppercase, contain only letters, digits or underscores, with underscores allowed only between adjacent digits. [GoogleNonConstantFieldName]
[ant:checkstyle] [WARN] /app/src/main/java/com/mgz/afp/ptoca/controlSequence/PTOCAControlSequence.java:2002:18: Abbreviation in name 'getIAdvance' must contain no more than '1' consecutive capital letters. [AbbreviationAsWordInName]
[ant:checkstyle] [WARN] /app/src/main/java/com/mgz/afp/ptoca/controlSequence/PTOCAControlSequence.java:2006:17: Abbreviation in name 'setIAdvance' must contain no more than '1' consecutive capital letters. [AbbreviationAsWordInName]
[ant:checkstyle] [WARN] /app/src/main/java/com/mgz/afp/ptoca/controlSequence/PTOCAControlSequence.java:2006:35: Parameter name 'iAdvance' must match pattern '^[a-z]([a-z0-9][a-zA-Z0-9]*)?$'. [ParameterName]
[ant:checkstyle] [WARN] /app/src/main/java/com/mgz/afp/ptoca/controlSequence/PTOCAControlSequence.java:2043:3: Missing a Javadoc comment. [MissingJavadocType]
[ant:checkstyle] [WARN] /app/src/main/java/com/mgz/afp/ptoca/controlSequence/PTOCAControlSequence.java:2044:29: Abbreviation in name 'GIR_GlyphIdRun' must contain no more than '1' consecutive capital letters. [AbbreviationAsWordInName]
[ant:checkstyle] [WARN] /app/src/main/java/com/mgz/afp/ptoca/controlSequence/PTOCAControlSequence.java:2044:29: Type name 'GIR_GlyphIdRun' must match pattern '^[A-Z][a-zA-Z0-9]*(?:[0-9](?:_[0-9]+)*)?$'. [TypeName]
[ant:checkstyle] [WARN] /app/src/main/java/com/mgz/afp/ptoca/controlSequence/PTOCAControlSequence.java:2085:3: Missing a Javadoc comment. [MissingJavadocType]
[ant:checkstyle] [WARN] /app/src/main/java/com/mgz/afp/ptoca/controlSequence/PTOCAControlSequence.java:2086:29: Abbreviation in name 'GAR_GlyphAdvanceRun' must contain no more than '1' consecutive capital letters. [AbbreviationAsWordInName]
[ant:checkstyle] [WARN] /app/src/main/java/com/mgz/afp/ptoca/controlSequence/PTOCAControlSequence.java:2086:29: Type name 'GAR_GlyphAdvanceRun' must match pattern '^[A-Z][a-zA-Z0-9]*(?:[0-9](?:_[0-9]+)*)?$'. [TypeName]
[ant:checkstyle] [WARN] /app/src/main/java/com/mgz/afp/ptoca/controlSequence/PTOCAControlSequence.java:2127:3: Missing a Javadoc comment. [MissingJavadocType]
[ant:checkstyle] [WARN] /app/src/main/java/com/mgz/afp/ptoca/controlSequence/PTOCAControlSequence.java:2128:29: Abbreviation in name 'GOR_GlyphOffsetRun' must contain no more than '1' consecutive capital letters. [AbbreviationAsWordInName]
[ant:checkstyle] [WARN] /app/src/main/java/com/mgz/afp/ptoca/controlSequence/PTOCAControlSequence.java:2128:29: Type name 'GOR_GlyphOffsetRun' must match pattern '^[A-Z][a-zA-Z0-9]*(?:[0-9](?:_[0-9]+)*)?$'. [TypeName]
[ant:checkstyle] [WARN] /app/src/main/java/com/mgz/afp/ptoca/controlSequence/Undefined.java:20:9: Package name 'com.mgz.afp.ptoca.controlSequence' must match pattern '^[a-z]+(\.[a-z][a-z0-9]*)*$'. [PackageName]
[ant:checkstyle] [WARN] /app/src/main/java/com/mgz/afp/ptoca/controlSequence/Undefined.java:27:1: Extra separation in import group before 'java.io.IOException' [CustomImportOrder]
[ant:checkstyle] [WARN] /app/src/main/java/com/mgz/afp/ptoca/controlSequence/Undefined.java:30:1: Missing a Javadoc comment. [MissingJavadocType]
[ant:checkstyle] [WARN] /app/src/main/java/com/mgz/afp/ptoca/controlSequence/Undefined.java:35: Line is longer than 100 characters (found 121). [LineLength]
[ant:checkstyle] [WARN] /app/src/main/java/com/mgz/afp/ptoca/controlSequence/ControlSequencePool.java:20:9: Package name 'com.mgz.afp.ptoca.controlSequence' must match pattern '^[a-z]+(\.[a-z][a-z0-9]*)*$'. [PackageName]
[ant:checkstyle] [WARN] /app/src/main/java/com/mgz/afp/ptoca/controlSequence/ControlSequencePool.java:36: Line is longer than 100 characters (found 115). [LineLength]
[ant:checkstyle] [WARN] /app/src/main/java/com/mgz/afp/ptoca/controlSequence/ControlSequencePool.java:38: Line is longer than 100 characters (found 108). [LineLength]
[ant:checkstyle] [WARN] /app/src/main/java/com/mgz/afp/ptoca/controlSequence/ControlSequencePool.java:88: Line is longer than 100 characters (found 112). [LineLength]
[ant:checkstyle] [WARN] /app/src/main/java/com/mgz/afp/goca/DrawingOrderPool.java:106: Line is longer than 100 characters (found 107). [LineLength]
[ant:checkstyle] [WARN] /app/src/main/java/com/mgz/afp/goca/BGR_BeginGraphicsObject.java:24:1: Missing a Javadoc comment. [MissingJavadocType]
[ant:checkstyle] [WARN] /app/src/main/java/com/mgz/afp/goca/BGR_BeginGraphicsObject.java:24:14: Abbreviation in name 'BGR_BeginGraphicsObject' must contain no more than '1' consecutive capital letters. [AbbreviationAsWordInName]
[ant:checkstyle] [WARN] /app/src/main/java/com/mgz/afp/goca/BGR_BeginGraphicsObject.java:24:14: Type name 'BGR_BeginGraphicsObject' must match pattern '^[A-Z][a-zA-Z0-9]*(?:[0-9](?:_[0-9]+)*)?$'. [TypeName]
[ant:checkstyle] [WARN] /app/src/main/java/com/mgz/afp/goca/GDD_Parameter.java:39:1: Extra separation in import group before 'java.io.ByteArrayOutputStream' [CustomImportOrder]
[ant:checkstyle] [WARN] /app/src/main/java/com/mgz/afp/goca/GDD_Parameter.java:45:1: Missing a Javadoc comment. [MissingJavadocType]
[ant:checkstyle] [WARN] /app/src/main/java/com/mgz/afp/goca/GDD_Parameter.java:45:23: Abbreviation in name 'GDD_Parameter' must contain no more than '1' consecutive capital letters. [AbbreviationAsWordInName]
[ant:checkstyle] [WARN] /app/src/main/java/com/mgz/afp/goca/GDD_Parameter.java:45:23: Type name 'GDD_Parameter' must match pattern '^[A-Z][a-zA-Z0-9]*(?:[0-9](?:_[0-9]+)*)?$'. [TypeName]
[ant:checkstyle] [WARN] /app/src/main/java/com/mgz/afp/goca/GDD_Parameter.java:55: Line is longer than 100 characters (found 145). [LineLength]
[ant:checkstyle] [WARN] /app/src/main/java/com/mgz/afp/goca/GDD_Parameter.java:55:3: Missing a Javadoc comment. [MissingJavadocMethod]
[ant:checkstyle] [WARN] /app/src/main/java/com/mgz/afp/goca/GDD_Parameter.java:55:31: Abbreviation in name 'buildGDDParameter' must contain no more than '1' consecutive capital letters. [AbbreviationAsWordInName]
[ant:checkstyle] [WARN] /app/src/main/java/com/mgz/afp/goca/GDD_Parameter.java:60: Line is longer than 100 characters (found 116). [LineLength]
[ant:checkstyle] [WARN] /app/src/main/java/com/mgz/afp/goca/GDD_Parameter.java:70: Line is longer than 100 characters (found 114). [LineLength]
[ant:checkstyle] [WARN] /app/src/main/java/com/mgz/afp/goca/GDD_Parameter.java:76: Line is longer than 100 characters (found 176). [LineLength]
[ant:checkstyle] [WARN] /app/src/main/java/com/mgz/afp/goca/GDD_Parameter.java:76:3: Missing a Javadoc comment. [MissingJavadocMethod]
[ant:checkstyle] [WARN] /app/src/main/java/com/mgz/afp/goca/GDD_Parameter.java:101: Line is longer than 100 characters (found 160). [LineLength]
[ant:checkstyle] [WARN] /app/src/main/java/com/mgz/afp/goca/GDD_Parameter.java:162: Line is longer than 100 characters (found 123). [LineLength]
[ant:checkstyle] [WARN] /app/src/main/java/com/mgz/afp/goca/GDD_Parameter.java:203:5: Missing a Javadoc comment. [MissingJavadocType]
[ant:checkstyle] [WARN] /app/src/main/java/com/mgz/afp/goca/GDD_Parameter.java:207:7: Missing a Javadoc comment. [MissingJavadocMethod]
[ant:checkstyle] [WARN] /app/src/main/java/com/mgz/afp/goca/GDD_Parameter.java:215:7: Missing a Javadoc comment. [MissingJavadocMethod]
[ant:checkstyle] [WARN] /app/src/main/java/com/mgz/afp/goca/GDD_Parameter.java:224:5: Missing a Javadoc comment. [MissingJavadocType]
[ant:checkstyle] [WARN] /app/src/main/java/com/mgz/afp/goca/GDD_Parameter.java:232:7: Missing a Javadoc comment. [MissingJavadocMethod]
[ant:checkstyle] [WARN] /app/src/main/java/com/mgz/afp/goca/GDD_Parameter.java:237: Line is longer than 100 characters (found 125). [LineLength]
[ant:checkstyle] [WARN] /app/src/main/java/com/mgz/afp/goca/GDD_Parameter.java:250: Line is longer than 100 characters (found 118). [LineLength]
[ant:checkstyle] [WARN] /app/src/main/java/com/mgz/afp/goca/GDD_Parameter.java:251: Line is longer than 100 characters (found 118). [LineLength]
[ant:checkstyle] [WARN] /app/src/main/java/com/mgz/afp/goca/GDD_Parameter.java:261: Line is longer than 100 characters (found 103). [LineLength]
[ant:checkstyle] [WARN] /app/src/main/java/com/mgz/afp/goca/GDD_Parameter.java:283:7: Missing a Javadoc comment. [MissingJavadocMethod]
[ant:checkstyle] [WARN] /app/src/main/java/com/mgz/afp/goca/GDD_Parameter.java:292:7: Missing a Javadoc comment. [MissingJavadocMethod]
[ant:checkstyle] [WARN] /app/src/main/java/com/mgz/afp/goca/GDD_Parameter.java:301:7: Missing a Javadoc comment. [MissingJavadocMethod]
[ant:checkstyle] [WARN] /app/src/main/java/com/mgz/afp/goca/GDD_Parameter.java:307:5: Missing a Javadoc comment. [MissingJavadocType]
[ant:checkstyle] [WARN] /app/src/main/java/com/mgz/afp/goca/GDD_Parameter.java:317:7: Missing a Javadoc comment. [MissingJavadocMethod]
[ant:checkstyle] [WARN] /app/src/main/java/com/mgz/afp/goca/GDD_Parameter.java:322: Line is longer than 100 characters (found 125). [LineLength]
[ant:checkstyle] [WARN] /app/src/main/java/com/mgz/afp/goca/GDD_Parameter.java:329: Line is longer than 100 characters (found 105). [LineLength]
[ant:checkstyle] [WARN] /app/src/main/java/com/mgz/afp/goca/GDD_Parameter.java:330: Line is longer than 100 characters (found 122). [LineLength]
[ant:checkstyle] [WARN] /app/src/main/java/com/mgz/afp/goca/GDD_Parameter.java:331: Line is longer than 100 characters (found 103). [LineLength]
[ant:checkstyle] [WARN] /app/src/main/java/com/mgz/afp/goca/GDD_Parameter.java:332: Line is longer than 100 characters (found 105). [LineLength]
[ant:checkstyle] [WARN] /app/src/main/java/com/mgz/afp/goca/GDD_Parameter.java:367:7: Missing a Javadoc comment. [MissingJavadocMethod]
[ant:checkstyle] [WARN] /app/src/main/java/com/mgz/afp/goca/GDD_Parameter.java:376:7: Missing a Javadoc comment. [MissingJavadocMethod]
[ant:checkstyle] [WARN] /app/src/main/java/com/mgz/afp/goca/GDD_Parameter.java:385:7: Missing a Javadoc comment. [MissingJavadocMethod]
[ant:checkstyle] [WARN] /app/src/main/java/com/mgz/afp/goca/GDD_Parameter.java:394:7: Missing a Javadoc comment. [MissingJavadocMethod]
[ant:checkstyle] [WARN] /app/src/main/java/com/mgz/afp/goca/GDD_Parameter.java:400:5: Missing a Javadoc comment. [MissingJavadocType]
[ant:checkstyle] [WARN] /app/src/main/java/com/mgz/afp/goca/GDD_Parameter.java:402:12: Abbreviation in name 'characterAngleXY' must contain no more than '1' consecutive capital letters. [AbbreviationAsWordInName]
[ant:checkstyle] [WARN] /app/src/main/java/com/mgz/afp/goca/GDD_Parameter.java:404:12: Abbreviation in name 'characterCellSizeWH' must contain no more than '1' consecutive capital letters. [AbbreviationAsWordInName]
[ant:checkstyle] [WARN] /app/src/main/java/com/mgz/afp/goca/GDD_Parameter.java:412:12: Abbreviation in name 'characterShearXY' must contain no more than '1' consecutive capital letters. [AbbreviationAsWordInName]
[ant:checkstyle] [WARN] /app/src/main/java/com/mgz/afp/goca/GDD_Parameter.java:414:7: Missing a Javadoc comment. [MissingJavadocMethod]
[ant:checkstyle] [WARN] /app/src/main/java/com/mgz/afp/goca/GDD_Parameter.java:419: Line is longer than 100 characters (found 125). [LineLength]
[ant:checkstyle] [WARN] /app/src/main/java/com/mgz/afp/goca/GDD_Parameter.java:438: Line is longer than 100 characters (found 103). [LineLength]
[ant:checkstyle] [WARN] /app/src/main/java/com/mgz/afp/goca/GDD_Parameter.java:439: Line is longer than 100 characters (found 104). [LineLength]
[ant:checkstyle] [WARN] /app/src/main/java/com/mgz/afp/goca/GDD_Parameter.java:449: Line is longer than 100 characters (found 132). [LineLength]
[ant:checkstyle] [WARN] /app/src/main/java/com/mgz/afp/goca/GDD_Parameter.java:452: Line is longer than 100 characters (found 138). [LineLength]
[ant:checkstyle] [WARN] /app/src/main/java/com/mgz/afp/goca/GDD_Parameter.java:464: Line is longer than 100 characters (found 132). [LineLength]
[ant:checkstyle] [WARN] /app/src/main/java/com/mgz/afp/goca/GDD_Parameter.java:475:19: Abbreviation in name 'getCharacterAngleXY' must contain no more than '1' consecutive capital letters. [AbbreviationAsWordInName]
[ant:checkstyle] [WARN] /app/src/main/java/com/mgz/afp/goca/GDD_Parameter.java:479:7: Missing a Javadoc comment. [MissingJavadocMethod]
[ant:checkstyle] [WARN] /app/src/main/java/com/mgz/afp/goca/GDD_Parameter.java:479:19: Abbreviation in name 'setCharacterAngleXY' must contain no more than '1' consecutive capital letters. [AbbreviationAsWordInName]
[ant:checkstyle] [WARN] /app/src/main/java/com/mgz/afp/goca/GDD_Parameter.java:479:44: Abbreviation in name 'characterAngleXY' must contain no more than '1' consecutive capital letters. [AbbreviationAsWordInName]
[ant:checkstyle] [WARN] /app/src/main/java/com/mgz/afp/goca/GDD_Parameter.java:484:19: Abbreviation in name 'getCharacterCellSizeWH' must contain no more than '1' consecutive capital letters. [AbbreviationAsWordInName]
[ant:checkstyle] [WARN] /app/src/main/java/com/mgz/afp/goca/GDD_Parameter.java:488:7: Missing a Javadoc comment. [MissingJavadocMethod]
[ant:checkstyle] [WARN] /app/src/main/java/com/mgz/afp/goca/GDD_Parameter.java:488:19: Abbreviation in name 'setCharacterCellSizeWH' must contain no more than '1' consecutive capital letters. [AbbreviationAsWordInName]
[ant:checkstyle] [WARN] /app/src/main/java/com/mgz/afp/goca/GDD_Parameter.java:488:47: Abbreviation in name 'characterCellSizeWH' must contain no more than '1' consecutive capital letters. [AbbreviationAsWordInName]
[ant:checkstyle] [WARN] /app/src/main/java/com/mgz/afp/goca/GDD_Parameter.java:497:7: Missing a Javadoc comment. [MissingJavadocMethod]
[ant:checkstyle] [WARN] /app/src/main/java/com/mgz/afp/goca/GDD_Parameter.java:506:7: Missing a Javadoc comment. [MissingJavadocMethod]
[ant:checkstyle] [WARN] /app/src/main/java/com/mgz/afp/goca/GDD_Parameter.java:515:7: Missing a Javadoc comment. [MissingJavadocMethod]
[ant:checkstyle] [WARN] /app/src/main/java/com/mgz/afp/goca/GDD_Parameter.java:520:19: Abbreviation in name 'getCharacterShearXY' must contain no more than '1' consecutive capital letters. [AbbreviationAsWordInName]
[ant:checkstyle] [WARN] /app/src/main/java/com/mgz/afp/goca/GDD_Parameter.java:524:7: Missing a Javadoc comment. [MissingJavadocMethod]
[ant:checkstyle] [WARN] /app/src/main/java/com/mgz/afp/goca/GDD_Parameter.java:524:19: Abbreviation in name 'setCharacterShearXY' must contain no more than '1' consecutive capital letters. [AbbreviationAsWordInName]
[ant:checkstyle] [WARN] /app/src/main/java/com/mgz/afp/goca/GDD_Parameter.java:524:44: Abbreviation in name 'characterShearXY' must contain no more than '1' consecutive capital letters. [AbbreviationAsWordInName]
[ant:checkstyle] [WARN] /app/src/main/java/com/mgz/afp/goca/GDD_Parameter.java:530:5: Missing a Javadoc comment. [MissingJavadocType]
[ant:checkstyle] [WARN] /app/src/main/java/com/mgz/afp/goca/GDD_Parameter.java:538:7: Missing a Javadoc comment. [MissingJavadocMethod]
[ant:checkstyle] [WARN] /app/src/main/java/com/mgz/afp/goca/GDD_Parameter.java:543: Line is longer than 100 characters (found 125). [LineLength]
[ant:checkstyle] [WARN] /app/src/main/java/com/mgz/afp/goca/GDD_Parameter.java:582:7: Missing a Javadoc comment. [MissingJavadocMethod]
[ant:checkstyle] [WARN] /app/src/main/java/com/mgz/afp/goca/GDD_Parameter.java:591:7: Missing a Javadoc comment. [MissingJavadocMethod]
[ant:checkstyle] [WARN] /app/src/main/java/com/mgz/afp/goca/GDD_Parameter.java:600:7: Missing a Javadoc comment. [MissingJavadocMethod]
[ant:checkstyle] [WARN] /app/src/main/java/com/mgz/afp/goca/GDD_Parameter.java:606:5: Missing a Javadoc comment. [MissingJavadocType]
[ant:checkstyle] [WARN] /app/src/main/java/com/mgz/afp/goca/GDD_Parameter.java:612:7: Missing a Javadoc comment. [MissingJavadocMethod]
[ant:checkstyle] [WARN] /app/src/main/java/com/mgz/afp/goca/GDD_Parameter.java:617: Line is longer than 100 characters (found 125). [LineLength]
[ant:checkstyle] [WARN] /app/src/main/java/com/mgz/afp/goca/GDD_Parameter.java:651:7: Missing a Javadoc comment. [MissingJavadocMethod]
[ant:checkstyle] [WARN] /app/src/main/java/com/mgz/afp/goca/GDD_Parameter.java:660:7: Missing a Javadoc comment. [MissingJavadocMethod]
[ant:checkstyle] [WARN] /app/src/main/java/com/mgz/afp/goca/GDD_Parameter.java:666:5: Missing a Javadoc comment. [MissingJavadocType]
[ant:checkstyle] [WARN] /app/src/main/java/com/mgz/afp/goca/GDD_Parameter.java:676:7: Missing a Javadoc comment. [MissingJavadocMethod]
[ant:checkstyle] [WARN] /app/src/main/java/com/mgz/afp/goca/GDD_Parameter.java:681: Line is longer than 100 characters (found 125). [LineLength]
[ant:checkstyle] [WARN] /app/src/main/java/com/mgz/afp/goca/GDD_Parameter.java:719: Line is longer than 100 characters (found 127). [LineLength]
[ant:checkstyle] [WARN] /app/src/main/java/com/mgz/afp/goca/GDD_Parameter.java:722: Line is longer than 100 characters (found 127). [LineLength]
[ant:checkstyle] [WARN] /app/src/main/java/com/mgz/afp/goca/GDD_Parameter.java:725: Line is longer than 100 characters (found 127). [LineLength]
[ant:checkstyle] [WARN] /app/src/main/java/com/mgz/afp/goca/GDD_Parameter.java:728: Line is longer than 100 characters (found 127). [LineLength]
[ant:checkstyle] [WARN] /app/src/main/java/com/mgz/afp/goca/GDD_Parameter.java:741:7: Missing a Javadoc comment. [MissingJavadocMethod]
[ant:checkstyle] [WARN] /app/src/main/java/com/mgz/afp/goca/GDD_Parameter.java:750:7: Missing a Javadoc comment. [MissingJavadocMethod]
[ant:checkstyle] [WARN] /app/src/main/java/com/mgz/afp/goca/GDD_Parameter.java:759:7: Missing a Javadoc comment. [MissingJavadocMethod]
[ant:checkstyle] [WARN] /app/src/main/java/com/mgz/afp/goca/GDD_Parameter.java:768:7: Missing a Javadoc comment. [MissingJavadocMethod]
[ant:checkstyle] [WARN] /app/src/main/java/com/mgz/afp/goca/GDD_Parameter.java:774:5: Missing a Javadoc comment. [MissingJavadocType]
[ant:checkstyle] [WARN] /app/src/main/java/com/mgz/afp/goca/GDD_Parameter.java:782:7: Missing a Javadoc comment. [MissingJavadocMethod]
[ant:checkstyle] [WARN] /app/src/main/java/com/mgz/afp/goca/GDD_Parameter.java:787: Line is longer than 100 characters (found 125). [LineLength]
[ant:checkstyle] [WARN] /app/src/main/java/com/mgz/afp/goca/GDD_Parameter.java:792: Line is longer than 100 characters (found 118). [LineLength]
[ant:checkstyle] [WARN] /app/src/main/java/com/mgz/afp/goca/GDD_Parameter.java:793: Line is longer than 100 characters (found 118). [LineLength]
[ant:checkstyle] [WARN] /app/src/main/java/com/mgz/afp/goca/GDD_Parameter.java:809: Line is longer than 100 characters (found 107). [LineLength]
[ant:checkstyle] [WARN] /app/src/main/java/com/mgz/afp/goca/GDD_Parameter.java:812: Line is longer than 100 characters (found 107). [LineLength]
[ant:checkstyle] [WARN] /app/src/main/java/com/mgz/afp/goca/GDD_Parameter.java:831:7: Missing a Javadoc comment. [MissingJavadocMethod]
[ant:checkstyle] [WARN] /app/src/main/java/com/mgz/afp/goca/GDD_Parameter.java:840:7: Missing a Javadoc comment. [MissingJavadocMethod]
[ant:checkstyle] [WARN] /app/src/main/java/com/mgz/afp/goca/GDD_Parameter.java:849:7: Missing a Javadoc comment. [MissingJavadocMethod]
[ant:checkstyle] [WARN] /app/src/main/java/com/mgz/afp/goca/GDD_Parameter.java:855:5: Missing a Javadoc comment. [MissingJavadocType]
[ant:checkstyle] [WARN] /app/src/main/java/com/mgz/afp/goca/GDD_Parameter.java:859:7: Missing a Javadoc comment. [MissingJavadocMethod]
[ant:checkstyle] [WARN] /app/src/main/java/com/mgz/afp/goca/GDD_Parameter.java:864: Line is longer than 100 characters (found 125). [LineLength]
[ant:checkstyle] [WARN] /app/src/main/java/com/mgz/afp/goca/GDD_Parameter.java:881: Line is longer than 100 characters (found 104). [LineLength]
[ant:checkstyle] [WARN] /app/src/main/java/com/mgz/afp/goca/GDD_Parameter.java:889:7: Missing a Javadoc comment. [MissingJavadocMethod]
[ant:checkstyle] [WARN] /app/src/main/java/com/mgz/afp/goca/GDD_Parameter.java:896:3: Missing a Javadoc comment. [MissingJavadocType]
[ant:checkstyle] [WARN] /app/src/main/java/com/mgz/afp/goca/GDD_Parameter.java:905:17: Abbreviation in name 'unitBaseGPS' must contain no more than '1' consecutive capital letters. [AbbreviationAsWordInName]
[ant:checkstyle] [WARN] /app/src/main/java/com/mgz/afp/goca/GDD_Parameter.java:911:9: Abbreviation in name 'imageResolutionXY' must contain no more than '1' consecutive capital letters. [AbbreviationAsWordInName]
[ant:checkstyle] [WARN] /app/src/main/java/com/mgz/afp/goca/GDD_Parameter.java:913:9: Abbreviation in name 'leftEdgeOfGPSWindow' must contain no more than '1' consecutive capital letters. [AbbreviationAsWordInName]
[ant:checkstyle] [WARN] /app/src/main/java/com/mgz/afp/goca/GDD_Parameter.java:915:9: Abbreviation in name 'rightEdgeOfGPSWindow' must contain no more than '1' consecutive capital letters. [AbbreviationAsWordInName]
[ant:checkstyle] [WARN] /app/src/main/java/com/mgz/afp/goca/GDD_Parameter.java:917:9: Abbreviation in name 'bottomEdgeOfGPSWindow' must contain no more than '1' consecutive capital letters. [AbbreviationAsWordInName]
[ant:checkstyle] [WARN] /app/src/main/java/com/mgz/afp/goca/GDD_Parameter.java:919:9: Abbreviation in name 'topEdgeOfGPSWindow' must contain no more than '1' consecutive capital letters. [AbbreviationAsWordInName]
[ant:checkstyle] [WARN] /app/src/main/java/com/mgz/afp/goca/GDD_Parameter.java:924: Line is longer than 100 characters (found 123). [LineLength]
[ant:checkstyle] [WARN] /app/src/main/java/com/mgz/afp/goca/GDD_Parameter.java:950: Line is longer than 100 characters (found 111). [LineLength]
[ant:checkstyle] [WARN] /app/src/main/java/com/mgz/afp/goca/GDD_Parameter.java:991:24: Abbreviation in name 'getUnitBaseGPS' must contain no more than '1' consecutive capital letters. [AbbreviationAsWordInName]
[ant:checkstyle] [WARN] /app/src/main/java/com/mgz/afp/goca/GDD_Parameter.java:995:17: Abbreviation in name 'setUnitBaseGPS' must contain no more than '1' consecutive capital letters. [AbbreviationAsWordInName]
[ant:checkstyle] [WARN] /app/src/main/java/com/mgz/afp/goca/GDD_Parameter.java:995:44: Abbreviation in name 'unitBaseGPS' must contain no more than '1' consecutive capital letters. [AbbreviationAsWordInName]
[ant:checkstyle] [WARN] /app/src/main/java/com/mgz/afp/goca/GDD_Parameter.java:1015:16: Abbreviation in name 'getImageResolutionXY' must contain no more than '1' consecutive capital letters. [AbbreviationAsWordInName]
[ant:checkstyle] [WARN] /app/src/main/java/com/mgz/afp/goca/GDD_Parameter.java:1019:17: Abbreviation in name 'setImageResolutionXY' must contain no more than '1' consecutive capital letters. [AbbreviationAsWordInName]
[ant:checkstyle] [WARN] /app/src/main/java/com/mgz/afp/goca/GDD_Parameter.java:1019:42: Abbreviation in name 'imageResolutionXY' must contain no more than '1' consecutive capital letters. [AbbreviationAsWordInName]
[ant:checkstyle] [WARN] /app/src/main/java/com/mgz/afp/goca/GDD_Parameter.java:1023:16: Abbreviation in name 'getLeftEdgeOfGPSWindow' must contain no more than '1' consecutive capital letters. [AbbreviationAsWordInName]
[ant:checkstyle] [WARN] /app/src/main/java/com/mgz/afp/goca/GDD_Parameter.java:1027:17: Abbreviation in name 'setLeftEdgeOfGPSWindow' must contain no more than '1' consecutive capital letters. [AbbreviationAsWordInName]
[ant:checkstyle] [WARN] /app/src/main/java/com/mgz/afp/goca/GDD_Parameter.java:1027:44: Abbreviation in name 'leftEdgeOfGPSWindow' must contain no more than '1' consecutive capital letters. [AbbreviationAsWordInName]
[ant:checkstyle] [WARN] /app/src/main/java/com/mgz/afp/goca/GDD_Parameter.java:1031:16: Abbreviation in name 'getRightEdgeOfGPSWindow' must contain no more than '1' consecutive capital letters. [AbbreviationAsWordInName]
[ant:checkstyle] [WARN] /app/src/main/java/com/mgz/afp/goca/GDD_Parameter.java:1035:17: Abbreviation in name 'setRightEdgeOfGPSWindow' must contain no more than '1' consecutive capital letters. [AbbreviationAsWordInName]
[ant:checkstyle] [WARN] /app/src/main/java/com/mgz/afp/goca/GDD_Parameter.java:1035:45: Abbreviation in name 'rightEdgeOfGPSWindow' must contain no more than '1' consecutive capital letters. [AbbreviationAsWordInName]
[ant:checkstyle] [WARN] /app/src/main/java/com/mgz/afp/goca/GDD_Parameter.java:1039:16: Abbreviation in name 'getBottomEdgeOfGPSWindow' must contain no more than '1' consecutive capital letters. [AbbreviationAsWordInName]
[ant:checkstyle] [WARN] /app/src/main/java/com/mgz/afp/goca/GDD_Parameter.java:1043:17: Abbreviation in name 'setBottomEdgeOfGPSWindow' must contain no more than '1' consecutive capital letters. [AbbreviationAsWordInName]
[ant:checkstyle] [WARN] /app/src/main/java/com/mgz/afp/goca/GDD_Parameter.java:1043:46: Abbreviation in name 'bottomEdgeOfGPSWindow' must contain no more than '1' consecutive capital letters. [AbbreviationAsWordInName]
[ant:checkstyle] [WARN] /app/src/main/java/com/mgz/afp/goca/GDD_Parameter.java:1047:16: Abbreviation in name 'getTopEdgeOfGPSWindow' must contain no more than '1' consecutive capital letters. [AbbreviationAsWordInName]
[ant:checkstyle] [WARN] /app/src/main/java/com/mgz/afp/goca/GDD_Parameter.java:1051:17: Abbreviation in name 'setTopEdgeOfGPSWindow' must contain no more than '1' consecutive capital letters. [AbbreviationAsWordInName]
[ant:checkstyle] [WARN] /app/src/main/java/com/mgz/afp/goca/GDD_Parameter.java:1051:43: Abbreviation in name 'topEdgeOfGPSWindow' must contain no more than '1' consecutive capital letters. [AbbreviationAsWordInName]
[ant:checkstyle] [WARN] /app/src/main/java/com/mgz/afp/goca/GDD_Parameter.java:1059:5: Missing a Javadoc comment. [MissingJavadocMethod]
[ant:checkstyle] [WARN] /app/src/main/java/com/mgz/afp/goca/GDD_Parameter.java:1061: Line is longer than 100 characters (found 111). [LineLength]
[ant:checkstyle] [WARN] /app/src/main/java/com/mgz/afp/goca/GDD_Parameter.java:1064:5: Missing a Javadoc comment. [MissingJavadocType]
[ant:checkstyle] [WARN] /app/src/main/java/com/mgz/afp/goca/GDD_Parameter.java:1072:54: Only one statement per line allowed. [OneStatementPerLine]
[ant:checkstyle] [WARN] /app/src/main/java/com/mgz/afp/goca/GDD_Parameter.java:1080:7: Missing a Javadoc comment. [MissingJavadocMethod]
[ant:checkstyle] [WARN] /app/src/main/java/com/mgz/afp/goca/GDD_Parameter.java:1081: Line is longer than 100 characters (found 136). [LineLength]
[ant:checkstyle] [WARN] /app/src/main/java/com/mgz/afp/goca/GDD_Parameter.java:1107:7: Missing a Javadoc comment. [MissingJavadocMethod]
[ant:checkstyle] [WARN] /app/src/main/java/com/mgz/afp/goca/GDD_Parameter.java:1126: Line is longer than 100 characters (found 142). [LineLength]
[ant:checkstyle] [WARN] /app/src/main/java/com/mgz/afp/goca/GDD_Parameter.java:1126:7: Missing a Javadoc comment. [MissingJavadocMethod]
[ant:checkstyle] [WARN] /app/src/main/java/com/mgz/afp/goca/GDD_Parameter.java:1127: Line is longer than 100 characters (found 112). [LineLength]
[ant:checkstyle] [WARN] /app/src/main/java/com/mgz/afp/goca/GDD_Parameter.java:1138:3: Missing a Javadoc comment. [MissingJavadocType]
[ant:checkstyle] [WARN] /app/src/main/java/com/mgz/afp/goca/GDD_Parameter.java:1152:5: Missing a Javadoc comment. [MissingJavadocMethod]
[ant:checkstyle] [WARN] /app/src/main/java/com/mgz/afp/goca/GDD_Parameter.java:1164: Line is longer than 100 characters (found 123). [LineLength]
[ant:checkstyle] [WARN] /app/src/main/java/com/mgz/afp/goca/GDD_GraphicsDataDescriptor.java:27:1: Extra separation in import group before 'java.io.ByteArrayOutputStream' [CustomImportOrder]
[ant:checkstyle] [WARN] /app/src/main/java/com/mgz/afp/goca/GDD_GraphicsDataDescriptor.java:33:1: Missing a Javadoc comment. [MissingJavadocType]
[ant:checkstyle] [WARN] /app/src/main/java/com/mgz/afp/goca/GDD_GraphicsDataDescriptor.java:33:14: Abbreviation in name 'GDD_GraphicsDataDescriptor' must contain no more than '1' consecutive capital letters. [AbbreviationAsWordInName]
[ant:checkstyle] [WARN] /app/src/main/java/com/mgz/afp/goca/GDD_GraphicsDataDescriptor.java:33:14: Type name 'GDD_GraphicsDataDescriptor' must match pattern '^[A-Z][a-zA-Z0-9]*(?:[0-9](?:_[0-9]+)*)?$'. [TypeName]
[ant:checkstyle] [WARN] /app/src/main/java/com/mgz/afp/goca/GDD_GraphicsDataDescriptor.java:41: Line is longer than 100 characters (found 121). [LineLength]
[ant:checkstyle] [WARN] /app/src/main/java/com/mgz/afp/goca/GDD_GraphicsDataDescriptor.java:50: Line is longer than 100 characters (found 110). [LineLength]
[ant:checkstyle] [WARN] /app/src/main/java/com/mgz/afp/goca/GAD_DrawingOrder.java:28:1: Wrong lexicographical order for 'com.mgz.afp.enums.IMutualExclusiveGroupedFlag' import. Should be before 'com.mgz.afp.parser.AFPParserConfiguration'. [CustomImportOrder]
[ant:checkstyle] [WARN] /app/src/main/java/com/mgz/afp/goca/GAD_DrawingOrder.java:29:1: Wrong lexicographical order for 'com.mgz.afp.enums.MutualExclusiveGroupedFlagHandler' import. Should be before 'com.mgz.afp.parser.AFPParserConfiguration'. [CustomImportOrder]
[ant:checkstyle] [WARN] /app/src/main/java/com/mgz/afp/goca/GAD_DrawingOrder.java:34:1: Extra separation in import group before 'com.fasterxml.jackson.dataformat.xml.annotation.JacksonXmlProperty' [CustomImportOrder]
[ant:checkstyle] [WARN] /app/src/main/java/com/mgz/afp/goca/GAD_DrawingOrder.java:34:1: Wrong lexicographical order for 'com.fasterxml.jackson.dataformat.xml.annotation.JacksonXmlProperty' import. Should be before 'com.mgz.util.UtilCharacterEncoding'. [CustomImportOrder]
[ant:checkstyle] [WARN] /app/src/main/java/com/mgz/afp/goca/GAD_DrawingOrder.java:35:1: Wrong lexicographical order for 'com.fasterxml.jackson.dataformat.xml.annotation.JacksonXmlRootElement' import. Should be before 'com.mgz.util.UtilCharacterEncoding'. [CustomImportOrder]
[ant:checkstyle] [WARN] /app/src/main/java/com/mgz/afp/goca/GAD_DrawingOrder.java:43:1: Missing a Javadoc comment. [MissingJavadocType]
[ant:checkstyle] [WARN] /app/src/main/java/com/mgz/afp/goca/GAD_DrawingOrder.java:43:30: Abbreviation in name 'GAD_DrawingOrder' must contain no more than '1' consecutive capital letters. [AbbreviationAsWordInName]
[ant:checkstyle] [WARN] /app/src/main/java/com/mgz/afp/goca/GAD_DrawingOrder.java:43:30: Type name 'GAD_DrawingOrder' must match pattern '^[A-Z][a-zA-Z0-9]*(?:[0-9](?:_[0-9]+)*)?$'. [TypeName]
[ant:checkstyle] [WARN] /app/src/main/java/com/mgz/afp/goca/GAD_DrawingOrder.java:69:3: Missing a Javadoc comment. [MissingJavadocType]
[ant:checkstyle] [WARN] /app/src/main/java/com/mgz/afp/goca/GAD_DrawingOrder.java:69:17: 'abstract' modifier out of order with the JLS suggestions. [ModifierOrder]
[ant:checkstyle] [WARN] /app/src/main/java/com/mgz/afp/goca/GAD_DrawingOrder.java:69:39: Type name 'DrawingOrder_HasPoints' must match pattern '^[A-Z][a-zA-Z0-9]*(?:[0-9](?:_[0-9]+)*)?$'. [TypeName]
[ant:checkstyle] [WARN] /app/src/main/java/com/mgz/afp/goca/GAD_DrawingOrder.java:85: Line is longer than 100 characters (found 123). [LineLength]
[ant:checkstyle] [WARN] /app/src/main/java/com/mgz/afp/goca/GAD_DrawingOrder.java:90: Line is longer than 100 characters (found 114). [LineLength]
[ant:checkstyle] [WARN] /app/src/main/java/com/mgz/afp/goca/GAD_DrawingOrder.java:97: Line is longer than 100 characters (found 122). [LineLength]
[ant:checkstyle] [WARN] /app/src/main/java/com/mgz/afp/goca/GAD_DrawingOrder.java:218:3: Missing a Javadoc comment. [MissingJavadocType]
[ant:checkstyle] [WARN] /app/src/main/java/com/mgz/afp/goca/GAD_DrawingOrder.java:218:29: Abbreviation in name 'GNOP1_NopOperation' must contain no more than '1' consecutive capital letters. [AbbreviationAsWordInName]
[ant:checkstyle] [WARN] /app/src/main/java/com/mgz/afp/goca/GAD_DrawingOrder.java:218:29: Type name 'GNOP1_NopOperation' must match pattern '^[A-Z][a-zA-Z0-9]*(?:[0-9](?:_[0-9]+)*)?$'. [TypeName]
[ant:checkstyle] [WARN] /app/src/main/java/com/mgz/afp/goca/GAD_DrawingOrder.java:225: Line is longer than 100 characters (found 123). [LineLength]
[ant:checkstyle] [WARN] /app/src/main/java/com/mgz/afp/goca/GAD_DrawingOrder.java:235:3: Missing a Javadoc comment. [MissingJavadocType]
[ant:checkstyle] [WARN] /app/src/main/java/com/mgz/afp/goca/GAD_DrawingOrder.java:235:29: Abbreviation in name 'GCOMT_Comment' must contain no more than '1' consecutive capital letters. [AbbreviationAsWordInName]
[ant:checkstyle] [WARN] /app/src/main/java/com/mgz/afp/goca/GAD_DrawingOrder.java:235:29: Type name 'GCOMT_Comment' must match pattern '^[A-Z][a-zA-Z0-9]*(?:[0-9](?:_[0-9]+)*)?$'. [TypeName]
[ant:checkstyle] [WARN] /app/src/main/java/com/mgz/afp/goca/GAD_DrawingOrder.java:251: Line is longer than 100 characters (found 123). [LineLength]
[ant:checkstyle] [WARN] /app/src/main/java/com/mgz/afp/goca/GAD_DrawingOrder.java:294:3: Missing a Javadoc comment. [MissingJavadocType]
[ant:checkstyle] [WARN] /app/src/main/java/com/mgz/afp/goca/GAD_DrawingOrder.java:295:29: Abbreviation in name 'GBSEG_BeginSegment' must contain no more than '1' consecutive capital letters. [AbbreviationAsWordInName]
[ant:checkstyle] [WARN] /app/src/main/java/com/mgz/afp/goca/GAD_DrawingOrder.java:295:29: Type name 'GBSEG_BeginSegment' must match pattern '^[A-Z][a-zA-Z0-9]*(?:[0-9](?:_[0-9]+)*)?$'. [TypeName]
[ant:checkstyle] [WARN] /app/src/main/java/com/mgz/afp/goca/GAD_DrawingOrder.java:306: Line is longer than 100 characters (found 104). [LineLength]
[ant:checkstyle] [WARN] /app/src/main/java/com/mgz/afp/goca/GAD_DrawingOrder.java:346: Line is longer than 100 characters (found 123). [LineLength]
[ant:checkstyle] [WARN] /app/src/main/java/com/mgz/afp/goca/GAD_DrawingOrder.java:354: Line is longer than 100 characters (found 101). [LineLength]
[ant:checkstyle] [WARN] /app/src/main/java/com/mgz/afp/goca/GAD_DrawingOrder.java:361: Line is longer than 100 characters (found 108). [LineLength]
[ant:checkstyle] [WARN] /app/src/main/java/com/mgz/afp/goca/GAD_DrawingOrder.java:478:5: Missing a Javadoc comment. [MissingJavadocType]
[ant:checkstyle] [WARN] /app/src/main/java/com/mgz/afp/goca/GAD_DrawingOrder.java:494:7: Missing a Javadoc comment. [MissingJavadocMethod]
[ant:checkstyle] [WARN] /app/src/main/java/com/mgz/afp/goca/GAD_DrawingOrder.java:494:52: Abbreviation in name 'valueOF' must contain no more than '1' consecutive capital letters. [AbbreviationAsWordInName]
[ant:checkstyle] [WARN] /app/src/main/java/com/mgz/afp/goca/GAD_DrawingOrder.java:519:7: Missing a Javadoc comment. [MissingJavadocMethod]
[ant:checkstyle] [WARN] /app/src/main/java/com/mgz/afp/goca/GAD_DrawingOrder.java:539:7: Missing a Javadoc comment. [MissingJavadocMethod]
[ant:checkstyle] [WARN] /app/src/main/java/com/mgz/afp/goca/GAD_DrawingOrder.java:551:3: Missing a Javadoc comment. [MissingJavadocType]
[ant:checkstyle] [WARN] /app/src/main/java/com/mgz/afp/goca/GAD_DrawingOrder.java:551:29: Abbreviation in name 'GSGCH_SegmentCharacteristics' must contain no more than '1' consecutive capital letters. [AbbreviationAsWordInName]
[ant:checkstyle] [WARN] /app/src/main/java/com/mgz/afp/goca/GAD_DrawingOrder.java:551:29: Type name 'GSGCH_SegmentCharacteristics' must match pattern '^[A-Z][a-zA-Z0-9]*(?:[0-9](?:_[0-9]+)*)?$'. [TypeName]
[ant:checkstyle] [WARN] /app/src/main/java/com/mgz/afp/goca/GAD_DrawingOrder.java:568: Line is longer than 100 characters (found 123). [LineLength]
[ant:checkstyle] [WARN] /app/src/main/java/com/mgz/afp/goca/GAD_DrawingOrder.java:612:3: Missing a Javadoc comment. [MissingJavadocType]
[ant:checkstyle] [WARN] /app/src/main/java/com/mgz/afp/goca/GAD_DrawingOrder.java:612:29: Abbreviation in name 'GSPS_SetPatternSet' must contain no more than '1' consecutive capital letters. [AbbreviationAsWordInName]
[ant:checkstyle] [WARN] /app/src/main/java/com/mgz/afp/goca/GAD_DrawingOrder.java:612:29: Type name 'GSPS_SetPatternSet' must match pattern '^[A-Z][a-zA-Z0-9]*(?:[0-9](?:_[0-9]+)*)?$'. [TypeName]
[ant:checkstyle] [WARN] /app/src/main/java/com/mgz/afp/goca/GAD_DrawingOrder.java:614:18: Abbreviation in name 'patternLocalID' must contain no more than '1' consecutive capital letters. [AbbreviationAsWordInName]
[ant:checkstyle] [WARN] /app/src/main/java/com/mgz/afp/goca/GAD_DrawingOrder.java:623: Line is longer than 100 characters (found 123). [LineLength]
[ant:checkstyle] [WARN] /app/src/main/java/com/mgz/afp/goca/GAD_DrawingOrder.java:634:18: Abbreviation in name 'getPatternLocalID' must contain no more than '1' consecutive capital letters. [AbbreviationAsWordInName]
[ant:checkstyle] [WARN] /app/src/main/java/com/mgz/afp/goca/GAD_DrawingOrder.java:638:17: Abbreviation in name 'setPatternLocalID' must contain no more than '1' consecutive capital letters. [AbbreviationAsWordInName]
[ant:checkstyle] [WARN] /app/src/main/java/com/mgz/afp/goca/GAD_DrawingOrder.java:638:41: Abbreviation in name 'patternLocalID' must contain no more than '1' consecutive capital letters. [AbbreviationAsWordInName]
[ant:checkstyle] [WARN] /app/src/main/java/com/mgz/afp/goca/GAD_DrawingOrder.java:643:3: Missing a Javadoc comment. [MissingJavadocType]
[ant:checkstyle] [WARN] /app/src/main/java/com/mgz/afp/goca/GAD_DrawingOrder.java:643:29: Abbreviation in name 'GSCOL_SetColor' must contain no more than '1' consecutive capital letters. [AbbreviationAsWordInName]
[ant:checkstyle] [WARN] /app/src/main/java/com/mgz/afp/goca/GAD_DrawingOrder.java:643:29: Type name 'GSCOL_SetColor' must match pattern '^[A-Z][a-zA-Z0-9]*(?:[0-9](?:_[0-9]+)*)?$'. [TypeName]
[ant:checkstyle] [WARN] /app/src/main/java/com/mgz/afp/goca/GAD_DrawingOrder.java:654: Line is longer than 100 characters (found 123). [LineLength]
[ant:checkstyle] [WARN] /app/src/main/java/com/mgz/afp/goca/GAD_DrawingOrder.java:674:3: Missing a Javadoc comment. [MissingJavadocType]
[ant:checkstyle] [WARN] /app/src/main/java/com/mgz/afp/goca/GAD_DrawingOrder.java:674:29: Abbreviation in name 'GSMX_SetMix' must contain no more than '1' consecutive capital letters. [AbbreviationAsWordInName]
[ant:checkstyle] [WARN] /app/src/main/java/com/mgz/afp/goca/GAD_DrawingOrder.java:674:29: Type name 'GSMX_SetMix' must match pattern '^[A-Z][a-zA-Z0-9]*(?:[0-9](?:_[0-9]+)*)?$'. [TypeName]
[ant:checkstyle] [WARN] /app/src/main/java/com/mgz/afp/goca/GAD_DrawingOrder.java:685: Line is longer than 100 characters (found 123). [LineLength]
[ant:checkstyle] [WARN] /app/src/main/java/com/mgz/afp/goca/GAD_DrawingOrder.java:705:3: Missing a Javadoc comment. [MissingJavadocType]
[ant:checkstyle] [WARN] /app/src/main/java/com/mgz/afp/goca/GAD_DrawingOrder.java:705:29: Abbreviation in name 'GSBMX_SetBackgroundMix' must contain no more than '1' consecutive capital letters. [AbbreviationAsWordInName]
[ant:checkstyle] [WARN] /app/src/main/java/com/mgz/afp/goca/GAD_DrawingOrder.java:705:29: Type name 'GSBMX_SetBackgroundMix' must match pattern '^[A-Z][a-zA-Z0-9]*(?:[0-9](?:_[0-9]+)*)?$'. [TypeName]
[ant:checkstyle] [WARN] /app/src/main/java/com/mgz/afp/goca/GAD_DrawingOrder.java:716: Line is longer than 100 characters (found 123). [LineLength]
[ant:checkstyle] [WARN] /app/src/main/java/com/mgz/afp/goca/GAD_DrawingOrder.java:736:3: Missing a Javadoc comment. [MissingJavadocType]
[ant:checkstyle] [WARN] /app/src/main/java/com/mgz/afp/goca/GAD_DrawingOrder.java:736:29: Abbreviation in name 'GSFLW_SetFractionLineWidth' must contain no more than '1' consecutive capital letters. [AbbreviationAsWordInName]
[ant:checkstyle] [WARN] /app/src/main/java/com/mgz/afp/goca/GAD_DrawingOrder.java:736:29: Type name 'GSFLW_SetFractionLineWidth' must match pattern '^[A-Z][a-zA-Z0-9]*(?:[0-9](?:_[0-9]+)*)?$'. [TypeName]
[ant:checkstyle] [WARN] /app/src/main/java/com/mgz/afp/goca/GAD_DrawingOrder.java:753: Line is longer than 100 characters (found 123). [LineLength]
[ant:checkstyle] [WARN] /app/src/main/java/com/mgz/afp/goca/GAD_DrawingOrder.java:794:3: Missing a Javadoc comment. [MissingJavadocType]
[ant:checkstyle] [WARN] /app/src/main/java/com/mgz/afp/goca/GAD_DrawingOrder.java:794:29: Abbreviation in name 'GSLT_SetLineType' must contain no more than '1' consecutive capital letters. [AbbreviationAsWordInName]
[ant:checkstyle] [WARN] /app/src/main/java/com/mgz/afp/goca/GAD_DrawingOrder.java:794:29: Type name 'GSLT_SetLineType' must match pattern '^[A-Z][a-zA-Z0-9]*(?:[0-9](?:_[0-9]+)*)?$'. [TypeName]
[ant:checkstyle] [WARN] /app/src/main/java/com/mgz/afp/goca/GAD_DrawingOrder.java:805: Line is longer than 100 characters (found 123). [LineLength]
[ant:checkstyle] [WARN] /app/src/main/java/com/mgz/afp/goca/GAD_DrawingOrder.java:824:5: Missing a Javadoc comment. [MissingJavadocType]
[ant:checkstyle] [WARN] /app/src/main/java/com/mgz/afp/goca/GAD_DrawingOrder.java:835:7: Missing a Javadoc comment. [MissingJavadocMethod]
[ant:checkstyle] [WARN] /app/src/main/java/com/mgz/afp/goca/GAD_DrawingOrder.java:841: Line is longer than 100 characters (found 142). [LineLength]
[ant:checkstyle] [WARN] /app/src/main/java/com/mgz/afp/goca/GAD_DrawingOrder.java:844:7: Missing a Javadoc comment. [MissingJavadocMethod]
[ant:checkstyle] [WARN] /app/src/main/java/com/mgz/afp/goca/GAD_DrawingOrder.java:850:3: Missing a Javadoc comment. [MissingJavadocType]
[ant:checkstyle] [WARN] /app/src/main/java/com/mgz/afp/goca/GAD_DrawingOrder.java:850:29: Abbreviation in name 'GSPIK_SetPickIdentifier' must contain no more than '1' consecutive capital letters. [AbbreviationAsWordInName]
[ant:checkstyle] [WARN] /app/src/main/java/com/mgz/afp/goca/GAD_DrawingOrder.java:850:29: Type name 'GSPIK_SetPickIdentifier' must match pattern '^[A-Z][a-zA-Z0-9]*(?:[0-9](?:_[0-9]+)*)?$'. [TypeName]
[ant:checkstyle] [WARN] /app/src/main/java/com/mgz/afp/goca/GAD_DrawingOrder.java:861: Line is longer than 100 characters (found 123). [LineLength]
[ant:checkstyle] [WARN] /app/src/main/java/com/mgz/afp/goca/GAD_DrawingOrder.java:873:3: Missing a Javadoc comment. [MissingJavadocType]
[ant:checkstyle] [WARN] /app/src/main/java/com/mgz/afp/goca/GAD_DrawingOrder.java:873:29: Abbreviation in name 'GESEG_EndSegment' must contain no more than '1' consecutive capital letters. [AbbreviationAsWordInName]
[ant:checkstyle] [WARN] /app/src/main/java/com/mgz/afp/goca/GAD_DrawingOrder.java:873:29: Type name 'GESEG_EndSegment' must match pattern '^[A-Z][a-zA-Z0-9]*(?:[0-9](?:_[0-9]+)*)?$'. [TypeName]
[ant:checkstyle] [WARN] /app/src/main/java/com/mgz/afp/goca/GAD_DrawingOrder.java:884: Line is longer than 100 characters (found 123). [LineLength]
[ant:checkstyle] [WARN] /app/src/main/java/com/mgz/afp/goca/GAD_DrawingOrder.java:896:3: Missing a Javadoc comment. [MissingJavadocType]
[ant:checkstyle] [WARN] /app/src/main/java/com/mgz/afp/goca/GAD_DrawingOrder.java:896:29: Abbreviation in name 'GSLW_SetLineWidth' must contain no more than '1' consecutive capital letters. [AbbreviationAsWordInName]
[ant:checkstyle] [WARN] /app/src/main/java/com/mgz/afp/goca/GAD_DrawingOrder.java:896:29: Type name 'GSLW_SetLineWidth' must match pattern '^[A-Z][a-zA-Z0-9]*(?:[0-9](?:_[0-9]+)*)?$'. [TypeName]
[ant:checkstyle] [WARN] /app/src/main/java/com/mgz/afp/goca/GAD_DrawingOrder.java:907: Line is longer than 100 characters (found 123). [LineLength]
[ant:checkstyle] [WARN] /app/src/main/java/com/mgz/afp/goca/GAD_DrawingOrder.java:927:3: Missing a Javadoc comment. [MissingJavadocType]
[ant:checkstyle] [WARN] /app/src/main/java/com/mgz/afp/goca/GAD_DrawingOrder.java:927:29: Abbreviation in name 'GSLE_SetLineEnd' must contain no more than '1' consecutive capital letters. [AbbreviationAsWordInName]
[ant:checkstyle] [WARN] /app/src/main/java/com/mgz/afp/goca/GAD_DrawingOrder.java:927:29: Type name 'GSLE_SetLineEnd' must match pattern '^[A-Z][a-zA-Z0-9]*(?:[0-9](?:_[0-9]+)*)?$'. [TypeName]
[ant:checkstyle] [WARN] /app/src/main/java/com/mgz/afp/goca/GAD_DrawingOrder.java:938: Line is longer than 100 characters (found 123). [LineLength]
[ant:checkstyle] [WARN] /app/src/main/java/com/mgz/afp/goca/GAD_DrawingOrder.java:957:5: Missing a Javadoc comment. [MissingJavadocType]
[ant:checkstyle] [WARN] /app/src/main/java/com/mgz/afp/goca/GAD_DrawingOrder.java:963:7: Missing a Javadoc comment. [MissingJavadocMethod]
[ant:checkstyle] [WARN] /app/src/main/java/com/mgz/afp/goca/GAD_DrawingOrder.java:969: Line is longer than 100 characters (found 141). [LineLength]
[ant:checkstyle] [WARN] /app/src/main/java/com/mgz/afp/goca/GAD_DrawingOrder.java:972:7: Missing a Javadoc comment. [MissingJavadocMethod]
[ant:checkstyle] [WARN] /app/src/main/java/com/mgz/afp/goca/GAD_DrawingOrder.java:978:3: Missing a Javadoc comment. [MissingJavadocType]
[ant:checkstyle] [WARN] /app/src/main/java/com/mgz/afp/goca/GAD_DrawingOrder.java:978:29: Abbreviation in name 'GSLJ_SetLineJoin' must contain no more than '1' consecutive capital letters. [AbbreviationAsWordInName]
[ant:checkstyle] [WARN] /app/src/main/java/com/mgz/afp/goca/GAD_DrawingOrder.java:978:29: Type name 'GSLJ_SetLineJoin' must match pattern '^[A-Z][a-zA-Z0-9]*(?:[0-9](?:_[0-9]+)*)?$'. [TypeName]
[ant:checkstyle] [WARN] /app/src/main/java/com/mgz/afp/goca/GAD_DrawingOrder.java:989: Line is longer than 100 characters (found 123). [LineLength]
[ant:checkstyle] [WARN] /app/src/main/java/com/mgz/afp/goca/GAD_DrawingOrder.java:1008:5: Missing a Javadoc comment. [MissingJavadocType]
[ant:checkstyle] [WARN] /app/src/main/java/com/mgz/afp/goca/GAD_DrawingOrder.java:1014:7: Missing a Javadoc comment. [MissingJavadocMethod]
[ant:checkstyle] [WARN] /app/src/main/java/com/mgz/afp/goca/GAD_DrawingOrder.java:1020: Line is longer than 100 characters (found 142). [LineLength]
[ant:checkstyle] [WARN] /app/src/main/java/com/mgz/afp/goca/GAD_DrawingOrder.java:1023:7: Missing a Javadoc comment. [MissingJavadocMethod]
[ant:checkstyle] [WARN] /app/src/main/java/com/mgz/afp/goca/GAD_DrawingOrder.java:1029:3: Missing a Javadoc comment. [MissingJavadocType]
[ant:checkstyle] [WARN] /app/src/main/java/com/mgz/afp/goca/GAD_DrawingOrder.java:1029:29: Abbreviation in name 'GSCLT_SetCustomLineType' must contain no more than '1' consecutive capital letters. [AbbreviationAsWordInName]
[ant:checkstyle] [WARN] /app/src/main/java/com/mgz/afp/goca/GAD_DrawingOrder.java:1029:29: Type name 'GSCLT_SetCustomLineType' must match pattern '^[A-Z][a-zA-Z0-9]*(?:[0-9](?:_[0-9]+)*)?$'. [TypeName]
[ant:checkstyle] [WARN] /app/src/main/java/com/mgz/afp/goca/GAD_DrawingOrder.java:1043: Line is longer than 100 characters (found 123). [LineLength]
[ant:checkstyle] [WARN] /app/src/main/java/com/mgz/afp/goca/GAD_DrawingOrder.java:1055: Line is longer than 100 characters (found 116). [LineLength]
[ant:checkstyle] [WARN] /app/src/main/java/com/mgz/afp/goca/GAD_DrawingOrder.java:1076:5: Missing a Javadoc comment. [MissingJavadocType]
[ant:checkstyle] [WARN] /app/src/main/java/com/mgz/afp/goca/GAD_DrawingOrder.java:1083:3: Missing a Javadoc comment. [MissingJavadocType]
[ant:checkstyle] [WARN] /app/src/main/java/com/mgz/afp/goca/GAD_DrawingOrder.java:1083:29: Abbreviation in name 'GSCP_SetCurrentPosition' must contain no more than '1' consecutive capital letters. [AbbreviationAsWordInName]
[ant:checkstyle] [WARN] /app/src/main/java/com/mgz/afp/goca/GAD_DrawingOrder.java:1083:29: Type name 'GSCP_SetCurrentPosition' must match pattern '^[A-Z][a-zA-Z0-9]*(?:[0-9](?:_[0-9]+)*)?$'. [TypeName]
[ant:checkstyle] [WARN] /app/src/main/java/com/mgz/afp/goca/GAD_DrawingOrder.java:1100: Line is longer than 100 characters (found 123). [LineLength]
[ant:checkstyle] [WARN] /app/src/main/java/com/mgz/afp/goca/GAD_DrawingOrder.java:1140:3: Missing a Javadoc comment. [MissingJavadocType]
[ant:checkstyle] [WARN] /app/src/main/java/com/mgz/afp/goca/GAD_DrawingOrder.java:1140:29: Abbreviation in name 'GSAP_SetArcParameters' must contain no more than '1' consecutive capital letters. [AbbreviationAsWordInName]
[ant:checkstyle] [WARN] /app/src/main/java/com/mgz/afp/goca/GAD_DrawingOrder.java:1140:29: Type name 'GSAP_SetArcParameters' must match pattern '^[A-Z][a-zA-Z0-9]*(?:[0-9](?:_[0-9]+)*)?$'. [TypeName]
[ant:checkstyle] [WARN] /app/src/main/java/com/mgz/afp/goca/GAD_DrawingOrder.java:1163: Line is longer than 100 characters (found 123). [LineLength]
[ant:checkstyle] [WARN] /app/src/main/java/com/mgz/afp/goca/GAD_DrawingOrder.java:1224:3: Missing a Javadoc comment. [MissingJavadocType]
[ant:checkstyle] [WARN] /app/src/main/java/com/mgz/afp/goca/GAD_DrawingOrder.java:1224:29: Abbreviation in name 'GSECOL_SetExtendedColor' must contain no more than '1' consecutive capital letters. [AbbreviationAsWordInName]
[ant:checkstyle] [WARN] /app/src/main/java/com/mgz/afp/goca/GAD_DrawingOrder.java:1224:29: Type name 'GSECOL_SetExtendedColor' must match pattern '^[A-Z][a-zA-Z0-9]*(?:[0-9](?:_[0-9]+)*)?$'. [TypeName]
[ant:checkstyle] [WARN] /app/src/main/java/com/mgz/afp/goca/GAD_DrawingOrder.java:1238: Line is longer than 100 characters (found 123). [LineLength]
[ant:checkstyle] [WARN] /app/src/main/java/com/mgz/afp/goca/GAD_DrawingOrder.java:1268:3: Missing a Javadoc comment. [MissingJavadocType]
[ant:checkstyle] [WARN] /app/src/main/java/com/mgz/afp/goca/GAD_DrawingOrder.java:1268:29: Abbreviation in name 'GSPT_SetPatternSymbol' must contain no more than '1' consecutive capital letters. [AbbreviationAsWordInName]
[ant:checkstyle] [WARN] /app/src/main/java/com/mgz/afp/goca/GAD_DrawingOrder.java:1268:29: Type name 'GSPT_SetPatternSymbol' must match pattern '^[A-Z][a-zA-Z0-9]*(?:[0-9](?:_[0-9]+)*)?$'. [TypeName]
[ant:checkstyle] [WARN] /app/src/main/java/com/mgz/afp/goca/GAD_DrawingOrder.java:1279: Line is longer than 100 characters (found 123). [LineLength]
[ant:checkstyle] [WARN] /app/src/main/java/com/mgz/afp/goca/GAD_DrawingOrder.java:1299:3: Missing a Javadoc comment. [MissingJavadocType]
[ant:checkstyle] [WARN] /app/src/main/java/com/mgz/afp/goca/GAD_DrawingOrder.java:1299:29: Abbreviation in name 'GSMT_SetMarkerSymbol' must contain no more than '1' consecutive capital letters. [AbbreviationAsWordInName]
[ant:checkstyle] [WARN] /app/src/main/java/com/mgz/afp/goca/GAD_DrawingOrder.java:1299:29: Type name 'GSMT_SetMarkerSymbol' must match pattern '^[A-Z][a-zA-Z0-9]*(?:[0-9](?:_[0-9]+)*)?$'. [TypeName]
[ant:checkstyle] [WARN] /app/src/main/java/com/mgz/afp/goca/GAD_DrawingOrder.java:1310: Line is longer than 100 characters (found 123). [LineLength]
[ant:checkstyle] [WARN] /app/src/main/java/com/mgz/afp/goca/GAD_DrawingOrder.java:1330:3: Missing a Javadoc comment. [MissingJavadocType]
[ant:checkstyle] [WARN] /app/src/main/java/com/mgz/afp/goca/GAD_DrawingOrder.java:1330:29: Abbreviation in name 'GSCC_SetCharacterCell' must contain no more than '1' consecutive capital letters. [AbbreviationAsWordInName]
[ant:checkstyle] [WARN] /app/src/main/java/com/mgz/afp/goca/GAD_DrawingOrder.java:1330:29: Type name 'GSCC_SetCharacterCell' must match pattern '^[A-Z][a-zA-Z0-9]*(?:[0-9](?:_[0-9]+)*)?$'. [TypeName]
[ant:checkstyle] [WARN] /app/src/main/java/com/mgz/afp/goca/GAD_DrawingOrder.java:1353: Line is longer than 100 characters (found 123). [LineLength]
[ant:checkstyle] [WARN] /app/src/main/java/com/mgz/afp/goca/GAD_DrawingOrder.java:1374: Line is longer than 100 characters (found 150). [LineLength]
[ant:checkstyle] [WARN] /app/src/main/java/com/mgz/afp/goca/GAD_DrawingOrder.java:1375: Line is longer than 100 characters (found 152). [LineLength]
[ant:checkstyle] [WARN] /app/src/main/java/com/mgz/afp/goca/GAD_DrawingOrder.java:1401:5: Missing a Javadoc comment. [MissingJavadocMethod]
[ant:checkstyle] [WARN] /app/src/main/java/com/mgz/afp/goca/GAD_DrawingOrder.java:1414:5: Missing a Javadoc comment. [MissingJavadocMethod]
[ant:checkstyle] [WARN] /app/src/main/java/com/mgz/afp/goca/GAD_DrawingOrder.java:1433:3: Missing a Javadoc comment. [MissingJavadocType]
[ant:checkstyle] [WARN] /app/src/main/java/com/mgz/afp/goca/GAD_DrawingOrder.java:1433:29: Abbreviation in name 'GSCA_SetCharacterAngle' must contain no more than '1' consecutive capital letters. [AbbreviationAsWordInName]
[ant:checkstyle] [WARN] /app/src/main/java/com/mgz/afp/goca/GAD_DrawingOrder.java:1433:29: Type name 'GSCA_SetCharacterAngle' must match pattern '^[A-Z][a-zA-Z0-9]*(?:[0-9](?:_[0-9]+)*)?$'. [TypeName]
[ant:checkstyle] [WARN] /app/src/main/java/com/mgz/afp/goca/GAD_DrawingOrder.java:1447: Line is longer than 100 characters (found 123). [LineLength]
[ant:checkstyle] [WARN] /app/src/main/java/com/mgz/afp/goca/GAD_DrawingOrder.java:1492:3: Missing a Javadoc comment. [MissingJavadocType]
[ant:checkstyle] [WARN] /app/src/main/java/com/mgz/afp/goca/GAD_DrawingOrder.java:1492:29: Abbreviation in name 'GSCH_SetCharacterShear' must contain no more than '1' consecutive capital letters. [AbbreviationAsWordInName]
[ant:checkstyle] [WARN] /app/src/main/java/com/mgz/afp/goca/GAD_DrawingOrder.java:1492:29: Type name 'GSCH_SetCharacterShear' must match pattern '^[A-Z][a-zA-Z0-9]*(?:[0-9](?:_[0-9]+)*)?$'. [TypeName]
[ant:checkstyle] [WARN] /app/src/main/java/com/mgz/afp/goca/GAD_DrawingOrder.java:1509: Line is longer than 100 characters (found 123). [LineLength]
[ant:checkstyle] [WARN] /app/src/main/java/com/mgz/afp/goca/GAD_DrawingOrder.java:1551:3: Missing a Javadoc comment. [MissingJavadocType]
[ant:checkstyle] [WARN] /app/src/main/java/com/mgz/afp/goca/GAD_DrawingOrder.java:1551:29: Abbreviation in name 'GSMC_SetMarkerCell' must contain no more than '1' consecutive capital letters. [AbbreviationAsWordInName]
[ant:checkstyle] [WARN] /app/src/main/java/com/mgz/afp/goca/GAD_DrawingOrder.java:1551:29: Type name 'GSMC_SetMarkerCell' must match pattern '^[A-Z][a-zA-Z0-9]*(?:[0-9](?:_[0-9]+)*)?$'. [TypeName]
[ant:checkstyle] [WARN] /app/src/main/java/com/mgz/afp/goca/GAD_DrawingOrder.java:1568: Line is longer than 100 characters (found 123). [LineLength]
[ant:checkstyle] [WARN] /app/src/main/java/com/mgz/afp/goca/GAD_DrawingOrder.java:1610:3: Missing a Javadoc comment. [MissingJavadocType]
[ant:checkstyle] [WARN] /app/src/main/java/com/mgz/afp/goca/GAD_DrawingOrder.java:1610:29: Abbreviation in name 'GSCS_SetCharacterSet' must contain no more than '1' consecutive capital letters. [AbbreviationAsWordInName]
[ant:checkstyle] [WARN] /app/src/main/java/com/mgz/afp/goca/GAD_DrawingOrder.java:1610:29: Type name 'GSCS_SetCharacterSet' must match pattern '^[A-Z][a-zA-Z0-9]*(?:[0-9](?:_[0-9]+)*)?$'. [TypeName]
[ant:checkstyle] [WARN] /app/src/main/java/com/mgz/afp/goca/GAD_DrawingOrder.java:1612:11: Abbreviation in name 'characterSetLocalID' must contain no more than '1' consecutive capital letters. [AbbreviationAsWordInName]
[ant:checkstyle] [WARN] /app/src/main/java/com/mgz/afp/goca/GAD_DrawingOrder.java:1621: Line is longer than 100 characters (found 123). [LineLength]
[ant:checkstyle] [WARN] /app/src/main/java/com/mgz/afp/goca/GAD_DrawingOrder.java:1636:18: Abbreviation in name 'getCharacterSetLocalID' must contain no more than '1' consecutive capital letters. [AbbreviationAsWordInName]
[ant:checkstyle] [WARN] /app/src/main/java/com/mgz/afp/goca/GAD_DrawingOrder.java:1640:17: Abbreviation in name 'setCharacterSetLocalID' must contain no more than '1' consecutive capital letters. [AbbreviationAsWordInName]
[ant:checkstyle] [WARN] /app/src/main/java/com/mgz/afp/goca/GAD_DrawingOrder.java:1640:46: Abbreviation in name 'characterSetLocalID' must contain no more than '1' consecutive capital letters. [AbbreviationAsWordInName]
[ant:checkstyle] [WARN] /app/src/main/java/com/mgz/afp/goca/GAD_DrawingOrder.java:1645:3: Missing a Javadoc comment. [MissingJavadocType]
[ant:checkstyle] [WARN] /app/src/main/java/com/mgz/afp/goca/GAD_DrawingOrder.java:1645:29: Abbreviation in name 'GSCR_SetCharacterPrecision' must contain no more than '1' consecutive capital letters. [AbbreviationAsWordInName]
[ant:checkstyle] [WARN] /app/src/main/java/com/mgz/afp/goca/GAD_DrawingOrder.java:1645:29: Type name 'GSCR_SetCharacterPrecision' must match pattern '^[A-Z][a-zA-Z0-9]*(?:[0-9](?:_[0-9]+)*)?$'. [TypeName]
[ant:checkstyle] [WARN] /app/src/main/java/com/mgz/afp/goca/GAD_DrawingOrder.java:1656: Line is longer than 100 characters (found 123). [LineLength]
[ant:checkstyle] [WARN] /app/src/main/java/com/mgz/afp/goca/GAD_DrawingOrder.java:1676:3: Missing a Javadoc comment. [MissingJavadocType]
[ant:checkstyle] [WARN] /app/src/main/java/com/mgz/afp/goca/GAD_DrawingOrder.java:1676:29: Abbreviation in name 'GSCD_SetCharacterDirection' must contain no more than '1' consecutive capital letters. [AbbreviationAsWordInName]
[ant:checkstyle] [WARN] /app/src/main/java/com/mgz/afp/goca/GAD_DrawingOrder.java:1676:29: Type name 'GSCD_SetCharacterDirection' must match pattern '^[A-Z][a-zA-Z0-9]*(?:[0-9](?:_[0-9]+)*)?$'. [TypeName]
[ant:checkstyle] [WARN] /app/src/main/java/com/mgz/afp/goca/GAD_DrawingOrder.java:1687: Line is longer than 100 characters (found 123). [LineLength]
[ant:checkstyle] [WARN] /app/src/main/java/com/mgz/afp/goca/GAD_DrawingOrder.java:1707:3: Missing a Javadoc comment. [MissingJavadocType]
[ant:checkstyle] [WARN] /app/src/main/java/com/mgz/afp/goca/GAD_DrawingOrder.java:1707:29: Abbreviation in name 'GSMP_SetMarkerPrecision' must contain no more than '1' consecutive capital letters. [AbbreviationAsWordInName]
[ant:checkstyle] [WARN] /app/src/main/java/com/mgz/afp/goca/GAD_DrawingOrder.java:1707:29: Type name 'GSMP_SetMarkerPrecision' must match pattern '^[A-Z][a-zA-Z0-9]*(?:[0-9](?:_[0-9]+)*)?$'. [TypeName]
[ant:checkstyle] [WARN] /app/src/main/java/com/mgz/afp/goca/GAD_DrawingOrder.java:1718: Line is longer than 100 characters (found 123). [LineLength]
[ant:checkstyle] [WARN] /app/src/main/java/com/mgz/afp/goca/GAD_DrawingOrder.java:1738:3: Missing a Javadoc comment. [MissingJavadocType]
[ant:checkstyle] [WARN] /app/src/main/java/com/mgz/afp/goca/GAD_DrawingOrder.java:1738:29: Abbreviation in name 'GSMS_SetMarkerSet' must contain no more than '1' consecutive capital letters. [AbbreviationAsWordInName]
[ant:checkstyle] [WARN] /app/src/main/java/com/mgz/afp/goca/GAD_DrawingOrder.java:1738:29: Type name 'GSMS_SetMarkerSet' must match pattern '^[A-Z][a-zA-Z0-9]*(?:[0-9](?:_[0-9]+)*)?$'. [TypeName]
[ant:checkstyle] [WARN] /app/src/main/java/com/mgz/afp/goca/GAD_DrawingOrder.java:1740:18: Abbreviation in name 'markerSetLocalID' must contain no more than '1' consecutive capital letters. [AbbreviationAsWordInName]
[ant:checkstyle] [WARN] /app/src/main/java/com/mgz/afp/goca/GAD_DrawingOrder.java:1749: Line is longer than 100 characters (found 123). [LineLength]
[ant:checkstyle] [WARN] /app/src/main/java/com/mgz/afp/goca/GAD_DrawingOrder.java:1760:18: Abbreviation in name 'getMarkerSetLocalID' must contain no more than '1' consecutive capital letters. [AbbreviationAsWordInName]
[ant:checkstyle] [WARN] /app/src/main/java/com/mgz/afp/goca/GAD_DrawingOrder.java:1764:17: Abbreviation in name 'setMarkerSetLocalID' must contain no more than '1' consecutive capital letters. [AbbreviationAsWordInName]
[ant:checkstyle] [WARN] /app/src/main/java/com/mgz/afp/goca/GAD_DrawingOrder.java:1764:43: Abbreviation in name 'markerSetLocalID' must contain no more than '1' consecutive capital letters. [AbbreviationAsWordInName]
[ant:checkstyle] [WARN] /app/src/main/java/com/mgz/afp/goca/GAD_DrawingOrder.java:1769:3: Missing a Javadoc comment. [MissingJavadocType]
[ant:checkstyle] [WARN] /app/src/main/java/com/mgz/afp/goca/GAD_DrawingOrder.java:1769:29: Abbreviation in name 'GEPROL_EndProlog' must contain no more than '1' consecutive capital letters. [AbbreviationAsWordInName]
[ant:checkstyle] [WARN] /app/src/main/java/com/mgz/afp/goca/GAD_DrawingOrder.java:1769:29: Type name 'GEPROL_EndProlog' must match pattern '^[A-Z][a-zA-Z0-9]*(?:[0-9](?:_[0-9]+)*)?$'. [TypeName]
[ant:checkstyle] [WARN] /app/src/main/java/com/mgz/afp/goca/GAD_DrawingOrder.java:1780: Line is longer than 100 characters (found 123). [LineLength]
[ant:checkstyle] [WARN] /app/src/main/java/com/mgz/afp/goca/GAD_DrawingOrder.java:1805:36: Parameter name 'reserved_0x00' must match pattern '^[a-z]([a-z0-9][a-zA-Z0-9]*)?$'. [ParameterName]
[ant:checkstyle] [WARN] /app/src/main/java/com/mgz/afp/goca/GAD_DrawingOrder.java:1810:3: Missing a Javadoc comment. [MissingJavadocType]
[ant:checkstyle] [WARN] /app/src/main/java/com/mgz/afp/goca/GAD_DrawingOrder.java:1810:29: Abbreviation in name 'GBCP_BeginCustomPattern' must contain no more than '1' consecutive capital letters. [AbbreviationAsWordInName]
[ant:checkstyle] [WARN] /app/src/main/java/com/mgz/afp/goca/GAD_DrawingOrder.java:1810:29: Type name 'GBCP_BeginCustomPattern' must match pattern '^[A-Z][a-zA-Z0-9]*(?:[0-9](?:_[0-9]+)*)?$'. [TypeName]
[ant:checkstyle] [WARN] /app/src/main/java/com/mgz/afp/goca/GAD_DrawingOrder.java:1822:18: Non-constant field name 'xLeftWindow' must start lowercase, be at least 2 chars, avoid single lowercase letter followed by uppercase, contain only letters, digits or underscores, with underscores allowed only between adjacent digits. [GoogleNonConstantFieldName]
[ant:checkstyle] [WARN] /app/src/main/java/com/mgz/afp/goca/GAD_DrawingOrder.java:1824:18: Non-constant field name 'xRightWindow' must start lowercase, be at least 2 chars, avoid single lowercase letter followed by uppercase, contain only letters, digits or underscores, with underscores allowed only between adjacent digits. [GoogleNonConstantFieldName]
[ant:checkstyle] [WARN] /app/src/main/java/com/mgz/afp/goca/GAD_DrawingOrder.java:1826:18: Non-constant field name 'yBottomWindow' must start lowercase, be at least 2 chars, avoid single lowercase letter followed by uppercase, contain only letters, digits or underscores, with underscores allowed only between adjacent digits. [GoogleNonConstantFieldName]
[ant:checkstyle] [WARN] /app/src/main/java/com/mgz/afp/goca/GAD_DrawingOrder.java:1828:18: Non-constant field name 'yTopWindow' must start lowercase, be at least 2 chars, avoid single lowercase letter followed by uppercase, contain only letters, digits or underscores, with underscores allowed only between adjacent digits. [GoogleNonConstantFieldName]
[ant:checkstyle] [WARN] /app/src/main/java/com/mgz/afp/goca/GAD_DrawingOrder.java:1845: Line is longer than 100 characters (found 123). [LineLength]
[ant:checkstyle] [WARN] /app/src/main/java/com/mgz/afp/goca/GAD_DrawingOrder.java:1873:3: Missing a Javadoc comment. [MissingJavadocType]
[ant:checkstyle] [WARN] /app/src/main/java/com/mgz/afp/goca/GAD_DrawingOrder.java:1873:29: Abbreviation in name 'GDPT_DeletePattern' must contain no more than '1' consecutive capital letters. [AbbreviationAsWordInName]
[ant:checkstyle] [WARN] /app/src/main/java/com/mgz/afp/goca/GAD_DrawingOrder.java:1873:29: Type name 'GDPT_DeletePattern' must match pattern '^[A-Z][a-zA-Z0-9]*(?:[0-9](?:_[0-9]+)*)?$'. [TypeName]
[ant:checkstyle] [WARN] /app/src/main/java/com/mgz/afp/goca/GAD_DrawingOrder.java:1893: Line is longer than 100 characters (found 123). [LineLength]
[ant:checkstyle] [WARN] /app/src/main/java/com/mgz/afp/goca/GAD_DrawingOrder.java:1916:3: Missing a Javadoc comment. [MissingJavadocType]
[ant:checkstyle] [WARN] /app/src/main/java/com/mgz/afp/goca/GAD_DrawingOrder.java:1916:29: Abbreviation in name 'GECP_EndCustomPattern' must contain no more than '1' consecutive capital letters. [AbbreviationAsWordInName]
[ant:checkstyle] [WARN] /app/src/main/java/com/mgz/afp/goca/GAD_DrawingOrder.java:1916:29: Type name 'GECP_EndCustomPattern' must match pattern '^[A-Z][a-zA-Z0-9]*(?:[0-9](?:_[0-9]+)*)?$'. [TypeName]
[ant:checkstyle] [WARN] /app/src/main/java/com/mgz/afp/goca/GAD_DrawingOrder.java:1927: Line is longer than 100 characters (found 123). [LineLength]
[ant:checkstyle] [WARN] /app/src/main/java/com/mgz/afp/goca/GAD_DrawingOrder.java:1952:36: Parameter name 'reserved_0x00' must match pattern '^[a-z]([a-z0-9][a-zA-Z0-9]*)?$'. [ParameterName]
[ant:checkstyle] [WARN] /app/src/main/java/com/mgz/afp/goca/GAD_DrawingOrder.java:1957:3: Missing a Javadoc comment. [MissingJavadocType]
[ant:checkstyle] [WARN] /app/src/main/java/com/mgz/afp/goca/GAD_DrawingOrder.java:1957:29: Abbreviation in name 'GEAR_EndArea' must contain no more than '1' consecutive capital letters. [AbbreviationAsWordInName]
[ant:checkstyle] [WARN] /app/src/main/java/com/mgz/afp/goca/GAD_DrawingOrder.java:1957:29: Type name 'GEAR_EndArea' must match pattern '^[A-Z][a-zA-Z0-9]*(?:[0-9](?:_[0-9]+)*)?$'. [TypeName]
[ant:checkstyle] [WARN] /app/src/main/java/com/mgz/afp/goca/GAD_DrawingOrder.java:1973: Line is longer than 100 characters (found 123). [LineLength]
[ant:checkstyle] [WARN] /app/src/main/java/com/mgz/afp/goca/GAD_DrawingOrder.java:2028:3: Missing a Javadoc comment. [MissingJavadocType]
[ant:checkstyle] [WARN] /app/src/main/java/com/mgz/afp/goca/GAD_DrawingOrder.java:2028:29: Abbreviation in name 'GBAR_BeginArea' must contain no more than '1' consecutive capital letters. [AbbreviationAsWordInName]
[ant:checkstyle] [WARN] /app/src/main/java/com/mgz/afp/goca/GAD_DrawingOrder.java:2028:29: Type name 'GBAR_BeginArea' must match pattern '^[A-Z][a-zA-Z0-9]*(?:[0-9](?:_[0-9]+)*)?$'. [TypeName]
[ant:checkstyle] [WARN] /app/src/main/java/com/mgz/afp/goca/GAD_DrawingOrder.java:2039: Line is longer than 100 characters (found 123). [LineLength]
[ant:checkstyle] [WARN] /app/src/main/java/com/mgz/afp/goca/GAD_DrawingOrder.java:2067:3: Missing a Javadoc comment. [MissingJavadocType]
[ant:checkstyle] [WARN] /app/src/main/java/com/mgz/afp/goca/GAD_DrawingOrder.java:2067:29: Abbreviation in name 'GCBOX_BoxAtCurrentPosition' must contain no more than '1' consecutive capital letters. [AbbreviationAsWordInName]
[ant:checkstyle] [WARN] /app/src/main/java/com/mgz/afp/goca/GAD_DrawingOrder.java:2067:29: Type name 'GCBOX_BoxAtCurrentPosition' must match pattern '^[A-Z][a-zA-Z0-9]*(?:[0-9](?:_[0-9]+)*)?$'. [TypeName]
[ant:checkstyle] [WARN] /app/src/main/java/com/mgz/afp/goca/GAD_DrawingOrder.java:2075:11: Non-constant field name 'xAxisLengthForRoundCorner' must start lowercase, be at least 2 chars, avoid single lowercase letter followed by uppercase, contain only letters, digits or underscores, with underscores allowed only between adjacent digits. [GoogleNonConstantFieldName]
[ant:checkstyle] [WARN] /app/src/main/java/com/mgz/afp/goca/GAD_DrawingOrder.java:2077:11: Non-constant field name 'yAxisLengthForRoundCorner' must start lowercase, be at least 2 chars, avoid single lowercase letter followed by uppercase, contain only letters, digits or underscores, with underscores allowed only between adjacent digits. [GoogleNonConstantFieldName]
[ant:checkstyle] [WARN] /app/src/main/java/com/mgz/afp/goca/GAD_DrawingOrder.java:2090: Line is longer than 100 characters (found 123). [LineLength]
[ant:checkstyle] [WARN] /app/src/main/java/com/mgz/afp/goca/GAD_DrawingOrder.java:2142:38: Parameter name 'reserved2_3' must match pattern '^[a-z]([a-z0-9][a-zA-Z0-9]*)?$'. [ParameterName]
[ant:checkstyle] [WARN] /app/src/main/java/com/mgz/afp/goca/GAD_DrawingOrder.java:2146:5: Missing a Javadoc comment. [MissingJavadocMethod]
[ant:checkstyle] [WARN] /app/src/main/java/com/mgz/afp/goca/GAD_DrawingOrder.java:2156:52: Parameter name 'xAxisLengthForRoundCorner' must match pattern '^[a-z]([a-z0-9][a-zA-Z0-9]*)?$'. [ParameterName]
[ant:checkstyle] [WARN] /app/src/main/java/com/mgz/afp/goca/GAD_DrawingOrder.java:2167:5: Missing a Javadoc comment. [MissingJavadocMethod]
[ant:checkstyle] [WARN] /app/src/main/java/com/mgz/afp/goca/GAD_DrawingOrder.java:2177:52: Parameter name 'yAxisLengthForRoundCorner' must match pattern '^[a-z]([a-z0-9][a-zA-Z0-9]*)?$'. [ParameterName]
[ant:checkstyle] [WARN] /app/src/main/java/com/mgz/afp/goca/GAD_DrawingOrder.java:2199:3: Missing a Javadoc comment. [MissingJavadocType]
[ant:checkstyle] [WARN] /app/src/main/java/com/mgz/afp/goca/GAD_DrawingOrder.java:2199:29: Abbreviation in name 'GCLINE_LineAtCurrentPosition' must contain no more than '1' consecutive capital letters. [AbbreviationAsWordInName]
[ant:checkstyle] [WARN] /app/src/main/java/com/mgz/afp/goca/GAD_DrawingOrder.java:2199:29: Type name 'GCLINE_LineAtCurrentPosition' must match pattern '^[A-Z][a-zA-Z0-9]*(?:[0-9](?:_[0-9]+)*)?$'. [TypeName]
[ant:checkstyle] [WARN] /app/src/main/java/com/mgz/afp/goca/GAD_DrawingOrder.java:2200:5: Missing a Javadoc comment. [MissingJavadocMethod]
[ant:checkstyle] [WARN] /app/src/main/java/com/mgz/afp/goca/GAD_DrawingOrder.java:2205:3: Missing a Javadoc comment. [MissingJavadocType]
[ant:checkstyle] [WARN] /app/src/main/java/com/mgz/afp/goca/GAD_DrawingOrder.java:2205:29: Abbreviation in name 'GCMRK_MarkerAtCurrentPosition' must contain no more than '1' consecutive capital letters. [AbbreviationAsWordInName]
[ant:checkstyle] [WARN] /app/src/main/java/com/mgz/afp/goca/GAD_DrawingOrder.java:2205:29: Type name 'GCMRK_MarkerAtCurrentPosition' must match pattern '^[A-Z][a-zA-Z0-9]*(?:[0-9](?:_[0-9]+)*)?$'. [TypeName]
[ant:checkstyle] [WARN] /app/src/main/java/com/mgz/afp/goca/GAD_DrawingOrder.java:2206:5: Missing a Javadoc comment. [MissingJavadocMethod]
[ant:checkstyle] [WARN] /app/src/main/java/com/mgz/afp/goca/GAD_DrawingOrder.java:2211:3: Missing a Javadoc comment. [MissingJavadocType]
[ant:checkstyle] [WARN] /app/src/main/java/com/mgz/afp/goca/GAD_DrawingOrder.java:2211:29: Abbreviation in name 'GCCHST_CharacterStringAtCurrentPosition' must contain no more than '1' consecutive capital letters. [AbbreviationAsWordInName]
[ant:checkstyle] [WARN] /app/src/main/java/com/mgz/afp/goca/GAD_DrawingOrder.java:2211:29: Type name 'GCCHST_CharacterStringAtCurrentPosition' must match pattern '^[A-Z][a-zA-Z0-9]*(?:[0-9](?:_[0-9]+)*)?$'. [TypeName]
[ant:checkstyle] [WARN] /app/src/main/java/com/mgz/afp/goca/GAD_DrawingOrder.java:2227: Line is longer than 100 characters (found 123). [LineLength]
[ant:checkstyle] [WARN] /app/src/main/java/com/mgz/afp/goca/GAD_DrawingOrder.java:2284:3: Missing a Javadoc comment. [MissingJavadocType]
[ant:checkstyle] [WARN] /app/src/main/java/com/mgz/afp/goca/GAD_DrawingOrder.java:2284:29: Abbreviation in name 'GCFLT_FilletAtCurrentPosition' must contain no more than '1' consecutive capital letters. [AbbreviationAsWordInName]
[ant:checkstyle] [WARN] /app/src/main/java/com/mgz/afp/goca/GAD_DrawingOrder.java:2284:29: Type name 'GCFLT_FilletAtCurrentPosition' must match pattern '^[A-Z][a-zA-Z0-9]*(?:[0-9](?:_[0-9]+)*)?$'. [TypeName]
[ant:checkstyle] [WARN] /app/src/main/java/com/mgz/afp/goca/GAD_DrawingOrder.java:2285:5: Missing a Javadoc comment. [MissingJavadocMethod]
[ant:checkstyle] [WARN] /app/src/main/java/com/mgz/afp/goca/GAD_DrawingOrder.java:2290:3: Missing a Javadoc comment. [MissingJavadocType]
[ant:checkstyle] [WARN] /app/src/main/java/com/mgz/afp/goca/GAD_DrawingOrder.java:2290:29: Abbreviation in name 'GFARC_FullArcAtGivenPosition' must contain no more than '1' consecutive capital letters. [AbbreviationAsWordInName]
[ant:checkstyle] [WARN] /app/src/main/java/com/mgz/afp/goca/GAD_DrawingOrder.java:2290:29: Type name 'GFARC_FullArcAtGivenPosition' must match pattern '^[A-Z][a-zA-Z0-9]*(?:[0-9](?:_[0-9]+)*)?$'. [TypeName]
[ant:checkstyle] [WARN] /app/src/main/java/com/mgz/afp/goca/GAD_DrawingOrder.java:2310: Line is longer than 100 characters (found 123). [LineLength]
[ant:checkstyle] [WARN] /app/src/main/java/com/mgz/afp/goca/GAD_DrawingOrder.java:2362:3: Missing a Javadoc comment. [MissingJavadocType]
[ant:checkstyle] [WARN] /app/src/main/java/com/mgz/afp/goca/GAD_DrawingOrder.java:2362:29: Abbreviation in name 'GCBIMG_BeginImageAtCurrentPosition' must contain no more than '1' consecutive capital letters. [AbbreviationAsWordInName]
[ant:checkstyle] [WARN] /app/src/main/java/com/mgz/afp/goca/GAD_DrawingOrder.java:2362:29: Type name 'GCBIMG_BeginImageAtCurrentPosition' must match pattern '^[A-Z][a-zA-Z0-9]*(?:[0-9](?:_[0-9]+)*)?$'. [TypeName]
[ant:checkstyle] [WARN] /app/src/main/java/com/mgz/afp/goca/GAD_DrawingOrder.java:2385: Line is longer than 100 characters (found 123). [LineLength]
[ant:checkstyle] [WARN] /app/src/main/java/com/mgz/afp/goca/GAD_DrawingOrder.java:2446:3: Missing a Javadoc comment. [MissingJavadocType]
[ant:checkstyle] [WARN] /app/src/main/java/com/mgz/afp/goca/GAD_DrawingOrder.java:2446:29: Abbreviation in name 'GIMD_ImageData' must contain no more than '1' consecutive capital letters. [AbbreviationAsWordInName]
[ant:checkstyle] [WARN] /app/src/main/java/com/mgz/afp/goca/GAD_DrawingOrder.java:2446:29: Type name 'GIMD_ImageData' must match pattern '^[A-Z][a-zA-Z0-9]*(?:[0-9](?:_[0-9]+)*)?$'. [TypeName]
[ant:checkstyle] [WARN] /app/src/main/java/com/mgz/afp/goca/GAD_DrawingOrder.java:2460: Line is longer than 100 characters (found 123). [LineLength]
[ant:checkstyle] [WARN] /app/src/main/java/com/mgz/afp/goca/GAD_DrawingOrder.java:2511:3: Missing a Javadoc comment. [MissingJavadocType]
[ant:checkstyle] [WARN] /app/src/main/java/com/mgz/afp/goca/GAD_DrawingOrder.java:2511:29: Abbreviation in name 'GSPRP_SetPatternReferencePoint' must contain no more than '1' consecutive capital letters. [AbbreviationAsWordInName]
[ant:checkstyle] [WARN] /app/src/main/java/com/mgz/afp/goca/GAD_DrawingOrder.java:2511:29: Type name 'GSPRP_SetPatternReferencePoint' must match pattern '^[A-Z][a-zA-Z0-9]*(?:[0-9](?:_[0-9]+)*)?$'. [TypeName]
[ant:checkstyle] [WARN] /app/src/main/java/com/mgz/afp/goca/GAD_DrawingOrder.java:2534: Line is longer than 100 characters (found 123). [LineLength]
[ant:checkstyle] [WARN] /app/src/main/java/com/mgz/afp/goca/GAD_DrawingOrder.java:2594:3: Missing a Javadoc comment. [MissingJavadocType]
[ant:checkstyle] [WARN] /app/src/main/java/com/mgz/afp/goca/GAD_DrawingOrder.java:2594:29: Abbreviation in name 'GEIMG_EndImage' must contain no more than '1' consecutive capital letters. [AbbreviationAsWordInName]
[ant:checkstyle] [WARN] /app/src/main/java/com/mgz/afp/goca/GAD_DrawingOrder.java:2594:29: Type name 'GEIMG_EndImage' must match pattern '^[A-Z][a-zA-Z0-9]*(?:[0-9](?:_[0-9]+)*)?$'. [TypeName]
[ant:checkstyle] [WARN] /app/src/main/java/com/mgz/afp/goca/GAD_DrawingOrder.java:2608: Line is longer than 100 characters (found 123). [LineLength]
[ant:checkstyle] [WARN] /app/src/main/java/com/mgz/afp/goca/GAD_DrawingOrder.java:2659:3: Missing a Javadoc comment. [MissingJavadocType]
[ant:checkstyle] [WARN] /app/src/main/java/com/mgz/afp/goca/GAD_DrawingOrder.java:2659:29: Abbreviation in name 'GCRLINE_RelativeLineAtCurrentPosition' must contain no more than '1' consecutive capital letters. [AbbreviationAsWordInName]
[ant:checkstyle] [WARN] /app/src/main/java/com/mgz/afp/goca/GAD_DrawingOrder.java:2659:29: Type name 'GCRLINE_RelativeLineAtCurrentPosition' must match pattern '^[A-Z][a-zA-Z0-9]*(?:[0-9](?:_[0-9]+)*)?$'. [TypeName]
[ant:checkstyle] [WARN] /app/src/main/java/com/mgz/afp/goca/GAD_DrawingOrder.java:2673: Line is longer than 100 characters (found 123). [LineLength]
[ant:checkstyle] [WARN] /app/src/main/java/com/mgz/afp/goca/GAD_DrawingOrder.java:2707:3: Missing a Javadoc comment. [MissingJavadocType]
[ant:checkstyle] [WARN] /app/src/main/java/com/mgz/afp/goca/GAD_DrawingOrder.java:2707:29: Abbreviation in name 'GCPARC_PartialArcAtCurrentPosition' must contain no more than '1' consecutive capital letters. [AbbreviationAsWordInName]
[ant:checkstyle] [WARN] /app/src/main/java/com/mgz/afp/goca/GAD_DrawingOrder.java:2707:29: Type name 'GCPARC_PartialArcAtCurrentPosition' must match pattern '^[A-Z][a-zA-Z0-9]*(?:[0-9](?:_[0-9]+)*)?$'. [TypeName]
[ant:checkstyle] [WARN] /app/src/main/java/com/mgz/afp/goca/GAD_DrawingOrder.java:2733: Line is longer than 100 characters (found 123). [LineLength]
[ant:checkstyle] [WARN] /app/src/main/java/com/mgz/afp/goca/GAD_DrawingOrder.java:2832: Line is longer than 100 characters (found 101). [LineLength]
[ant:checkstyle] [WARN] /app/src/main/java/com/mgz/afp/goca/GAD_DrawingOrder.java:2832:3: Missing a Javadoc comment. [MissingJavadocType]
[ant:checkstyle] [WARN] /app/src/main/java/com/mgz/afp/goca/GAD_DrawingOrder.java:2832:29: Abbreviation in name 'GCCBEZ_CubicBezierCurveAtCurrentPosition' must contain no more than '1' consecutive capital letters. [AbbreviationAsWordInName]
[ant:checkstyle] [WARN] /app/src/main/java/com/mgz/afp/goca/GAD_DrawingOrder.java:2832:29: Type name 'GCCBEZ_CubicBezierCurveAtCurrentPosition' must match pattern '^[A-Z][a-zA-Z0-9]*(?:[0-9](?:_[0-9]+)*)?$'. [TypeName]
[ant:checkstyle] [WARN] /app/src/main/java/com/mgz/afp/goca/GAD_DrawingOrder.java:2833:5: Missing a Javadoc comment. [MissingJavadocMethod]
[ant:checkstyle] [WARN] /app/src/main/java/com/mgz/afp/goca/GAD_DrawingOrder.java:2838: Line is longer than 100 characters (found 123). [LineLength]
[ant:checkstyle] [WARN] /app/src/main/java/com/mgz/afp/goca/GAD_DrawingOrder.java:2847:3: Missing a Javadoc comment. [MissingJavadocType]
[ant:checkstyle] [WARN] /app/src/main/java/com/mgz/afp/goca/GAD_DrawingOrder.java:2847:29: Abbreviation in name 'GSPCOL_SetProcessColor' must contain no more than '1' consecutive capital letters. [AbbreviationAsWordInName]
[ant:checkstyle] [WARN] /app/src/main/java/com/mgz/afp/goca/GAD_DrawingOrder.java:2847:29: Type name 'GSPCOL_SetProcessColor' must match pattern '^[A-Z][a-zA-Z0-9]*(?:[0-9](?:_[0-9]+)*)?$'. [TypeName]
[ant:checkstyle] [WARN] /app/src/main/java/com/mgz/afp/goca/GAD_DrawingOrder.java:2882: Line is longer than 100 characters (found 123). [LineLength]
[ant:checkstyle] [WARN] /app/src/main/java/com/mgz/afp/goca/GAD_DrawingOrder.java:2940:36: Parameter name 'reserved4_7' must match pattern '^[a-z]([a-z0-9][a-zA-Z0-9]*)?$'. [ParameterName]
[ant:checkstyle] [WARN] /app/src/main/java/com/mgz/afp/goca/GAD_DrawingOrder.java:2980:5: Missing a Javadoc comment. [MissingJavadocMethod]
[ant:checkstyle] [WARN] /app/src/main/java/com/mgz/afp/goca/GAD_DrawingOrder.java:2986:3: Missing a Javadoc comment. [MissingJavadocType]
[ant:checkstyle] [WARN] /app/src/main/java/com/mgz/afp/goca/GAD_DrawingOrder.java:2986:29: Abbreviation in name 'GBOX_BoxAtGivenPosition' must contain no more than '1' consecutive capital letters. [AbbreviationAsWordInName]
[ant:checkstyle] [WARN] /app/src/main/java/com/mgz/afp/goca/GAD_DrawingOrder.java:2986:29: Type name 'GBOX_BoxAtGivenPosition' must match pattern '^[A-Z][a-zA-Z0-9]*(?:[0-9](?:_[0-9]+)*)?$'. [TypeName]
[ant:checkstyle] [WARN] /app/src/main/java/com/mgz/afp/goca/GAD_DrawingOrder.java:2996:11: Non-constant field name 'xAxisLengthForRoundCorner' must start lowercase, be at least 2 chars, avoid single lowercase letter followed by uppercase, contain only letters, digits or underscores, with underscores allowed only between adjacent digits. [GoogleNonConstantFieldName]
[ant:checkstyle] [WARN] /app/src/main/java/com/mgz/afp/goca/GAD_DrawingOrder.java:2998:11: Non-constant field name 'yAxisLengthForRoundCorner' must start lowercase, be at least 2 chars, avoid single lowercase letter followed by uppercase, contain only letters, digits or underscores, with underscores allowed only between adjacent digits. [GoogleNonConstantFieldName]
[ant:checkstyle] [WARN] /app/src/main/java/com/mgz/afp/goca/GAD_DrawingOrder.java:3012: Line is longer than 100 characters (found 123). [LineLength]
[ant:checkstyle] [WARN] /app/src/main/java/com/mgz/afp/goca/GAD_DrawingOrder.java:3067:38: Parameter name 'reserved2_3' must match pattern '^[a-z]([a-z0-9][a-zA-Z0-9]*)?$'. [ParameterName]
[ant:checkstyle] [WARN] /app/src/main/java/com/mgz/afp/goca/GAD_DrawingOrder.java:3087:5: Missing a Javadoc comment. [MissingJavadocMethod]
[ant:checkstyle] [WARN] /app/src/main/java/com/mgz/afp/goca/GAD_DrawingOrder.java:3091:5: Missing a Javadoc comment. [MissingJavadocMethod]
[ant:checkstyle] [WARN] /app/src/main/java/com/mgz/afp/goca/GAD_DrawingOrder.java:3091:52: Parameter name 'xAxisLengthForRoundCorner' must match pattern '^[a-z]([a-z0-9][a-zA-Z0-9]*)?$'. [ParameterName]
[ant:checkstyle] [WARN] /app/src/main/java/com/mgz/afp/goca/GAD_DrawingOrder.java:3095:5: Missing a Javadoc comment. [MissingJavadocMethod]
[ant:checkstyle] [WARN] /app/src/main/java/com/mgz/afp/goca/GAD_DrawingOrder.java:3099:5: Missing a Javadoc comment. [MissingJavadocMethod]
[ant:checkstyle] [WARN] /app/src/main/java/com/mgz/afp/goca/GAD_DrawingOrder.java:3099:52: Parameter name 'yAxisLengthForRoundCorner' must match pattern '^[a-z]([a-z0-9][a-zA-Z0-9]*)?$'. [ParameterName]
[ant:checkstyle] [WARN] /app/src/main/java/com/mgz/afp/goca/GAD_DrawingOrder.java:3104:3: Missing a Javadoc comment. [MissingJavadocType]
[ant:checkstyle] [WARN] /app/src/main/java/com/mgz/afp/goca/GAD_DrawingOrder.java:3104:29: Abbreviation in name 'GLINE_LineAtGivenPosition' must contain no more than '1' consecutive capital letters. [AbbreviationAsWordInName]
[ant:checkstyle] [WARN] /app/src/main/java/com/mgz/afp/goca/GAD_DrawingOrder.java:3104:29: Type name 'GLINE_LineAtGivenPosition' must match pattern '^[A-Z][a-zA-Z0-9]*(?:[0-9](?:_[0-9]+)*)?$'. [TypeName]
[ant:checkstyle] [WARN] /app/src/main/java/com/mgz/afp/goca/GAD_DrawingOrder.java:3105:5: Missing a Javadoc comment. [MissingJavadocMethod]
[ant:checkstyle] [WARN] /app/src/main/java/com/mgz/afp/goca/GAD_DrawingOrder.java:3110:3: Missing a Javadoc comment. [MissingJavadocType]
[ant:checkstyle] [WARN] /app/src/main/java/com/mgz/afp/goca/GAD_DrawingOrder.java:3110:29: Abbreviation in name 'GMRK_MarkerAtGivenPosition' must contain no more than '1' consecutive capital letters. [AbbreviationAsWordInName]
[ant:checkstyle] [WARN] /app/src/main/java/com/mgz/afp/goca/GAD_DrawingOrder.java:3110:29: Type name 'GMRK_MarkerAtGivenPosition' must match pattern '^[A-Z][a-zA-Z0-9]*(?:[0-9](?:_[0-9]+)*)?$'. [TypeName]
[ant:checkstyle] [WARN] /app/src/main/java/com/mgz/afp/goca/GAD_DrawingOrder.java:3111:5: Missing a Javadoc comment. [MissingJavadocMethod]
[ant:checkstyle] [WARN] /app/src/main/java/com/mgz/afp/goca/GAD_DrawingOrder.java:3116:3: Missing a Javadoc comment. [MissingJavadocType]
[ant:checkstyle] [WARN] /app/src/main/java/com/mgz/afp/goca/GAD_DrawingOrder.java:3116:29: Abbreviation in name 'GCHST_CharacterStringAtGivenPosition' must contain no more than '1' consecutive capital letters. [AbbreviationAsWordInName]
[ant:checkstyle] [WARN] /app/src/main/java/com/mgz/afp/goca/GAD_DrawingOrder.java:3116:29: Type name 'GCHST_CharacterStringAtGivenPosition' must match pattern '^[A-Z][a-zA-Z0-9]*(?:[0-9](?:_[0-9]+)*)?$'. [TypeName]
[ant:checkstyle] [WARN] /app/src/main/java/com/mgz/afp/goca/GAD_DrawingOrder.java:3135: Line is longer than 100 characters (found 123). [LineLength]
[ant:checkstyle] [WARN] /app/src/main/java/com/mgz/afp/goca/GAD_DrawingOrder.java:3190:5: Missing a Javadoc comment. [MissingJavadocMethod]
[ant:checkstyle] [WARN] /app/src/main/java/com/mgz/afp/goca/GAD_DrawingOrder.java:3205:3: Missing a Javadoc comment. [MissingJavadocType]
[ant:checkstyle] [WARN] /app/src/main/java/com/mgz/afp/goca/GAD_DrawingOrder.java:3205:29: Abbreviation in name 'GFLT_FilletAtGivenPosition' must contain no more than '1' consecutive capital letters. [AbbreviationAsWordInName]
[ant:checkstyle] [WARN] /app/src/main/java/com/mgz/afp/goca/GAD_DrawingOrder.java:3205:29: Type name 'GFLT_FilletAtGivenPosition' must match pattern '^[A-Z][a-zA-Z0-9]*(?:[0-9](?:_[0-9]+)*)?$'. [TypeName]
[ant:checkstyle] [WARN] /app/src/main/java/com/mgz/afp/goca/GAD_DrawingOrder.java:3206:5: Missing a Javadoc comment. [MissingJavadocMethod]
[ant:checkstyle] [WARN] /app/src/main/java/com/mgz/afp/goca/GAD_DrawingOrder.java:3211:3: Missing a Javadoc comment. [MissingJavadocType]
[ant:checkstyle] [WARN] /app/src/main/java/com/mgz/afp/goca/GAD_DrawingOrder.java:3211:29: Abbreviation in name 'GCFARC_FullArcAtCurrentPosition' must contain no more than '1' consecutive capital letters. [AbbreviationAsWordInName]
[ant:checkstyle] [WARN] /app/src/main/java/com/mgz/afp/goca/GAD_DrawingOrder.java:3211:29: Type name 'GCFARC_FullArcAtCurrentPosition' must match pattern '^[A-Z][a-zA-Z0-9]*(?:[0-9](?:_[0-9]+)*)?$'. [TypeName]
[ant:checkstyle] [WARN] /app/src/main/java/com/mgz/afp/goca/GAD_DrawingOrder.java:3228: Line is longer than 100 characters (found 123). [LineLength]
[ant:checkstyle] [WARN] /app/src/main/java/com/mgz/afp/goca/GAD_DrawingOrder.java:3268:3: Missing a Javadoc comment. [MissingJavadocType]
[ant:checkstyle] [WARN] /app/src/main/java/com/mgz/afp/goca/GAD_DrawingOrder.java:3268:29: Abbreviation in name 'GBIMG_BeginImageAtGivenPosition' must contain no more than '1' consecutive capital letters. [AbbreviationAsWordInName]
[ant:checkstyle] [WARN] /app/src/main/java/com/mgz/afp/goca/GAD_DrawingOrder.java:3268:29: Type name 'GBIMG_BeginImageAtGivenPosition' must match pattern '^[A-Z][a-zA-Z0-9]*(?:[0-9](?:_[0-9]+)*)?$'. [TypeName]
[ant:checkstyle] [WARN] /app/src/main/java/com/mgz/afp/goca/GAD_DrawingOrder.java:3294: Line is longer than 100 characters (found 123). [LineLength]
[ant:checkstyle] [WARN] /app/src/main/java/com/mgz/afp/goca/GAD_DrawingOrder.java:3367:3: Missing a Javadoc comment. [MissingJavadocType]
[ant:checkstyle] [WARN] /app/src/main/java/com/mgz/afp/goca/GAD_DrawingOrder.java:3367:29: Abbreviation in name 'GRLINE_RelativeLineAtGivenPosition' must contain no more than '1' consecutive capital letters. [AbbreviationAsWordInName]
[ant:checkstyle] [WARN] /app/src/main/java/com/mgz/afp/goca/GAD_DrawingOrder.java:3367:29: Type name 'GRLINE_RelativeLineAtGivenPosition' must match pattern '^[A-Z][a-zA-Z0-9]*(?:[0-9](?:_[0-9]+)*)?$'. [TypeName]
[ant:checkstyle] [WARN] /app/src/main/java/com/mgz/afp/goca/GAD_DrawingOrder.java:3384: Line is longer than 100 characters (found 123). [LineLength]
[ant:checkstyle] [WARN] /app/src/main/java/com/mgz/afp/goca/GAD_DrawingOrder.java:3411: Line is longer than 100 characters (found 103). [LineLength]
[ant:checkstyle] [WARN] /app/src/main/java/com/mgz/afp/goca/GAD_DrawingOrder.java:3423:3: Missing a Javadoc comment. [MissingJavadocType]
[ant:checkstyle] [WARN] /app/src/main/java/com/mgz/afp/goca/GAD_DrawingOrder.java:3423:29: Abbreviation in name 'GPARC_PartialArcAtGivenPosition' must contain no more than '1' consecutive capital letters. [AbbreviationAsWordInName]
[ant:checkstyle] [WARN] /app/src/main/java/com/mgz/afp/goca/GAD_DrawingOrder.java:3423:29: Type name 'GPARC_PartialArcAtGivenPosition' must match pattern '^[A-Z][a-zA-Z0-9]*(?:[0-9](?:_[0-9]+)*)?$'. [TypeName]
[ant:checkstyle] [WARN] /app/src/main/java/com/mgz/afp/goca/GAD_DrawingOrder.java:3452: Line is longer than 100 characters (found 123). [LineLength]
[ant:checkstyle] [WARN] /app/src/main/java/com/mgz/afp/goca/GAD_DrawingOrder.java:3538:3: Missing a Javadoc comment. [MissingJavadocType]
[ant:checkstyle] [WARN] /app/src/main/java/com/mgz/afp/goca/GAD_DrawingOrder.java:3538:29: Abbreviation in name 'GCBEZ_CubicBezierCurveAtGivenPosition' must contain no more than '1' consecutive capital letters. [AbbreviationAsWordInName]
[ant:checkstyle] [WARN] /app/src/main/java/com/mgz/afp/goca/GAD_DrawingOrder.java:3538:29: Type name 'GCBEZ_CubicBezierCurveAtGivenPosition' must match pattern '^[A-Z][a-zA-Z0-9]*(?:[0-9](?:_[0-9]+)*)?$'. [TypeName]
[ant:checkstyle] [WARN] /app/src/main/java/com/mgz/afp/goca/GAD_DrawingOrder.java:3539:5: Missing a Javadoc comment. [MissingJavadocMethod]
[ant:checkstyle] [WARN] /app/src/main/java/com/mgz/afp/goca/GAD_DrawingOrder.java:3544: Line is longer than 100 characters (found 123). [LineLength]
[ant:checkstyle] [WARN] /app/src/main/java/com/mgz/afp/goca/GAD_DrawingOrder.java:3553:3: Missing a Javadoc comment. [MissingJavadocType]
[ant:checkstyle] [WARN] /app/src/main/java/com/mgz/afp/goca/GAD_DrawingOrder.java:3553:29: Abbreviation in name 'GEXO_ExtendedOrder' must contain no more than '1' consecutive capital letters. [AbbreviationAsWordInName]
[ant:checkstyle] [WARN] /app/src/main/java/com/mgz/afp/goca/GAD_DrawingOrder.java:3553:29: Type name 'GEXO_ExtendedOrder' must match pattern '^[A-Z][a-zA-Z0-9]*(?:[0-9](?:_[0-9]+)*)?$'. [TypeName]
[ant:checkstyle] [WARN] /app/src/main/java/com/mgz/afp/goca/GAD_DrawingOrder.java:3570: Line is longer than 100 characters (found 123). [LineLength]
[ant:checkstyle] [WARN] /app/src/main/java/com/mgz/afp/goca/GAD_DrawingOrder.java:3609:5: Missing a Javadoc comment. [MissingJavadocMethod]
[ant:checkstyle] [WARN] /app/src/main/java/com/mgz/afp/goca/GAD_DrawingOrder.java:3615:3: Missing a Javadoc comment. [MissingJavadocType]
[ant:checkstyle] [WARN] /app/src/main/java/com/mgz/afp/goca/GAD_DrawingOrder.java:3615:29: Abbreviation in name 'GLGD_LinearGradient' must contain no more than '1' consecutive capital letters. [AbbreviationAsWordInName]
[ant:checkstyle] [WARN] /app/src/main/java/com/mgz/afp/goca/GAD_DrawingOrder.java:3615:29: Type name 'GLGD_LinearGradient' must match pattern '^[A-Z][a-zA-Z0-9]*(?:[0-9](?:_[0-9]+)*)?$'. [TypeName]
[ant:checkstyle] [WARN] /app/src/main/java/com/mgz/afp/goca/GAD_DrawingOrder.java:3627:18: Non-constant field name 'xStart' must start lowercase, be at least 2 chars, avoid single lowercase letter followed by uppercase, contain only letters, digits or underscores, with underscores allowed only between adjacent digits. [GoogleNonConstantFieldName]
[ant:checkstyle] [WARN] /app/src/main/java/com/mgz/afp/goca/GAD_DrawingOrder.java:3629:18: Non-constant field name 'yStart' must start lowercase, be at least 2 chars, avoid single lowercase letter followed by uppercase, contain only letters, digits or underscores, with underscores allowed only between adjacent digits. [GoogleNonConstantFieldName]
[ant:checkstyle] [WARN] /app/src/main/java/com/mgz/afp/goca/GAD_DrawingOrder.java:3631:18: Non-constant field name 'xEnd' must start lowercase, be at least 2 chars, avoid single lowercase letter followed by uppercase, contain only letters, digits or underscores, with underscores allowed only between adjacent digits. [GoogleNonConstantFieldName]
[ant:checkstyle] [WARN] /app/src/main/java/com/mgz/afp/goca/GAD_DrawingOrder.java:3633:18: Non-constant field name 'yEnd' must start lowercase, be at least 2 chars, avoid single lowercase letter followed by uppercase, contain only letters, digits or underscores, with underscores allowed only between adjacent digits. [GoogleNonConstantFieldName]
[ant:checkstyle] [WARN] /app/src/main/java/com/mgz/afp/goca/GAD_DrawingOrder.java:3665: Line is longer than 100 characters (found 123). [LineLength]
[ant:checkstyle] [WARN] /app/src/main/java/com/mgz/afp/goca/GAD_DrawingOrder.java:3737:3: Missing a Javadoc comment. [MissingJavadocType]
[ant:checkstyle] [WARN] /app/src/main/java/com/mgz/afp/goca/GAD_DrawingOrder.java:3737:29: Abbreviation in name 'GRGD_RadialGradient' must contain no more than '1' consecutive capital letters. [AbbreviationAsWordInName]
[ant:checkstyle] [WARN] /app/src/main/java/com/mgz/afp/goca/GAD_DrawingOrder.java:3737:29: Type name 'GRGD_RadialGradient' must match pattern '^[A-Z][a-zA-Z0-9]*(?:[0-9](?:_[0-9]+)*)?$'. [TypeName]
[ant:checkstyle] [WARN] /app/src/main/java/com/mgz/afp/goca/GAD_DrawingOrder.java:3749:18: Non-constant field name 'xStart' must start lowercase, be at least 2 chars, avoid single lowercase letter followed by uppercase, contain only letters, digits or underscores, with underscores allowed only between adjacent digits. [GoogleNonConstantFieldName]
[ant:checkstyle] [WARN] /app/src/main/java/com/mgz/afp/goca/GAD_DrawingOrder.java:3751:18: Non-constant field name 'yStart' must start lowercase, be at least 2 chars, avoid single lowercase letter followed by uppercase, contain only letters, digits or underscores, with underscores allowed only between adjacent digits. [GoogleNonConstantFieldName]
[ant:checkstyle] [WARN] /app/src/main/java/com/mgz/afp/goca/GAD_DrawingOrder.java:3757:18: Non-constant field name 'xEnd' must start lowercase, be at least 2 chars, avoid single lowercase letter followed by uppercase, contain only letters, digits or underscores, with underscores allowed only between adjacent digits. [GoogleNonConstantFieldName]
[ant:checkstyle] [WARN] /app/src/main/java/com/mgz/afp/goca/GAD_DrawingOrder.java:3759:18: Non-constant field name 'yEnd' must start lowercase, be at least 2 chars, avoid single lowercase letter followed by uppercase, contain only letters, digits or underscores, with underscores allowed only between adjacent digits. [GoogleNonConstantFieldName]
[ant:checkstyle] [WARN] /app/src/main/java/com/mgz/afp/goca/GAD_DrawingOrder.java:3799: Line is longer than 100 characters (found 123). [LineLength]
[ant:checkstyle] [WARN] /app/src/main/java/com/mgz/afp/goca/GAD_DrawingOrder.java:3879:3: Missing a Javadoc comment. [MissingJavadocType]
[ant:checkstyle] [WARN] /app/src/main/java/com/mgz/afp/goca/GAD_DrawingOrder.java:3900: Line is longer than 100 characters (found 123). [LineLength]
[ant:checkstyle] [WARN] /app/src/main/java/com/mgz/afp/goca/GAD_DrawingOrder.java:3932:3: Missing a Javadoc comment. [MissingJavadocType]
[ant:checkstyle] [WARN] /app/src/main/java/com/mgz/afp/goca/GAD_DrawingOrder.java:3940:5: Missing a Javadoc comment. [MissingJavadocMethod]
[ant:checkstyle] [WARN] /app/src/main/java/com/mgz/afp/goca/GAD_DrawingOrder.java:3945: Line is longer than 100 characters (found 123). [LineLength]
[ant:checkstyle] [WARN] /app/src/main/java/com/mgz/afp/goca/GAD_DrawingOrder.java:3961:17: Abbreviation in name 'GOCA_Point' must contain no more than '1' consecutive capital letters. [AbbreviationAsWordInName]
[ant:checkstyle] [WARN] /app/src/main/java/com/mgz/afp/goca/GAD_DrawingOrder.java:3961:17: Type name 'GOCA_Point' must match pattern '^[A-Z][a-zA-Z0-9]*$'. [TypeName]
[ant:checkstyle] [WARN] /app/src/main/java/com/mgz/afp/goca/GAD_DrawingOrder.java:3961:44: Record component name 'xCoordinate' must match pattern '^[a-z]([a-z0-9][a-zA-Z0-9]*)?$'. [RecordComponentName]
[ant:checkstyle] [WARN] /app/src/main/java/com/mgz/afp/goca/GAD_DrawingOrder.java:3961:73: Record component name 'yCoordinate' must match pattern '^[a-z]([a-z0-9][a-zA-Z0-9]*)?$'. [RecordComponentName]
[ant:checkstyle] [WARN] /app/src/main/java/com/mgz/afp/goca/GAD_DrawingOrder.java:3962:5: Missing a Javadoc comment. [MissingJavadocMethod]
[ant:checkstyle] [WARN] /app/src/main/java/com/mgz/afp/goca/GAD_DrawingOrder.java:3963: Line is longer than 100 characters (found 139). [LineLength]
[ant:checkstyle] [WARN] /app/src/main/java/com/mgz/afp/goca/GAD_DrawingOrder.java:3970:17: Abbreviation in name 'GOCA_RelativePoint' must contain no more than '1' consecutive capital letters. [AbbreviationAsWordInName]
[ant:checkstyle] [WARN] /app/src/main/java/com/mgz/afp/goca/GAD_DrawingOrder.java:3970:17: Type name 'GOCA_RelativePoint' must match pattern '^[A-Z][a-zA-Z0-9]*$'. [TypeName]
[ant:checkstyle] [WARN] /app/src/main/java/com/mgz/afp/goca/GAD_DrawingOrder.java:3970:51: Record component name 'xOffset' must match pattern '^[a-z]([a-z0-9][a-zA-Z0-9]*)?$'. [RecordComponentName]
[ant:checkstyle] [WARN] /app/src/main/java/com/mgz/afp/goca/GAD_DrawingOrder.java:3970:75: Record component name 'yOffset' must match pattern '^[a-z]([a-z0-9][a-zA-Z0-9]*)?$'. [RecordComponentName]
[ant:checkstyle] [WARN] /app/src/main/java/com/mgz/afp/goca/GAD_DrawingOrder.java:3971:5: Missing a Javadoc comment. [MissingJavadocMethod]
[ant:checkstyle] [WARN] /app/src/main/java/com/mgz/afp/goca/GAD_GraphicsData.java:21:1: 'package' has more than 1 empty lines before. [EmptyLineSeparator]
[ant:checkstyle] [WARN] /app/src/main/java/com/mgz/afp/goca/GAD_GraphicsData.java:37:1: Wrong lexicographical order for 'com.mgz.afp.goca.GAD_DrawingOrder.GCBOX_BoxAtCurrentPosition' import. Should be before 'com.mgz.afp.goca.GAD_DrawingOrder.GCCBEZ_CubicBezierCurveAtCurrentPosition'. [CustomImportOrder]
[ant:checkstyle] [WARN] /app/src/main/java/com/mgz/afp/goca/GAD_GraphicsData.java:85:1: Wrong lexicographical order for 'com.mgz.afp.goca.GAD_DrawingOrder.GSMP_SetMarkerPrecision' import. Should be before 'com.mgz.afp.goca.GAD_DrawingOrder.GSMX_SetMix'. [CustomImportOrder]
[ant:checkstyle] [WARN] /app/src/main/java/com/mgz/afp/goca/GAD_GraphicsData.java:86:1: Wrong lexicographical order for 'com.mgz.afp.goca.GAD_DrawingOrder.GSMS_SetMarkerSet' import. Should be before 'com.mgz.afp.goca.GAD_DrawingOrder.GSMX_SetMix'. [CustomImportOrder]
[ant:checkstyle] [WARN] /app/src/main/java/com/mgz/afp/goca/GAD_GraphicsData.java:88:1: Wrong lexicographical order for 'com.mgz.afp.goca.GAD_DrawingOrder.GSPCOL_SetProcessColor' import. Should be before 'com.mgz.afp.goca.GAD_DrawingOrder.GSPIK_SetPickIdentifier'. [CustomImportOrder]
[ant:checkstyle] [WARN] /app/src/main/java/com/mgz/afp/goca/GAD_GraphicsData.java:98:1: Extra separation in import group before 'java.io.ByteArrayOutputStream' [CustomImportOrder]
[ant:checkstyle] [WARN] /app/src/main/java/com/mgz/afp/goca/GAD_GraphicsData.java:121:14: Abbreviation in name 'GAD_GraphicsData' must contain no more than '1' consecutive capital letters. [AbbreviationAsWordInName]
[ant:checkstyle] [WARN] /app/src/main/java/com/mgz/afp/goca/GAD_GraphicsData.java:121:14: Type name 'GAD_GraphicsData' must match pattern '^[A-Z][a-zA-Z0-9]*(?:[0-9](?:_[0-9]+)*)?$'. [TypeName]
[ant:checkstyle] [WARN] /app/src/main/java/com/mgz/afp/goca/GAD_GraphicsData.java:202: Line is longer than 100 characters (found 161). [LineLength]
[ant:checkstyle] [WARN] /app/src/main/java/com/mgz/afp/goca/GAD_GraphicsData.java:202:3: Missing a Javadoc comment. [MissingJavadocMethod]
[ant:checkstyle] [WARN] /app/src/main/java/com/mgz/afp/goca/GAD_GraphicsData.java:221: Line is longer than 100 characters (found 103). [LineLength]
[ant:checkstyle] [WARN] /app/src/main/java/com/mgz/afp/goca/GAD_GraphicsData.java:232: Line is longer than 100 characters (found 116). [LineLength]
[ant:checkstyle] [WARN] /app/src/main/java/com/mgz/afp/goca/GAD_GraphicsData.java:262: Line is longer than 100 characters (found 108). [LineLength]
[ant:checkstyle] [WARN] /app/src/main/java/com/mgz/afp/goca/GAD_GraphicsData.java:290: Line is longer than 100 characters (found 121). [LineLength]
[ant:checkstyle] [WARN] /app/src/main/java/com/mgz/afp/goca/EGR_EndGraphicsObject.java:24:1: Missing a Javadoc comment. [MissingJavadocType]
[ant:checkstyle] [WARN] /app/src/main/java/com/mgz/afp/goca/EGR_EndGraphicsObject.java:24:14: Abbreviation in name 'EGR_EndGraphicsObject' must contain no more than '1' consecutive capital letters. [AbbreviationAsWordInName]
[ant:checkstyle] [WARN] /app/src/main/java/com/mgz/afp/goca/EGR_EndGraphicsObject.java:24:14: Type name 'EGR_EndGraphicsObject' must match pattern '^[A-Z][a-zA-Z0-9]*(?:[0-9](?:_[0-9]+)*)?$'. [TypeName]
[ant:checkstyle] [WARN] /app/src/main/java/com/mgz/afp/ioca/IpdSegmentPool.java:88: Line is longer than 100 characters (found 103). [LineLength]
[ant:checkstyle] [WARN] /app/src/main/java/com/mgz/afp/ioca/IDD_ImageDataDescriptor.java:29:1: Extra separation in import group before 'java.io.ByteArrayOutputStream' [CustomImportOrder]
[ant:checkstyle] [WARN] /app/src/main/java/com/mgz/afp/ioca/IDD_ImageDataDescriptor.java:35:1: Missing a Javadoc comment. [MissingJavadocType]
[ant:checkstyle] [WARN] /app/src/main/java/com/mgz/afp/ioca/IDD_ImageDataDescriptor.java:35:14: Abbreviation in name 'IDD_ImageDataDescriptor' must contain no more than '1' consecutive capital letters. [AbbreviationAsWordInName]
[ant:checkstyle] [WARN] /app/src/main/java/com/mgz/afp/ioca/IDD_ImageDataDescriptor.java:35:14: Type name 'IDD_ImageDataDescriptor' must match pattern '^[A-Z][a-zA-Z0-9]*(?:[0-9](?:_[0-9]+)*)?$'. [TypeName]
[ant:checkstyle] [WARN] /app/src/main/java/com/mgz/afp/ioca/IDD_ImageDataDescriptor.java:37:9: Non-constant field name 'xImagePointsPerUnitBase' must start lowercase, be at least 2 chars, avoid single lowercase letter followed by uppercase, contain only letters, digits or underscores, with underscores allowed only between adjacent digits. [GoogleNonConstantFieldName]
[ant:checkstyle] [WARN] /app/src/main/java/com/mgz/afp/ioca/IDD_ImageDataDescriptor.java:38:9: Non-constant field name 'yImagePointsPerUnitBase' must start lowercase, be at least 2 chars, avoid single lowercase letter followed by uppercase, contain only letters, digits or underscores, with underscores allowed only between adjacent digits. [GoogleNonConstantFieldName]
[ant:checkstyle] [WARN] /app/src/main/java/com/mgz/afp/ioca/IDD_ImageDataDescriptor.java:44: Line is longer than 100 characters (found 121). [LineLength]
[ant:checkstyle] [WARN] /app/src/main/java/com/mgz/afp/ioca/IDD_ImageDataDescriptor.java:53: Line is longer than 100 characters (found 118). [LineLength]
[ant:checkstyle] [WARN] /app/src/main/java/com/mgz/afp/ioca/IDD_ImageDataDescriptor.java:53:68: ';' is not followed by whitespace. [WhitespaceAfter]
[ant:checkstyle] [WARN] /app/src/main/java/com/mgz/afp/ioca/IDD_ImageDataDescriptor.java:59: Line is longer than 100 characters (found 128). [LineLength]
[ant:checkstyle] [WARN] /app/src/main/java/com/mgz/afp/ioca/IDD_ImageDataDescriptor.java:105:3: Missing a Javadoc comment. [MissingJavadocMethod]
[ant:checkstyle] [WARN] /app/src/main/java/com/mgz/afp/ioca/IDD_ImageDataDescriptor.java:109:3: Missing a Javadoc comment. [MissingJavadocMethod]
[ant:checkstyle] [WARN] /app/src/main/java/com/mgz/afp/ioca/IDD_ImageDataDescriptor.java:109:48: Parameter name 'xImagePointsPerUnitBase' must match pattern '^[a-z]([a-z0-9][a-zA-Z0-9]*)?$'. [ParameterName]
[ant:checkstyle] [WARN] /app/src/main/java/com/mgz/afp/ioca/IDD_ImageDataDescriptor.java:113:3: Missing a Javadoc comment. [MissingJavadocMethod]
[ant:checkstyle] [WARN] /app/src/main/java/com/mgz/afp/ioca/IDD_ImageDataDescriptor.java:117:3: Missing a Javadoc comment. [MissingJavadocMethod]
[ant:checkstyle] [WARN] /app/src/main/java/com/mgz/afp/ioca/IDD_ImageDataDescriptor.java:117:48: Parameter name 'yImagePointsPerUnitBase' must match pattern '^[a-z]([a-z0-9][a-zA-Z0-9]*)?$'. [ParameterName]
[ant:checkstyle] [WARN] /app/src/main/java/com/mgz/afp/ioca/IDD_ImageDataDescriptor.java:145:3: Missing a Javadoc comment. [MissingJavadocMethod]
[ant:checkstyle] [WARN] /app/src/main/java/com/mgz/afp/ioca/IDD_ImageDataDescriptor.java:152:3: Missing a Javadoc comment. [MissingJavadocMethod]
[ant:checkstyle] [WARN] /app/src/main/java/com/mgz/afp/ioca/IPD_Segment.java:38:1: Extra separation in import group before 'java.io.ByteArrayOutputStream' [CustomImportOrder]
[ant:checkstyle] [WARN] /app/src/main/java/com/mgz/afp/ioca/IPD_Segment.java:45:1: Missing a Javadoc comment. [MissingJavadocType]
[ant:checkstyle] [WARN] /app/src/main/java/com/mgz/afp/ioca/IPD_Segment.java:45:30: Abbreviation in name 'IPD_Segment' must contain no more than '1' consecutive capital letters. [AbbreviationAsWordInName]
[ant:checkstyle] [WARN] /app/src/main/java/com/mgz/afp/ioca/IPD_Segment.java:45:30: Type name 'IPD_Segment' must match pattern '^[A-Z][a-zA-Z0-9]*(?:[0-9](?:_[0-9]+)*)?$'. [TypeName]
[ant:checkstyle] [WARN] /app/src/main/java/com/mgz/afp/ioca/IPD_Segment.java:80:3: Missing a Javadoc comment. [MissingJavadocType]
[ant:checkstyle] [WARN] /app/src/main/java/com/mgz/afp/ioca/IPD_Segment.java:80:15: Abbreviation in name 'IPD_SegmentType' must contain no more than '1' consecutive capital letters. [AbbreviationAsWordInName]
[ant:checkstyle] [WARN] /app/src/main/java/com/mgz/afp/ioca/IPD_Segment.java:80:15: Type name 'IPD_SegmentType' must match pattern '^[A-Z][a-zA-Z0-9]*$'. [TypeName]
[ant:checkstyle] [WARN] /app/src/main/java/com/mgz/afp/ioca/IPD_Segment.java:117:5: Missing a Javadoc comment. [MissingJavadocMethod]
[ant:checkstyle] [WARN] /app/src/main/java/com/mgz/afp/ioca/IPD_Segment.java:126:5: Missing a Javadoc comment. [MissingJavadocMethod]
[ant:checkstyle] [WARN] /app/src/main/java/com/mgz/afp/ioca/IPD_Segment.java:135:3: Missing a Javadoc comment. [MissingJavadocType]
[ant:checkstyle] [WARN] /app/src/main/java/com/mgz/afp/ioca/IPD_Segment.java:135:15: Abbreviation in name 'IPD_CompressionAlgorithm' must contain no more than '1' consecutive capital letters. [AbbreviationAsWordInName]
[ant:checkstyle] [WARN] /app/src/main/java/com/mgz/afp/ioca/IPD_Segment.java:135:15: Type name 'IPD_CompressionAlgorithm' must match pattern '^[A-Z][a-zA-Z0-9]*$'. [TypeName]
[ant:checkstyle] [WARN] /app/src/main/java/com/mgz/afp/ioca/IPD_Segment.java:159:5: Missing a Javadoc comment. [MissingJavadocMethod]
[ant:checkstyle] [WARN] /app/src/main/java/com/mgz/afp/ioca/IPD_Segment.java:168:5: Missing a Javadoc comment. [MissingJavadocMethod]
[ant:checkstyle] [WARN] /app/src/main/java/com/mgz/afp/ioca/IPD_Segment.java:173:3: Missing a Javadoc comment. [MissingJavadocType]
[ant:checkstyle] [WARN] /app/src/main/java/com/mgz/afp/ioca/IPD_Segment.java:173:15: Abbreviation in name 'IPD_RecordingAlgorithm' must contain no more than '1' consecutive capital letters. [AbbreviationAsWordInName]
[ant:checkstyle] [WARN] /app/src/main/java/com/mgz/afp/ioca/IPD_Segment.java:173:15: Type name 'IPD_RecordingAlgorithm' must match pattern '^[A-Z][a-zA-Z0-9]*$'. [TypeName]
[ant:checkstyle] [WARN] /app/src/main/java/com/mgz/afp/ioca/IPD_Segment.java:185:5: Missing a Javadoc comment. [MissingJavadocMethod]
[ant:checkstyle] [WARN] /app/src/main/java/com/mgz/afp/ioca/IPD_Segment.java:194:5: Missing a Javadoc comment. [MissingJavadocMethod]
[ant:checkstyle] [WARN] /app/src/main/java/com/mgz/afp/ioca/IPD_Segment.java:199:3: Missing a Javadoc comment. [MissingJavadocType]
[ant:checkstyle] [WARN] /app/src/main/java/com/mgz/afp/ioca/IPD_Segment.java:199:15: Abbreviation in name 'IPD_BitOrder' must contain no more than '1' consecutive capital letters. [AbbreviationAsWordInName]
[ant:checkstyle] [WARN] /app/src/main/java/com/mgz/afp/ioca/IPD_Segment.java:199:15: Type name 'IPD_BitOrder' must match pattern '^[A-Z][a-zA-Z0-9]*$'. [TypeName]
[ant:checkstyle] [WARN] /app/src/main/java/com/mgz/afp/ioca/IPD_Segment.java:208:5: Missing a Javadoc comment. [MissingJavadocMethod]
[ant:checkstyle] [WARN] /app/src/main/java/com/mgz/afp/ioca/IPD_Segment.java:217:5: Missing a Javadoc comment. [MissingJavadocMethod]
[ant:checkstyle] [WARN] /app/src/main/java/com/mgz/afp/ioca/IPD_Segment.java:222:3: Missing a Javadoc comment. [MissingJavadocType]
[ant:checkstyle] [WARN] /app/src/main/java/com/mgz/afp/ioca/IPD_Segment.java:222:20: 'abstract' modifier out of order with the JLS suggestions. [ModifierOrder]
[ant:checkstyle] [WARN] /app/src/main/java/com/mgz/afp/ioca/IPD_Segment.java:222:42: Abbreviation in name 'IPD_SegmentLong' must contain no more than '1' consecutive capital letters. [AbbreviationAsWordInName]
[ant:checkstyle] [WARN] /app/src/main/java/com/mgz/afp/ioca/IPD_Segment.java:222:42: Type name 'IPD_SegmentLong' must match pattern '^[A-Z][a-zA-Z0-9]*(?:[0-9](?:_[0-9]+)*)?$'. [TypeName]
[ant:checkstyle] [WARN] /app/src/main/java/com/mgz/afp/ioca/IPD_Segment.java:225:3: Missing a Javadoc comment. [MissingJavadocType]
[ant:checkstyle] [WARN] /app/src/main/java/com/mgz/afp/ioca/IPD_Segment.java:225:20: 'abstract' modifier out of order with the JLS suggestions. [ModifierOrder]
[ant:checkstyle] [WARN] /app/src/main/java/com/mgz/afp/ioca/IPD_Segment.java:225:42: Abbreviation in name 'IPD_SegmentExtended' must contain no more than '1' consecutive capital letters. [AbbreviationAsWordInName]
[ant:checkstyle] [WARN] /app/src/main/java/com/mgz/afp/ioca/IPD_Segment.java:225:42: Type name 'IPD_SegmentExtended' must match pattern '^[A-Z][a-zA-Z0-9]*(?:[0-9](?:_[0-9]+)*)?$'. [TypeName]
[ant:checkstyle] [WARN] /app/src/main/java/com/mgz/afp/ioca/IPD_Segment.java:228:3: Missing a Javadoc comment. [MissingJavadocType]
[ant:checkstyle] [WARN] /app/src/main/java/com/mgz/afp/ioca/IPD_Segment.java:245: Line is longer than 100 characters (found 123). [LineLength]
[ant:checkstyle] [WARN] /app/src/main/java/com/mgz/afp/ioca/IPD_Segment.java:275:3: Missing a Javadoc comment. [MissingJavadocType]
[ant:checkstyle] [WARN] /app/src/main/java/com/mgz/afp/ioca/IPD_Segment.java:292: Line is longer than 100 characters (found 123). [LineLength]
[ant:checkstyle] [WARN] /app/src/main/java/com/mgz/afp/ioca/IPD_Segment.java:322:3: Missing a Javadoc comment. [MissingJavadocType]
[ant:checkstyle] [WARN] /app/src/main/java/com/mgz/afp/ioca/IPD_Segment.java:340: Line is longer than 100 characters (found 123). [LineLength]
[ant:checkstyle] [WARN] /app/src/main/java/com/mgz/afp/ioca/IPD_Segment.java:378:3: Missing a Javadoc comment. [MissingJavadocType]
[ant:checkstyle] [WARN] /app/src/main/java/com/mgz/afp/ioca/IPD_Segment.java:385: Line is longer than 100 characters (found 123). [LineLength]
[ant:checkstyle] [WARN] /app/src/main/java/com/mgz/afp/ioca/IPD_Segment.java:397:3: Missing a Javadoc comment. [MissingJavadocType]
[ant:checkstyle] [WARN] /app/src/main/java/com/mgz/afp/ioca/IPD_Segment.java:407: Line is longer than 100 characters (found 123). [LineLength]
[ant:checkstyle] [WARN] /app/src/main/java/com/mgz/afp/ioca/IPD_Segment.java:429:3: Missing a Javadoc comment. [MissingJavadocType]
[ant:checkstyle] [WARN] /app/src/main/java/com/mgz/afp/ioca/IPD_Segment.java:436: Line is longer than 100 characters (found 123). [LineLength]
[ant:checkstyle] [WARN] /app/src/main/java/com/mgz/afp/ioca/IPD_Segment.java:448:3: Missing a Javadoc comment. [MissingJavadocType]
[ant:checkstyle] [WARN] /app/src/main/java/com/mgz/afp/ioca/IPD_Segment.java:450:11: Non-constant field name 'xUnitsPerUnitBase' must start lowercase, be at least 2 chars, avoid single lowercase letter followed by uppercase, contain only letters, digits or underscores, with underscores allowed only between adjacent digits. [GoogleNonConstantFieldName]
[ant:checkstyle] [WARN] /app/src/main/java/com/mgz/afp/ioca/IPD_Segment.java:451:11: Non-constant field name 'yUnitsPerUnitBase' must start lowercase, be at least 2 chars, avoid single lowercase letter followed by uppercase, contain only letters, digits or underscores, with underscores allowed only between adjacent digits. [GoogleNonConstantFieldName]
[ant:checkstyle] [WARN] /app/src/main/java/com/mgz/afp/ioca/IPD_Segment.java:452:11: Non-constant field name 'xImageSize' must start lowercase, be at least 2 chars, avoid single lowercase letter followed by uppercase, contain only letters, digits or underscores, with underscores allowed only between adjacent digits. [GoogleNonConstantFieldName]
[ant:checkstyle] [WARN] /app/src/main/java/com/mgz/afp/ioca/IPD_Segment.java:453:11: Non-constant field name 'yImageSize' must start lowercase, be at least 2 chars, avoid single lowercase letter followed by uppercase, contain only letters, digits or underscores, with underscores allowed only between adjacent digits. [GoogleNonConstantFieldName]
[ant:checkstyle] [WARN] /app/src/main/java/com/mgz/afp/ioca/IPD_Segment.java:466: Line is longer than 100 characters (found 123). [LineLength]
[ant:checkstyle] [WARN] /app/src/main/java/com/mgz/afp/ioca/IPD_Segment.java:495:5: Missing a Javadoc comment. [MissingJavadocMethod]
[ant:checkstyle] [WARN] /app/src/main/java/com/mgz/afp/ioca/IPD_Segment.java:499:5: Missing a Javadoc comment. [MissingJavadocMethod]
[ant:checkstyle] [WARN] /app/src/main/java/com/mgz/afp/ioca/IPD_Segment.java:499:44: Parameter name 'xUnitsPerUnitBase' must match pattern '^[a-z]([a-z0-9][a-zA-Z0-9]*)?$'. [ParameterName]
[ant:checkstyle] [WARN] /app/src/main/java/com/mgz/afp/ioca/IPD_Segment.java:503:5: Missing a Javadoc comment. [MissingJavadocMethod]
[ant:checkstyle] [WARN] /app/src/main/java/com/mgz/afp/ioca/IPD_Segment.java:507:5: Missing a Javadoc comment. [MissingJavadocMethod]
[ant:checkstyle] [WARN] /app/src/main/java/com/mgz/afp/ioca/IPD_Segment.java:507:44: Parameter name 'yUnitsPerUnitBase' must match pattern '^[a-z]([a-z0-9][a-zA-Z0-9]*)?$'. [ParameterName]
[ant:checkstyle] [WARN] /app/src/main/java/com/mgz/afp/ioca/IPD_Segment.java:511:5: Missing a Javadoc comment. [MissingJavadocMethod]
[ant:checkstyle] [WARN] /app/src/main/java/com/mgz/afp/ioca/IPD_Segment.java:515:5: Missing a Javadoc comment. [MissingJavadocMethod]
[ant:checkstyle] [WARN] /app/src/main/java/com/mgz/afp/ioca/IPD_Segment.java:515:37: Parameter name 'xImageSize' must match pattern '^[a-z]([a-z0-9][a-zA-Z0-9]*)?$'. [ParameterName]
[ant:checkstyle] [WARN] /app/src/main/java/com/mgz/afp/ioca/IPD_Segment.java:519:5: Missing a Javadoc comment. [MissingJavadocMethod]
[ant:checkstyle] [WARN] /app/src/main/java/com/mgz/afp/ioca/IPD_Segment.java:523:5: Missing a Javadoc comment. [MissingJavadocMethod]
[ant:checkstyle] [WARN] /app/src/main/java/com/mgz/afp/ioca/IPD_Segment.java:523:37: Parameter name 'yImageSize' must match pattern '^[a-z]([a-z0-9][a-zA-Z0-9]*)?$'. [ParameterName]
[ant:checkstyle] [WARN] /app/src/main/java/com/mgz/afp/ioca/IPD_Segment.java:528:3: Missing a Javadoc comment. [MissingJavadocType]
[ant:checkstyle] [WARN] /app/src/main/java/com/mgz/afp/ioca/IPD_Segment.java:542: Line is longer than 100 characters (found 123). [LineLength]
[ant:checkstyle] [WARN] /app/src/main/java/com/mgz/afp/ioca/IPD_Segment.java:545: Line is longer than 100 characters (found 116). [LineLength]
[ant:checkstyle] [WARN] /app/src/main/java/com/mgz/afp/ioca/IPD_Segment.java:546: Line is longer than 100 characters (found 112). [LineLength]
[ant:checkstyle] [WARN] /app/src/main/java/com/mgz/afp/ioca/IPD_Segment.java:593:3: Missing a Javadoc comment. [MissingJavadocType]
[ant:checkstyle] [WARN] /app/src/main/java/com/mgz/afp/ioca/IPD_Segment.java:593:29: Abbreviation in name 'IDESize' must contain no more than '1' consecutive capital letters. [AbbreviationAsWordInName]
[ant:checkstyle] [WARN] /app/src/main/java/com/mgz/afp/ioca/IPD_Segment.java:594:18: Abbreviation in name 'numberOfBitsInEachIDE' must contain no more than '1' consecutive capital letters. [AbbreviationAsWordInName]
[ant:checkstyle] [WARN] /app/src/main/java/com/mgz/afp/ioca/IPD_Segment.java:603: Line is longer than 100 characters (found 123). [LineLength]
[ant:checkstyle] [WARN] /app/src/main/java/com/mgz/afp/ioca/IPD_Segment.java:617:3: Missing a Javadoc comment. [MissingJavadocType]
[ant:checkstyle] [WARN] /app/src/main/java/com/mgz/afp/ioca/IPD_Segment.java:617:29: Abbreviation in name 'ImageLUTID' must contain no more than '1' consecutive capital letters. [AbbreviationAsWordInName]
[ant:checkstyle] [WARN] /app/src/main/java/com/mgz/afp/ioca/IPD_Segment.java:627: Line is longer than 100 characters (found 123). [LineLength]
[ant:checkstyle] [WARN] /app/src/main/java/com/mgz/afp/ioca/IPD_Segment.java:650:3: Missing a Javadoc comment. [MissingJavadocType]
[ant:checkstyle] [WARN] /app/src/main/java/com/mgz/afp/ioca/IPD_Segment.java:662: Line is longer than 100 characters (found 123). [LineLength]
[ant:checkstyle] [WARN] /app/src/main/java/com/mgz/afp/ioca/IPD_Segment.java:687:3: Missing a Javadoc comment. [MissingJavadocType]
[ant:checkstyle] [WARN] /app/src/main/java/com/mgz/afp/ioca/IPD_Segment.java:687:29: Abbreviation in name 'IDEStructure' must contain no more than '1' consecutive capital letters. [AbbreviationAsWordInName]
[ant:checkstyle] [WARN] /app/src/main/java/com/mgz/afp/ioca/IPD_Segment.java:703: Line is longer than 100 characters (found 123). [LineLength]
[ant:checkstyle] [WARN] /app/src/main/java/com/mgz/afp/ioca/IPD_Segment.java:741: Line is longer than 100 characters (found 152). [LineLength]
[ant:checkstyle] [WARN] /app/src/main/java/com/mgz/afp/ioca/IPD_Segment.java:765:39: Parameter name 'reserved4_6' must match pattern '^[a-z]([a-z0-9][a-zA-Z0-9]*)?$'. [ParameterName]
[ant:checkstyle] [WARN] /app/src/main/java/com/mgz/afp/ioca/IPD_Segment.java:777:5: Missing a Javadoc comment. [MissingJavadocType]
[ant:checkstyle] [WARN] /app/src/main/java/com/mgz/afp/ioca/IPD_Segment.java:777:17: Abbreviation in name 'IDEStructureFlag' must contain no more than '1' consecutive capital letters. [AbbreviationAsWordInName]
[ant:checkstyle] [WARN] /app/src/main/java/com/mgz/afp/ioca/IPD_Segment.java:788:7: Missing a Javadoc comment. [MissingJavadocMethod]
[ant:checkstyle] [WARN] /app/src/main/java/com/mgz/afp/ioca/IPD_Segment.java:789: Line is longer than 100 characters (found 108). [LineLength]
[ant:checkstyle] [WARN] /app/src/main/java/com/mgz/afp/ioca/IPD_Segment.java:803:7: Missing a Javadoc comment. [MissingJavadocMethod]
[ant:checkstyle] [WARN] /app/src/main/java/com/mgz/afp/ioca/IPD_Segment.java:821:3: Missing a Javadoc comment. [MissingJavadocType]
[ant:checkstyle] [WARN] /app/src/main/java/com/mgz/afp/ioca/IPD_Segment.java:845: Line is longer than 100 characters (found 123). [LineLength]
[ant:checkstyle] [WARN] /app/src/main/java/com/mgz/afp/ioca/IPD_Segment.java:855: Line is longer than 100 characters (found 140). [LineLength]
[ant:checkstyle] [WARN] /app/src/main/java/com/mgz/afp/ioca/IPD_Segment.java:895: Line is longer than 100 characters (found 102). [LineLength]
[ant:checkstyle] [WARN] /app/src/main/java/com/mgz/afp/ioca/IPD_Segment.java:899:5: Missing a Javadoc comment. [MissingJavadocType]
[ant:checkstyle] [WARN] /app/src/main/java/com/mgz/afp/ioca/IPD_Segment.java:908:7: Missing a Javadoc comment. [MissingJavadocMethod]
[ant:checkstyle] [WARN] /app/src/main/java/com/mgz/afp/ioca/IPD_Segment.java:908:66: Abbreviation in name 'valueOF' must contain no more than '1' consecutive capital letters. [AbbreviationAsWordInName]
[ant:checkstyle] [WARN] /app/src/main/java/com/mgz/afp/ioca/IPD_Segment.java:916:7: Missing a Javadoc comment. [MissingJavadocMethod]
[ant:checkstyle] [WARN] /app/src/main/java/com/mgz/afp/ioca/IPD_Segment.java:922:3: Missing a Javadoc comment. [MissingJavadocType]
[ant:checkstyle] [WARN] /app/src/main/java/com/mgz/afp/ioca/IPD_Segment.java:929: Line is longer than 100 characters (found 104). [LineLength]
[ant:checkstyle] [WARN] /app/src/main/java/com/mgz/afp/ioca/IPD_Segment.java:929:3: Missing a Javadoc comment. [MissingJavadocType]
[ant:checkstyle] [WARN] /app/src/main/java/com/mgz/afp/ioca/IPD_Segment.java:942: Line is longer than 100 characters (found 123). [LineLength]
[ant:checkstyle] [WARN] /app/src/main/java/com/mgz/afp/ioca/IPD_Segment.java:956: Line is longer than 100 characters (found 116). [LineLength]
[ant:checkstyle] [WARN] /app/src/main/java/com/mgz/afp/ioca/IPD_Segment.java:956:3: Missing a Javadoc comment. [MissingJavadocType]
[ant:checkstyle] [WARN] /app/src/main/java/com/mgz/afp/ioca/IPD_Segment.java:957:62: Abbreviation in name 'compressionAlgorithmID' must contain no more than '1' consecutive capital letters. [AbbreviationAsWordInName]
[ant:checkstyle] [WARN] /app/src/main/java/com/mgz/afp/ioca/IPD_Segment.java:959: Line is longer than 100 characters (found 200). [LineLength]
[ant:checkstyle] [WARN] /app/src/main/java/com/mgz/afp/ioca/IPD_Segment.java:959:5: Missing a Javadoc comment. [MissingJavadocMethod]
[ant:checkstyle] [WARN] /app/src/main/java/com/mgz/afp/ioca/IPD_Segment.java:961: Line is longer than 100 characters (found 151). [LineLength]
[ant:checkstyle] [WARN] /app/src/main/java/com/mgz/afp/ioca/IPD_Segment.java:971:69: Abbreviation in name 'getCompressionAlgorithmID' must contain no more than '1' consecutive capital letters. [AbbreviationAsWordInName]
[ant:checkstyle] [WARN] /app/src/main/java/com/mgz/afp/ioca/IPD_Segment.java:975: Line is longer than 100 characters (found 124). [LineLength]
[ant:checkstyle] [WARN] /app/src/main/java/com/mgz/afp/ioca/IPD_Segment.java:975:17: Abbreviation in name 'setCompressionAlgorithmID' must contain no more than '1' consecutive capital letters. [AbbreviationAsWordInName]
[ant:checkstyle] [WARN] /app/src/main/java/com/mgz/afp/ioca/IPD_Segment.java:975:100: Abbreviation in name 'compressionAlgorithmID' must contain no more than '1' consecutive capital letters. [AbbreviationAsWordInName]
[ant:checkstyle] [WARN] /app/src/main/java/com/mgz/afp/ioca/IPD_Segment.java:979:5: Missing a Javadoc comment. [MissingJavadocType]
[ant:checkstyle] [WARN] /app/src/main/java/com/mgz/afp/ioca/IPD_Segment.java:979:17: Abbreviation in name 'CompressionAlgorithmID' must contain no more than '1' consecutive capital letters. [AbbreviationAsWordInName]
[ant:checkstyle] [WARN] /app/src/main/java/com/mgz/afp/ioca/IPD_Segment.java:988: Line is longer than 100 characters (found 111). [LineLength]
[ant:checkstyle] [WARN] /app/src/main/java/com/mgz/afp/ioca/IPD_Segment.java:988:7: Missing a Javadoc comment. [MissingJavadocMethod]
[ant:checkstyle] [WARN] /app/src/main/java/com/mgz/afp/ioca/IPD_Segment.java:988:92: Abbreviation in name 'compressionIDByte' must contain no more than '1' consecutive capital letters. [AbbreviationAsWordInName]
[ant:checkstyle] [WARN] /app/src/main/java/com/mgz/afp/ioca/IPD_Segment.java:996:7: Missing a Javadoc comment. [MissingJavadocMethod]
[ant:checkstyle] [WARN] /app/src/main/java/com/mgz/afp/ioca/IPD_Segment.java:1002: Line is longer than 100 characters (found 121). [LineLength]
[ant:checkstyle] [WARN] /app/src/main/java/com/mgz/afp/ioca/IPD_Segment.java:1002:3: Missing a Javadoc comment. [MissingJavadocType]
[ant:checkstyle] [WARN] /app/src/main/java/com/mgz/afp/ioca/IPD_Segment.java:1002:29: Abbreviation in name 'JPEGCompressionAlgorithmSpecification' must contain no more than '1' consecutive capital letters. [AbbreviationAsWordInName]
[ant:checkstyle] [WARN] /app/src/main/java/com/mgz/afp/ioca/IPD_Segment.java:1020: Line is longer than 100 characters (found 123). [LineLength]
[ant:checkstyle] [WARN] /app/src/main/java/com/mgz/afp/ioca/IPD_Segment.java:1021: Line is longer than 100 characters (found 112). [LineLength]
[ant:checkstyle] [WARN] /app/src/main/java/com/mgz/afp/ioca/IPD_Segment.java:1025: Line is longer than 100 characters (found 121). [LineLength]
[ant:checkstyle] [WARN] /app/src/main/java/com/mgz/afp/ioca/IPD_Segment.java:1040:5: Missing a Javadoc comment. [MissingJavadocType]
[ant:checkstyle] [WARN] /app/src/main/java/com/mgz/afp/ioca/IPD_Segment.java:1040:17: Abbreviation in name 'JPEGCompressionAlgorithmSpecificationMarker' must contain no more than '1' consecutive capital letters. [AbbreviationAsWordInName]
[ant:checkstyle] [WARN] /app/src/main/java/com/mgz/afp/ioca/IPD_Segment.java:1063:7: Missing a Javadoc comment. [MissingJavadocMethod]
[ant:checkstyle] [WARN] /app/src/main/java/com/mgz/afp/ioca/IPD_Segment.java:1072:7: Missing a Javadoc comment. [MissingJavadocMethod]
[ant:checkstyle] [WARN] /app/src/main/java/com/mgz/afp/ioca/IPD_Segment.java:1078: Line is longer than 100 characters (found 128). [LineLength]
[ant:checkstyle] [WARN] /app/src/main/java/com/mgz/afp/ioca/IPD_Segment.java:1078:3: Missing a Javadoc comment. [MissingJavadocType]
[ant:checkstyle] [WARN] /app/src/main/java/com/mgz/afp/ioca/IPD_Segment.java:1092: Line is longer than 100 characters (found 123). [LineLength]
[ant:checkstyle] [WARN] /app/src/main/java/com/mgz/afp/ioca/IPD_Segment.java:1093: Line is longer than 100 characters (found 112). [LineLength]
[ant:checkstyle] [WARN] /app/src/main/java/com/mgz/afp/ioca/IPD_Segment.java:1098: Line is longer than 100 characters (found 107). [LineLength]
[ant:checkstyle] [WARN] /app/src/main/java/com/mgz/afp/ioca/IPD_Segment.java:1121:3: Missing a Javadoc comment. [MissingJavadocType]
[ant:checkstyle] [WARN] /app/src/main/java/com/mgz/afp/ioca/IPD_Segment.java:1140: Line is longer than 100 characters (found 123). [LineLength]
[ant:checkstyle] [WARN] /app/src/main/java/com/mgz/afp/ioca/IPD_Segment.java:1141: Line is longer than 100 characters (found 158). [LineLength]
[ant:checkstyle] [WARN] /app/src/main/java/com/mgz/afp/ioca/IPD_Segment.java:1142: Line is longer than 100 characters (found 116). [LineLength]
[ant:checkstyle] [WARN] /app/src/main/java/com/mgz/afp/ioca/IPD_Segment.java:1144: Line is longer than 100 characters (found 114). [LineLength]
[ant:checkstyle] [WARN] /app/src/main/java/com/mgz/afp/ioca/IPD_Segment.java:1174:5: Missing a Javadoc comment. [MissingJavadocType]
[ant:checkstyle] [WARN] /app/src/main/java/com/mgz/afp/ioca/IPD_Segment.java:1174:19: 'abstract' modifier out of order with the JLS suggestions. [ModifierOrder]
[ant:checkstyle] [WARN] /app/src/main/java/com/mgz/afp/ioca/IPD_Segment.java:1184: Line is longer than 100 characters (found 180). [LineLength]
[ant:checkstyle] [WARN] /app/src/main/java/com/mgz/afp/ioca/IPD_Segment.java:1184:7: Missing a Javadoc comment. [MissingJavadocMethod]
[ant:checkstyle] [WARN] /app/src/main/java/com/mgz/afp/ioca/IPD_Segment.java:1185: Line is longer than 100 characters (found 118). [LineLength]
[ant:checkstyle] [WARN] /app/src/main/java/com/mgz/afp/ioca/IPD_Segment.java:1199: Line is longer than 100 characters (found 132). [LineLength]
[ant:checkstyle] [WARN] /app/src/main/java/com/mgz/afp/ioca/IPD_Segment.java:1213:7: Missing a Javadoc comment. [MissingJavadocType]
[ant:checkstyle] [WARN] /app/src/main/java/com/mgz/afp/ioca/IPD_Segment.java:1225: Line is longer than 100 characters (found 127). [LineLength]
[ant:checkstyle] [WARN] /app/src/main/java/com/mgz/afp/ioca/IPD_Segment.java:1233: Line is longer than 100 characters (found 147). [LineLength]
[ant:checkstyle] [WARN] /app/src/main/java/com/mgz/afp/ioca/IPD_Segment.java:1236: Line is longer than 100 characters (found 103). [LineLength]
[ant:checkstyle] [WARN] /app/src/main/java/com/mgz/afp/ioca/IPD_Segment.java:1274: Line is longer than 100 characters (found 101). [LineLength]
[ant:checkstyle] [WARN] /app/src/main/java/com/mgz/afp/ioca/IPD_Segment.java:1278: Line is longer than 100 characters (found 135). [LineLength]
[ant:checkstyle] [WARN] /app/src/main/java/com/mgz/afp/ioca/IPD_Segment.java:1278:9: Missing a Javadoc comment. [MissingJavadocMethod]
[ant:checkstyle] [WARN] /app/src/main/java/com/mgz/afp/ioca/IPD_Segment.java:1285:9: Missing a Javadoc comment. [MissingJavadocType]
[ant:checkstyle] [WARN] /app/src/main/java/com/mgz/afp/ioca/IPD_Segment.java:1291:3: Missing a Javadoc comment. [MissingJavadocType]
[ant:checkstyle] [WARN] /app/src/main/java/com/mgz/afp/ioca/IPD_Segment.java:1298: Line is longer than 100 characters (found 123). [LineLength]
[ant:checkstyle] [WARN] /app/src/main/java/com/mgz/afp/ioca/IPD_Segment.java:1311:3: Missing a Javadoc comment. [MissingJavadocType]
[ant:checkstyle] [WARN] /app/src/main/java/com/mgz/afp/ioca/IPD_Segment.java:1318: Line is longer than 100 characters (found 123). [LineLength]
[ant:checkstyle] [WARN] /app/src/main/java/com/mgz/afp/ioca/IPD_Segment.java:1330:3: Missing a Javadoc comment. [MissingJavadocType]
[ant:checkstyle] [WARN] /app/src/main/java/com/mgz/afp/ioca/IPD_Segment.java:1342: Line is longer than 100 characters (found 123). [LineLength]
[ant:checkstyle] [WARN] /app/src/main/java/com/mgz/afp/ioca/IPD_Segment.java:1358:3: Missing a Javadoc comment. [MissingJavadocType]
[ant:checkstyle] [WARN] /app/src/main/java/com/mgz/afp/ioca/IPD_Segment.java:1372: Line is longer than 100 characters (found 123). [LineLength]
[ant:checkstyle] [WARN] /app/src/main/java/com/mgz/afp/ioca/IPD_Segment.java:1401:5: Missing a Javadoc comment. [MissingJavadocType]
[ant:checkstyle] [WARN] /app/src/main/java/com/mgz/afp/ioca/IPD_Segment.java:1410:7: Missing a Javadoc comment. [MissingJavadocMethod]
[ant:checkstyle] [WARN] /app/src/main/java/com/mgz/afp/ioca/IPD_Segment.java:1419:7: Missing a Javadoc comment. [MissingJavadocMethod]
[ant:checkstyle] [WARN] /app/src/main/java/com/mgz/afp/ioca/IPD_Segment.java:1425:3: Missing a Javadoc comment. [MissingJavadocType]
[ant:checkstyle] [WARN] /app/src/main/java/com/mgz/afp/ioca/IPD_Segment.java:1428:18: Abbreviation in name 'nrOfBitsIDEsComponent1' must contain no more than '1' consecutive capital letters. [AbbreviationAsWordInName]
[ant:checkstyle] [WARN] /app/src/main/java/com/mgz/afp/ioca/IPD_Segment.java:1429:18: Abbreviation in name 'nrOfBitsIDEsComponent2' must contain no more than '1' consecutive capital letters. [AbbreviationAsWordInName]
[ant:checkstyle] [WARN] /app/src/main/java/com/mgz/afp/ioca/IPD_Segment.java:1430:18: Abbreviation in name 'nrOfBitsIDEsComponent3' must contain no more than '1' consecutive capital letters. [AbbreviationAsWordInName]
[ant:checkstyle] [WARN] /app/src/main/java/com/mgz/afp/ioca/IPD_Segment.java:1431:18: Abbreviation in name 'nrOfBitsIDEsComponent4' must contain no more than '1' consecutive capital letters. [AbbreviationAsWordInName]
[ant:checkstyle] [WARN] /app/src/main/java/com/mgz/afp/ioca/IPD_Segment.java:1447: Line is longer than 100 characters (found 123). [LineLength]
[ant:checkstyle] [WARN] /app/src/main/java/com/mgz/afp/ioca/IPD_Segment.java:1476:3: Missing a Javadoc comment. [MissingJavadocType]
[ant:checkstyle] [WARN] /app/src/main/java/com/mgz/afp/ioca/IPD_Segment.java:1477:17: Abbreviation in name 'tileResourceLocalID' must contain no more than '1' consecutive capital letters. [AbbreviationAsWordInName]
[ant:checkstyle] [WARN] /app/src/main/java/com/mgz/afp/ioca/IPD_Segment.java:1486: Line is longer than 100 characters (found 123). [LineLength]
[ant:checkstyle] [WARN] /app/src/main/java/com/mgz/afp/ioca/IPD_Segment.java:1487: Line is longer than 100 characters (found 119). [LineLength]
[ant:checkstyle] [WARN] /app/src/main/java/com/mgz/afp/ioca/IPD_Segment.java:1488: Line is longer than 100 characters (found 122). [LineLength]
[ant:checkstyle] [WARN] /app/src/main/java/com/mgz/afp/ioca/IPD_Segment.java:1500:3: Missing a Javadoc comment. [MissingJavadocType]
[ant:checkstyle] [WARN] /app/src/main/java/com/mgz/afp/ioca/IPD_Segment.java:1500:29: Abbreviation in name 'TileTOC' must contain no more than '1' consecutive capital letters. [AbbreviationAsWordInName]
[ant:checkstyle] [WARN] /app/src/main/java/com/mgz/afp/ioca/IPD_Segment.java:1512: Line is longer than 100 characters (found 123). [LineLength]
[ant:checkstyle] [WARN] /app/src/main/java/com/mgz/afp/ioca/IPD_Segment.java:1517: Line is longer than 100 characters (found 119). [LineLength]
[ant:checkstyle] [WARN] /app/src/main/java/com/mgz/afp/ioca/IPD_Segment.java:1518: Line is longer than 100 characters (found 122). [LineLength]
[ant:checkstyle] [WARN] /app/src/main/java/com/mgz/afp/ioca/IPD_Segment.java:1520: Line is longer than 100 characters (found 136). [LineLength]
[ant:checkstyle] [WARN] /app/src/main/java/com/mgz/afp/ioca/IPD_Segment.java:1561: Line is longer than 100 characters (found 105). [LineLength]
[ant:checkstyle] [WARN] /app/src/main/java/com/mgz/afp/ioca/IPD_Segment.java:1574:19: Abbreviation in name 'TileTOC_RepeatingGroup' must contain no more than '1' consecutive capital letters. [AbbreviationAsWordInName]
[ant:checkstyle] [WARN] /app/src/main/java/com/mgz/afp/ioca/IPD_Segment.java:1574:19: Type name 'TileTOC_RepeatingGroup' must match pattern '^[A-Z][a-zA-Z0-9]*$'. [TypeName]
[ant:checkstyle] [WARN] /app/src/main/java/com/mgz/afp/ioca/IPD_Segment.java:1580:44: Abbreviation in name 'compressionAlgorithmID' must contain no more than '1' consecutive capital letters. [AbbreviationAsWordInName]
[ant:checkstyle] [WARN] /app/src/main/java/com/mgz/afp/ioca/IPD_Segment.java:1584:3: Missing a Javadoc comment. [MissingJavadocType]
[ant:checkstyle] [WARN] /app/src/main/java/com/mgz/afp/ioca/IPD_Segment.java:1591: Line is longer than 100 characters (found 123). [LineLength]
[ant:checkstyle] [WARN] /app/src/main/java/com/mgz/afp/ioca/IPD_Segment.java:1603:3: Missing a Javadoc comment. [MissingJavadocType]
[ant:checkstyle] [WARN] /app/src/main/java/com/mgz/afp/ioca/IPD_Segment.java:1610: Line is longer than 100 characters (found 123). [LineLength]
[ant:checkstyle] [WARN] /app/src/main/java/com/mgz/afp/ioca/IPD_Segment.java:1622:3: Missing a Javadoc comment. [MissingJavadocType]
[ant:checkstyle] [WARN] /app/src/main/java/com/mgz/afp/ioca/IPD_Segment.java:1636: Line is longer than 100 characters (found 123). [LineLength]
[ant:checkstyle] [WARN] /app/src/main/java/com/mgz/afp/ioca/IPD_Segment.java:1655:3: Missing a Javadoc comment. [MissingJavadocType]
[ant:checkstyle] [WARN] /app/src/main/java/com/mgz/afp/ioca/IPD_Segment.java:1679: Line is longer than 100 characters (found 123). [LineLength]
[ant:checkstyle] [WARN] /app/src/main/java/com/mgz/afp/ioca/IPD_Segment.java:1714:3: Missing a Javadoc comment. [MissingJavadocType]
[ant:checkstyle] [WARN] /app/src/main/java/com/mgz/afp/ioca/IPD_Segment.java:1726: Line is longer than 100 characters (found 123). [LineLength]
[ant:checkstyle] [WARN] /app/src/main/java/com/mgz/afp/ioca/IPD_Segment.java:1743:3: Missing a Javadoc comment. [MissingJavadocType]
[ant:checkstyle] [WARN] /app/src/main/java/com/mgz/afp/ioca/IPD_Segment.java:1743:29: Type name 'nColorNames' must match pattern '^[A-Z][a-zA-Z0-9]*(?:[0-9](?:_[0-9]+)*)?$'. [TypeName]
[ant:checkstyle] [WARN] /app/src/main/java/com/mgz/afp/ioca/IPD_Segment.java:1762: Line is longer than 100 characters (found 123). [LineLength]
[ant:checkstyle] [WARN] /app/src/main/java/com/mgz/afp/ioca/IPD_Segment.java:1811:5: Missing a Javadoc comment. [MissingJavadocType]
[ant:checkstyle] [WARN] /app/src/main/java/com/mgz/afp/ioca/IPD_Segment.java:1814:3: Missing a Javadoc comment. [MissingJavadocType]
[ant:checkstyle] [WARN] /app/src/main/java/com/mgz/afp/ioca/IPD_Segment.java:1824: Line is longer than 100 characters (found 123). [LineLength]
[ant:checkstyle] [WARN] /app/src/main/java/com/mgz/afp/ioca/IPD_Segment.java:1848:3: Missing a Javadoc comment. [MissingJavadocType]
[ant:checkstyle] [WARN] /app/src/main/java/com/mgz/afp/ioca/IPD_Segment.java:1862: Line is longer than 100 characters (found 123). [LineLength]
[ant:checkstyle] [WARN] /app/src/main/java/com/mgz/afp/ioca/IPD_ImagePictureData.java:59:1: Extra separation in import group before 'java.io.ByteArrayOutputStream' [CustomImportOrder]
[ant:checkstyle] [WARN] /app/src/main/java/com/mgz/afp/ioca/IPD_ImagePictureData.java:67:1: Missing a Javadoc comment. [MissingJavadocType]
[ant:checkstyle] [WARN] /app/src/main/java/com/mgz/afp/ioca/IPD_ImagePictureData.java:67:14: Abbreviation in name 'IPD_ImagePictureData' must contain no more than '1' consecutive capital letters. [AbbreviationAsWordInName]
[ant:checkstyle] [WARN] /app/src/main/java/com/mgz/afp/ioca/IPD_ImagePictureData.java:67:14: Type name 'IPD_ImagePictureData' must match pattern '^[A-Z][a-zA-Z0-9]*(?:[0-9](?:_[0-9]+)*)?$'. [TypeName]
[ant:checkstyle] [WARN] /app/src/main/java/com/mgz/afp/ioca/IPD_ImagePictureData.java:83: Line is longer than 100 characters (found 111). [LineLength]
[ant:checkstyle] [WARN] /app/src/main/java/com/mgz/afp/ioca/IPD_ImagePictureData.java:90: Line is longer than 100 characters (found 107). [LineLength]
[ant:checkstyle] [WARN] /app/src/main/java/com/mgz/afp/ioca/IPD_ImagePictureData.java:92: Line is longer than 100 characters (found 101). [LineLength]
[ant:checkstyle] [WARN] /app/src/main/java/com/mgz/afp/ioca/IPD_ImagePictureData.java:121: Line is longer than 100 characters (found 121). [LineLength]
[ant:checkstyle] [WARN] /app/src/main/java/com/mgz/afp/ioca/IPD_ImagePictureData.java:132: Line is longer than 100 characters (found 101). [LineLength]
[ant:checkstyle] [WARN] /app/src/main/java/com/mgz/afp/ioca/IDD_SelfDefiningField.java:30:1: Extra separation in import group before 'java.io.IOException' [CustomImportOrder]
[ant:checkstyle] [WARN] /app/src/main/java/com/mgz/afp/ioca/IDD_SelfDefiningField.java:33:1: Missing a Javadoc comment. [MissingJavadocType]
[ant:checkstyle] [WARN] /app/src/main/java/com/mgz/afp/ioca/IDD_SelfDefiningField.java:33:23: Abbreviation in name 'IDD_SelfDefiningField' must contain no more than '1' consecutive capital letters. [AbbreviationAsWordInName]
[ant:checkstyle] [WARN] /app/src/main/java/com/mgz/afp/ioca/IDD_SelfDefiningField.java:33:23: Type name 'IDD_SelfDefiningField' must match pattern '^[A-Z][a-zA-Z0-9]*(?:[0-9](?:_[0-9]+)*)?$'. [TypeName]
[ant:checkstyle] [WARN] /app/src/main/java/com/mgz/afp/ioca/IDD_SelfDefiningField.java:54:3: Missing a Javadoc comment. [MissingJavadocType]
[ant:checkstyle] [WARN] /app/src/main/java/com/mgz/afp/ioca/IDD_SelfDefiningField.java:66:5: Missing a Javadoc comment. [MissingJavadocMethod]
[ant:checkstyle] [WARN] /app/src/main/java/com/mgz/afp/ioca/IDD_SelfDefiningField.java:75:5: Missing a Javadoc comment. [MissingJavadocMethod]
[ant:checkstyle] [WARN] /app/src/main/java/com/mgz/afp/ioca/IDD_SelfDefiningField.java:80:3: Missing a Javadoc comment. [MissingJavadocType]
[ant:checkstyle] [WARN] /app/src/main/java/com/mgz/afp/ioca/IDD_SelfDefiningField.java:86: Line is longer than 100 characters (found 123). [LineLength]
[ant:checkstyle] [WARN] /app/src/main/java/com/mgz/afp/ioca/IDD_SelfDefiningField.java:129:3: Missing a Javadoc comment. [MissingJavadocType]
[ant:checkstyle] [WARN] /app/src/main/java/com/mgz/afp/ioca/IDD_SelfDefiningField.java:140: Line is longer than 100 characters (found 123). [LineLength]
[ant:checkstyle] [WARN] /app/src/main/java/com/mgz/afp/ioca/IDD_SelfDefiningField.java:190:39: Parameter name 'reserved4_7' must match pattern '^[a-z]([a-z0-9][a-zA-Z0-9]*)?$'. [ParameterName]
[ant:checkstyle] [WARN] /app/src/main/java/com/mgz/afp/ioca/IDD_SelfDefiningField.java:236:3: Missing a Javadoc comment. [MissingJavadocType]
[ant:checkstyle] [WARN] /app/src/main/java/com/mgz/afp/ioca/IDD_SelfDefiningField.java:236:23: Abbreviation in name 'IOCAFunctionSetIdentification' must contain no more than '1' consecutive capital letters. [AbbreviationAsWordInName]
[ant:checkstyle] [WARN] /app/src/main/java/com/mgz/afp/ioca/IDD_SelfDefiningField.java:241: Line is longer than 100 characters (found 123). [LineLength]
[ant:checkstyle] [WARN] /app/src/main/java/com/mgz/afp/ioca/IDD_SelfDefiningField.java:269: Line is longer than 100 characters (found 117). [LineLength]
[ant:checkstyle] [WARN] /app/src/main/java/com/mgz/afp/ioca/IDD_SelfDefiningField.java:273:5: Missing a Javadoc comment. [MissingJavadocType]
[ant:checkstyle] [WARN] /app/src/main/java/com/mgz/afp/ioca/IDD_SelfDefiningField.java:287:7: Missing a Javadoc comment. [MissingJavadocMethod]
[ant:checkstyle] [WARN] /app/src/main/java/com/mgz/afp/ioca/IDD_SelfDefiningField.java:296:7: Missing a Javadoc comment. [MissingJavadocMethod]
[ant:checkstyle] [WARN] /app/src/main/java/com/mgz/afp/ioca/IDD_SelfDefiningField.java:302:3: Missing a Javadoc comment. [MissingJavadocType]
[ant:checkstyle] [WARN] /app/src/main/java/com/mgz/afp/ioca/IDD_SelfDefiningField.java:302:23: Abbreviation in name 'IDEStructure' must contain no more than '1' consecutive capital letters. [AbbreviationAsWordInName]
[ant:checkstyle] [WARN] /app/src/main/java/com/mgz/afp/ioca/IDD_SelfDefiningField.java:308: Line is longer than 100 characters (found 123). [LineLength]
[ant:checkstyle] [WARN] /app/src/main/java/com/mgz/afp/ioca/IDD_SelfDefiningField.java:358:3: Missing a Javadoc comment. [MissingJavadocType]
[ant:checkstyle] [WARN] /app/src/main/java/com/mgz/afp/ioca/IDD_SelfDefiningField.java:379: Line is longer than 100 characters (found 123). [LineLength]
[ant:checkstyle] [WARN] /app/src/main/java/com/mgz/afp/triplets/Triplet.java:41:1: Wrong lexicographical order for 'com.fasterxml.jackson.dataformat.xml.annotation.JacksonXmlProperty' import. Should be before 'java.nio.charset.Charset'. [CustomImportOrder]
[ant:checkstyle] [WARN] /app/src/main/java/com/mgz/afp/triplets/Triplet.java:42:1: Wrong lexicographical order for 'com.fasterxml.jackson.dataformat.xml.annotation.JacksonXmlRootElement' import. Should be before 'java.nio.charset.Charset'. [CustomImportOrder]
[ant:checkstyle] [WARN] /app/src/main/java/com/mgz/afp/triplets/Triplet.java:47:1: Missing a Javadoc comment. [MissingJavadocType]
[ant:checkstyle] [WARN] /app/src/main/java/com/mgz/afp/triplets/Triplet.java:53:13: Abbreviation in name 'tripletID' must contain no more than '1' consecutive capital letters. [AbbreviationAsWordInName]
[ant:checkstyle] [WARN] /app/src/main/java/com/mgz/afp/triplets/Triplet.java:64: Line is longer than 100 characters (found 121). [LineLength]
[ant:checkstyle] [WARN] /app/src/main/java/com/mgz/afp/triplets/Triplet.java:77:20: Abbreviation in name 'getTripletID' must contain no more than '1' consecutive capital letters. [AbbreviationAsWordInName]
[ant:checkstyle] [WARN] /app/src/main/java/com/mgz/afp/triplets/Triplet.java:81:15: Abbreviation in name 'setTripletID' must contain no more than '1' consecutive capital letters. [AbbreviationAsWordInName]
[ant:checkstyle] [WARN] /app/src/main/java/com/mgz/afp/triplets/Triplet.java:81:38: Abbreviation in name 'tripletID' must contain no more than '1' consecutive capital letters. [AbbreviationAsWordInName]
[ant:checkstyle] [WARN] /app/src/main/java/com/mgz/afp/triplets/Triplet.java:89:3: Missing a Javadoc comment. [MissingJavadocType]
[ant:checkstyle] [WARN] /app/src/main/java/com/mgz/afp/triplets/Triplet.java:89:15: Abbreviation in name 'TripletID' must contain no more than '1' consecutive capital letters. [AbbreviationAsWordInName]
[ant:checkstyle] [WARN] /app/src/main/java/com/mgz/afp/triplets/Triplet.java:179:5: Missing a Javadoc comment. [MissingJavadocMethod]
[ant:checkstyle] [WARN] /app/src/main/java/com/mgz/afp/triplets/Triplet.java:185: Line is longer than 100 characters (found 135). [LineLength]
[ant:checkstyle] [WARN] /app/src/main/java/com/mgz/afp/triplets/Triplet.java:188:5: Missing a Javadoc comment. [MissingJavadocMethod]
[ant:checkstyle] [WARN] /app/src/main/java/com/mgz/afp/triplets/Triplet.java:196:15: Abbreviation in name 'GlobalID_Use' must contain no more than '1' consecutive capital letters. [AbbreviationAsWordInName]
[ant:checkstyle] [WARN] /app/src/main/java/com/mgz/afp/triplets/Triplet.java:196:15: Type name 'GlobalID_Use' must match pattern '^[A-Z][a-zA-Z0-9]*$'. [TypeName]
[ant:checkstyle] [WARN] /app/src/main/java/com/mgz/afp/triplets/Triplet.java:229:5: Missing a Javadoc comment. [MissingJavadocMethod]
[ant:checkstyle] [WARN] /app/src/main/java/com/mgz/afp/triplets/Triplet.java:238:5: Missing a Javadoc comment. [MissingJavadocMethod]
[ant:checkstyle] [WARN] /app/src/main/java/com/mgz/afp/triplets/Triplet.java:246:15: Abbreviation in name 'GlobalID_Format' must contain no more than '1' consecutive capital letters. [AbbreviationAsWordInName]
[ant:checkstyle] [WARN] /app/src/main/java/com/mgz/afp/triplets/Triplet.java:246:15: Type name 'GlobalID_Format' must match pattern '^[A-Z][a-zA-Z0-9]*$'. [TypeName]
[ant:checkstyle] [WARN] /app/src/main/java/com/mgz/afp/triplets/Triplet.java:256:5: Missing a Javadoc comment. [MissingJavadocMethod]
[ant:checkstyle] [WARN] /app/src/main/java/com/mgz/afp/triplets/Triplet.java:265:5: Missing a Javadoc comment. [MissingJavadocMethod]
[ant:checkstyle] [WARN] /app/src/main/java/com/mgz/afp/triplets/Triplet.java:285: Line is longer than 100 characters (found 123). [LineLength]
[ant:checkstyle] [WARN] /app/src/main/java/com/mgz/afp/triplets/Triplet.java:339:29: Abbreviation in name 'CodedGraphicCharacterSetGlobalID' must contain no more than '1' consecutive capital letters. [AbbreviationAsWordInName]
[ant:checkstyle] [WARN] /app/src/main/java/com/mgz/afp/triplets/Triplet.java:340:9: Abbreviation in name 'graphicCharacterSetGlobalID' must contain no more than '1' consecutive capital letters. [AbbreviationAsWordInName]
[ant:checkstyle] [WARN] /app/src/main/java/com/mgz/afp/triplets/Triplet.java:341:9: Abbreviation in name 'codePageGlobalID_codedCharacterSetID' must contain no more than '1' consecutive capital letters. [AbbreviationAsWordInName]
[ant:checkstyle] [WARN] /app/src/main/java/com/mgz/afp/triplets/Triplet.java:341:9: Non-constant field name 'codePageGlobalID_codedCharacterSetID' must start lowercase, be at least 2 chars, avoid single lowercase letter followed by uppercase, contain only letters, digits or underscores, with underscores allowed only between adjacent digits. [GoogleNonConstantFieldName]
[ant:checkstyle] [WARN] /app/src/main/java/com/mgz/afp/triplets/Triplet.java:344: Line is longer than 100 characters (found 123). [LineLength]
[ant:checkstyle] [WARN] /app/src/main/java/com/mgz/afp/triplets/Triplet.java:371: Line is longer than 100 characters (found 107). [LineLength]
[ant:checkstyle] [WARN] /app/src/main/java/com/mgz/afp/triplets/Triplet.java:374:20: Abbreviation in name 'isCCSIDForm' must contain no more than '1' consecutive capital letters. [AbbreviationAsWordInName]
[ant:checkstyle] [WARN] /app/src/main/java/com/mgz/afp/triplets/Triplet.java:378:16: Abbreviation in name 'getGraphicCharacterSetGlobalID' must contain no more than '1' consecutive capital letters. [AbbreviationAsWordInName]
[ant:checkstyle] [WARN] /app/src/main/java/com/mgz/afp/triplets/Triplet.java:382:16: Abbreviation in name 'getCodePageGlobalID_codedCharacterSetID' must contain no more than '1' consecutive capital letters. [AbbreviationAsWordInName]
[ant:checkstyle] [WARN] /app/src/main/java/com/mgz/afp/triplets/Triplet.java:382:16: Method name 'getCodePageGlobalID_codedCharacterSetID' must match pattern '^(?![a-z]$)(?![a-z][A-Z])[a-z][a-z0-9]*(?:[A-Z][a-z0-9]*)*(?:_[0-9]+)*$'. [MethodName]
[ant:checkstyle] [WARN] /app/src/main/java/com/mgz/afp/triplets/Triplet.java:526:5: Missing a Javadoc comment. [MissingJavadocType]
[ant:checkstyle] [WARN] /app/src/main/java/com/mgz/afp/triplets/Triplet.java:542:7: Missing a Javadoc comment. [MissingJavadocMethod]
[ant:checkstyle] [WARN] /app/src/main/java/com/mgz/afp/triplets/Triplet.java:551:7: Missing a Javadoc comment. [MissingJavadocMethod]
[ant:checkstyle] [WARN] /app/src/main/java/com/mgz/afp/triplets/Triplet.java:568:19: Abbreviation in name 'registeredObjectID' must contain no more than '1' consecutive capital letters. [AbbreviationAsWordInName]
[ant:checkstyle] [WARN] /app/src/main/java/com/mgz/afp/triplets/Triplet.java:620: Line is longer than 100 characters (found 128). [LineLength]
[ant:checkstyle] [WARN] /app/src/main/java/com/mgz/afp/triplets/Triplet.java:622: Line is longer than 100 characters (found 128). [LineLength]
[ant:checkstyle] [WARN] /app/src/main/java/com/mgz/afp/triplets/Triplet.java:624: Line is longer than 100 characters (found 129). [LineLength]
[ant:checkstyle] [WARN] /app/src/main/java/com/mgz/afp/triplets/Triplet.java:673:7: Missing a Javadoc comment. [MissingJavadocMethod]
[ant:checkstyle] [WARN] /app/src/main/java/com/mgz/afp/triplets/Triplet.java:679: Line is longer than 100 characters (found 143). [LineLength]
[ant:checkstyle] [WARN] /app/src/main/java/com/mgz/afp/triplets/Triplet.java:682:7: Missing a Javadoc comment. [MissingJavadocMethod]
[ant:checkstyle] [WARN] /app/src/main/java/com/mgz/afp/triplets/Triplet.java:687:5: Missing a Javadoc comment. [MissingJavadocType]
[ant:checkstyle] [WARN] /app/src/main/java/com/mgz/afp/triplets/Triplet.java:704: Line is longer than 100 characters (found 127). [LineLength]
[ant:checkstyle] [WARN] /app/src/main/java/com/mgz/afp/triplets/Triplet.java:711:7: Missing a Javadoc comment. [MissingJavadocMethod]
[ant:checkstyle] [WARN] /app/src/main/java/com/mgz/afp/triplets/Triplet.java:747:7: Missing a Javadoc comment. [MissingJavadocMethod]
[ant:checkstyle] [WARN] /app/src/main/java/com/mgz/afp/triplets/Triplet.java:796:29: Abbreviation in name 'MODCAInterchangeSet' must contain no more than '1' consecutive capital letters. [AbbreviationAsWordInName]
[ant:checkstyle] [WARN] /app/src/main/java/com/mgz/afp/triplets/Triplet.java:801: Line is longer than 100 characters (found 123). [LineLength]
[ant:checkstyle] [WARN] /app/src/main/java/com/mgz/afp/triplets/Triplet.java:805: Line is longer than 100 characters (found 112). [LineLength]
[ant:checkstyle] [WARN] /app/src/main/java/com/mgz/afp/triplets/Triplet.java:828:5: Missing a Javadoc comment. [MissingJavadocType]
[ant:checkstyle] [WARN] /app/src/main/java/com/mgz/afp/triplets/Triplet.java:828:17: Abbreviation in name 'MODCAInterchangeSet_Type' must contain no more than '1' consecutive capital letters. [AbbreviationAsWordInName]
[ant:checkstyle] [WARN] /app/src/main/java/com/mgz/afp/triplets/Triplet.java:828:17: Type name 'MODCAInterchangeSet_Type' must match pattern '^[A-Z][a-zA-Z0-9]*$'. [TypeName]
[ant:checkstyle] [WARN] /app/src/main/java/com/mgz/afp/triplets/Triplet.java:831:7: Missing a Javadoc comment. [MissingJavadocMethod]
[ant:checkstyle] [WARN] /app/src/main/java/com/mgz/afp/triplets/Triplet.java:835: Line is longer than 100 characters (found 153). [LineLength]
[ant:checkstyle] [WARN] /app/src/main/java/com/mgz/afp/triplets/Triplet.java:838:7: Missing a Javadoc comment. [MissingJavadocMethod]
[ant:checkstyle] [WARN] /app/src/main/java/com/mgz/afp/triplets/Triplet.java:843:5: Missing a Javadoc comment. [MissingJavadocType]
[ant:checkstyle] [WARN] /app/src/main/java/com/mgz/afp/triplets/Triplet.java:843:17: Abbreviation in name 'MODCAInterchangeSet_Identifier' must contain no more than '1' consecutive capital letters. [AbbreviationAsWordInName]
[ant:checkstyle] [WARN] /app/src/main/java/com/mgz/afp/triplets/Triplet.java:843:17: Type name 'MODCAInterchangeSet_Identifier' must match pattern '^[A-Z][a-zA-Z0-9]*$'. [TypeName]
[ant:checkstyle] [WARN] /app/src/main/java/com/mgz/afp/triplets/Triplet.java:853:7: Missing a Javadoc comment. [MissingJavadocMethod]
[ant:checkstyle] [WARN] /app/src/main/java/com/mgz/afp/triplets/Triplet.java:859: Line is longer than 100 characters (found 155). [LineLength]
[ant:checkstyle] [WARN] /app/src/main/java/com/mgz/afp/triplets/Triplet.java:862:7: Missing a Javadoc comment. [MissingJavadocMethod]
[ant:checkstyle] [WARN] /app/src/main/java/com/mgz/afp/triplets/Triplet.java:874:29: Abbreviation in name 'MODCAFunctionSet' must contain no more than '1' consecutive capital letters. [AbbreviationAsWordInName]
[ant:checkstyle] [WARN] /app/src/main/java/com/mgz/afp/triplets/Triplet.java:876:16: Abbreviation in name 'fctSetID' must contain no more than '1' consecutive capital letters. [AbbreviationAsWordInName]
[ant:checkstyle] [WARN] /app/src/main/java/com/mgz/afp/triplets/Triplet.java:879: Line is longer than 100 characters (found 123). [LineLength]
[ant:checkstyle] [WARN] /app/src/main/java/com/mgz/afp/triplets/Triplet.java:917: Line is longer than 100 characters (found 123). [LineLength]
[ant:checkstyle] [WARN] /app/src/main/java/com/mgz/afp/triplets/Triplet.java:974:5: Missing a Javadoc comment. [MissingJavadocType]
[ant:checkstyle] [WARN] /app/src/main/java/com/mgz/afp/triplets/Triplet.java:974:17: Abbreviation in name 'FDS_FontWeigthClass' must contain no more than '1' consecutive capital letters. [AbbreviationAsWordInName]
[ant:checkstyle] [WARN] /app/src/main/java/com/mgz/afp/triplets/Triplet.java:974:17: Type name 'FDS_FontWeigthClass' must match pattern '^[A-Z][a-zA-Z0-9]*$'. [TypeName]
[ant:checkstyle] [WARN] /app/src/main/java/com/mgz/afp/triplets/Triplet.java:991:7: Missing a Javadoc comment. [MissingJavadocMethod]
[ant:checkstyle] [WARN] /app/src/main/java/com/mgz/afp/triplets/Triplet.java:997: Line is longer than 100 characters (found 149). [LineLength]
[ant:checkstyle] [WARN] /app/src/main/java/com/mgz/afp/triplets/Triplet.java:1000:7: Missing a Javadoc comment. [MissingJavadocMethod]
[ant:checkstyle] [WARN] /app/src/main/java/com/mgz/afp/triplets/Triplet.java:1005:5: Missing a Javadoc comment. [MissingJavadocType]
[ant:checkstyle] [WARN] /app/src/main/java/com/mgz/afp/triplets/Triplet.java:1005:17: Abbreviation in name 'FDS_FontWidthClass' must contain no more than '1' consecutive capital letters. [AbbreviationAsWordInName]
[ant:checkstyle] [WARN] /app/src/main/java/com/mgz/afp/triplets/Triplet.java:1005:17: Type name 'FDS_FontWidthClass' must match pattern '^[A-Z][a-zA-Z0-9]*$'. [TypeName]
[ant:checkstyle] [WARN] /app/src/main/java/com/mgz/afp/triplets/Triplet.java:1022:7: Missing a Javadoc comment. [MissingJavadocMethod]
[ant:checkstyle] [WARN] /app/src/main/java/com/mgz/afp/triplets/Triplet.java:1028: Line is longer than 100 characters (found 148). [LineLength]
[ant:checkstyle] [WARN] /app/src/main/java/com/mgz/afp/triplets/Triplet.java:1031:7: Missing a Javadoc comment. [MissingJavadocMethod]
[ant:checkstyle] [WARN] /app/src/main/java/com/mgz/afp/triplets/Triplet.java:1036:5: Missing a Javadoc comment. [MissingJavadocType]
[ant:checkstyle] [WARN] /app/src/main/java/com/mgz/afp/triplets/Triplet.java:1036:17: Abbreviation in name 'FDS_FontDsFlag' must contain no more than '1' consecutive capital letters. [AbbreviationAsWordInName]
[ant:checkstyle] [WARN] /app/src/main/java/com/mgz/afp/triplets/Triplet.java:1036:17: Type name 'FDS_FontDsFlag' must match pattern '^[A-Z][a-zA-Z0-9]*$'. [TypeName]
[ant:checkstyle] [WARN] /app/src/main/java/com/mgz/afp/triplets/Triplet.java:1053: Line is longer than 100 characters (found 129). [LineLength]
[ant:checkstyle] [WARN] /app/src/main/java/com/mgz/afp/triplets/Triplet.java:1060:7: Missing a Javadoc comment. [MissingJavadocMethod]
[ant:checkstyle] [WARN] /app/src/main/java/com/mgz/afp/triplets/Triplet.java:1103:7: Missing a Javadoc comment. [MissingJavadocMethod]
[ant:checkstyle] [WARN] /app/src/main/java/com/mgz/afp/triplets/Triplet.java:1132:7: Missing a Javadoc comment. [MissingJavadocMethod]
[ant:checkstyle] [WARN] /app/src/main/java/com/mgz/afp/triplets/Triplet.java:1142:5: Missing a Javadoc comment. [MissingJavadocType]
[ant:checkstyle] [WARN] /app/src/main/java/com/mgz/afp/triplets/Triplet.java:1142:17: Abbreviation in name 'FDS_FontUsFlag' must contain no more than '1' consecutive capital letters. [AbbreviationAsWordInName]
[ant:checkstyle] [WARN] /app/src/main/java/com/mgz/afp/triplets/Triplet.java:1142:17: Type name 'FDS_FontUsFlag' must match pattern '^[A-Z][a-zA-Z0-9]*$'. [TypeName]
[ant:checkstyle] [WARN] /app/src/main/java/com/mgz/afp/triplets/Triplet.java:1150: Line is longer than 100 characters (found 129). [LineLength]
[ant:checkstyle] [WARN] /app/src/main/java/com/mgz/afp/triplets/Triplet.java:1157:7: Missing a Javadoc comment. [MissingJavadocMethod]
[ant:checkstyle] [WARN] /app/src/main/java/com/mgz/afp/triplets/Triplet.java:1174:7: Missing a Javadoc comment. [MissingJavadocMethod]
[ant:checkstyle] [WARN] /app/src/main/java/com/mgz/afp/triplets/Triplet.java:1187:7: Missing a Javadoc comment. [MissingJavadocMethod]
[ant:checkstyle] [WARN] /app/src/main/java/com/mgz/afp/triplets/Triplet.java:1204:29: Abbreviation in name 'FontCodedGraphicCharacterSetGlobalID' must contain no more than '1' consecutive capital letters. [AbbreviationAsWordInName]
[ant:checkstyle] [WARN] /app/src/main/java/com/mgz/afp/triplets/Triplet.java:1205:16: Abbreviation in name 'codedGraphicCharacterSetGlobalID' must contain no more than '1' consecutive capital letters. [AbbreviationAsWordInName]
[ant:checkstyle] [WARN] /app/src/main/java/com/mgz/afp/triplets/Triplet.java:1206:16: Abbreviation in name 'codePageGlobalID' must contain no more than '1' consecutive capital letters. [AbbreviationAsWordInName]
[ant:checkstyle] [WARN] /app/src/main/java/com/mgz/afp/triplets/Triplet.java:1209: Line is longer than 100 characters (found 123). [LineLength]
[ant:checkstyle] [WARN] /app/src/main/java/com/mgz/afp/triplets/Triplet.java:1249: Line is longer than 100 characters (found 123). [LineLength]
[ant:checkstyle] [WARN] /app/src/main/java/com/mgz/afp/triplets/Triplet.java:1251: Line is longer than 100 characters (found 115). [LineLength]
[ant:checkstyle] [WARN] /app/src/main/java/com/mgz/afp/triplets/Triplet.java:1280:17: Abbreviation in name 'ROT_ObjectType' must contain no more than '1' consecutive capital letters. [AbbreviationAsWordInName]
[ant:checkstyle] [WARN] /app/src/main/java/com/mgz/afp/triplets/Triplet.java:1280:17: Type name 'ROT_ObjectType' must match pattern '^[A-Z][a-zA-Z0-9]*$'. [TypeName]
[ant:checkstyle] [WARN] /app/src/main/java/com/mgz/afp/triplets/Triplet.java:1301: Line is longer than 100 characters (found 105). [LineLength]
[ant:checkstyle] [WARN] /app/src/main/java/com/mgz/afp/triplets/Triplet.java:1301:7: Missing a Javadoc comment. [MissingJavadocMethod]
[ant:checkstyle] [WARN] /app/src/main/java/com/mgz/afp/triplets/Triplet.java:1307: Line is longer than 100 characters (found 157). [LineLength]
[ant:checkstyle] [WARN] /app/src/main/java/com/mgz/afp/triplets/Triplet.java:1310:7: Missing a Javadoc comment. [MissingJavadocMethod]
[ant:checkstyle] [WARN] /app/src/main/java/com/mgz/afp/triplets/Triplet.java:1323:29: Type name 'ObjectFunctionSetSpecification_Retired' must match pattern '^[A-Z][a-zA-Z0-9]*(?:[0-9](?:_[0-9]+)*)?$'. [TypeName]
[ant:checkstyle] [WARN] /app/src/main/java/com/mgz/afp/triplets/Triplet.java:1331: Line is longer than 100 characters (found 123). [LineLength]
[ant:checkstyle] [WARN] /app/src/main/java/com/mgz/afp/triplets/Triplet.java:1333: Line is longer than 100 characters (found 115). [LineLength]
[ant:checkstyle] [WARN] /app/src/main/java/com/mgz/afp/triplets/Triplet.java:1373:5: Missing a Javadoc comment. [MissingJavadocType]
[ant:checkstyle] [WARN] /app/src/main/java/com/mgz/afp/triplets/Triplet.java:1373:17: Abbreviation in name 'OCAFunctionSet' must contain no more than '1' consecutive capital letters. [AbbreviationAsWordInName]
[ant:checkstyle] [WARN] /app/src/main/java/com/mgz/afp/triplets/Triplet.java:1383:7: Missing a Javadoc comment. [MissingJavadocMethod]
[ant:checkstyle] [WARN] /app/src/main/java/com/mgz/afp/triplets/Triplet.java:1389: Line is longer than 100 characters (found 134). [LineLength]
[ant:checkstyle] [WARN] /app/src/main/java/com/mgz/afp/triplets/Triplet.java:1392:7: Missing a Javadoc comment. [MissingJavadocMethod]
[ant:checkstyle] [WARN] /app/src/main/java/com/mgz/afp/triplets/Triplet.java:1406:17: Abbreviation in name 'extendedResourceLocalID' must contain no more than '1' consecutive capital letters. [AbbreviationAsWordInName]
[ant:checkstyle] [WARN] /app/src/main/java/com/mgz/afp/triplets/Triplet.java:1409: Line is longer than 100 characters (found 123). [LineLength]
[ant:checkstyle] [WARN] /app/src/main/java/com/mgz/afp/triplets/Triplet.java:1441:17: Abbreviation in name 'ERLI_ResourceType' must contain no more than '1' consecutive capital letters. [AbbreviationAsWordInName]
[ant:checkstyle] [WARN] /app/src/main/java/com/mgz/afp/triplets/Triplet.java:1441:17: Type name 'ERLI_ResourceType' must match pattern '^[A-Z][a-zA-Z0-9]*$'. [TypeName]
[ant:checkstyle] [WARN] /app/src/main/java/com/mgz/afp/triplets/Triplet.java:1446:7: Missing a Javadoc comment. [MissingJavadocMethod]
[ant:checkstyle] [WARN] /app/src/main/java/com/mgz/afp/triplets/Triplet.java:1454: Line is longer than 100 characters (found 157). [LineLength]
[ant:checkstyle] [WARN] /app/src/main/java/com/mgz/afp/triplets/Triplet.java:1458:7: Missing a Javadoc comment. [MissingJavadocMethod]
[ant:checkstyle] [WARN] /app/src/main/java/com/mgz/afp/triplets/Triplet.java:1480:11: Abbreviation in name 'resourceLocalID' must contain no more than '1' consecutive capital letters. [AbbreviationAsWordInName]
[ant:checkstyle] [WARN] /app/src/main/java/com/mgz/afp/triplets/Triplet.java:1483: Line is longer than 100 characters (found 123). [LineLength]
[ant:checkstyle] [WARN] /app/src/main/java/com/mgz/afp/triplets/Triplet.java:1514:18: Abbreviation in name 'getResourceLocalID' must contain no more than '1' consecutive capital letters. [AbbreviationAsWordInName]
[ant:checkstyle] [WARN] /app/src/main/java/com/mgz/afp/triplets/Triplet.java:1518:17: Abbreviation in name 'setResourceLocalID' must contain no more than '1' consecutive capital letters. [AbbreviationAsWordInName]
[ant:checkstyle] [WARN] /app/src/main/java/com/mgz/afp/triplets/Triplet.java:1518:42: Abbreviation in name 'resourceLocalID' must contain no more than '1' consecutive capital letters. [AbbreviationAsWordInName]
[ant:checkstyle] [WARN] /app/src/main/java/com/mgz/afp/triplets/Triplet.java:1522:5: Missing a Javadoc comment. [MissingJavadocType]
[ant:checkstyle] [WARN] /app/src/main/java/com/mgz/afp/triplets/Triplet.java:1522:17: Abbreviation in name 'RLI_ResourceType' must contain no more than '1' consecutive capital letters. [AbbreviationAsWordInName]
[ant:checkstyle] [WARN] /app/src/main/java/com/mgz/afp/triplets/Triplet.java:1522:17: Type name 'RLI_ResourceType' must match pattern '^[A-Z][a-zA-Z0-9]*$'. [TypeName]
[ant:checkstyle] [WARN] /app/src/main/java/com/mgz/afp/triplets/Triplet.java:1528:7: Missing a Javadoc comment. [MissingJavadocMethod]
[ant:checkstyle] [WARN] /app/src/main/java/com/mgz/afp/triplets/Triplet.java:1538: Line is longer than 100 characters (found 156). [LineLength]
[ant:checkstyle] [WARN] /app/src/main/java/com/mgz/afp/triplets/Triplet.java:1542:7: Missing a Javadoc comment. [MissingJavadocMethod]
[ant:checkstyle] [WARN] /app/src/main/java/com/mgz/afp/triplets/Triplet.java:1569: Line is longer than 100 characters (found 123). [LineLength]
[ant:checkstyle] [WARN] /app/src/main/java/com/mgz/afp/triplets/Triplet.java:1634: Line is longer than 100 characters (found 123). [LineLength]
[ant:checkstyle] [WARN] /app/src/main/java/com/mgz/afp/triplets/Triplet.java:1673: Line is longer than 100 characters (found 123). [LineLength]
[ant:checkstyle] [WARN] /app/src/main/java/com/mgz/afp/triplets/Triplet.java:1703:39: Parameter name 'reserved2_3' must match pattern '^[a-z]([a-z0-9][a-zA-Z0-9]*)?$'. [ParameterName]
[ant:checkstyle] [WARN] /app/src/main/java/com/mgz/afp/triplets/Triplet.java:1715:5: Missing a Javadoc comment. [MissingJavadocMethod]
[ant:checkstyle] [WARN] /app/src/main/java/com/mgz/afp/triplets/Triplet.java:1738:18: Abbreviation in name 'objectAreaDescriptorID' must contain no more than '1' consecutive capital letters. [AbbreviationAsWordInName]
[ant:checkstyle] [WARN] /app/src/main/java/com/mgz/afp/triplets/Triplet.java:1741: Line is longer than 100 characters (found 123). [LineLength]
[ant:checkstyle] [WARN] /app/src/main/java/com/mgz/afp/triplets/Triplet.java:1773: Line is longer than 100 characters (found 123). [LineLength]
[ant:checkstyle] [WARN] /app/src/main/java/com/mgz/afp/triplets/Triplet.java:1795:5: Missing a Javadoc comment. [MissingJavadocType]
[ant:checkstyle] [WARN] /app/src/main/java/com/mgz/afp/triplets/Triplet.java:1801:7: Missing a Javadoc comment. [MissingJavadocMethod]
[ant:checkstyle] [WARN] /app/src/main/java/com/mgz/afp/triplets/Triplet.java:1811: Line is longer than 100 characters (found 154). [LineLength]
[ant:checkstyle] [WARN] /app/src/main/java/com/mgz/afp/triplets/Triplet.java:1815:7: Missing a Javadoc comment. [MissingJavadocMethod]
[ant:checkstyle] [WARN] /app/src/main/java/com/mgz/afp/triplets/Triplet.java:1844: Line is longer than 100 characters (found 123). [LineLength]
[ant:checkstyle] [WARN] /app/src/main/java/com/mgz/afp/triplets/Triplet.java:1872:5: Missing a Javadoc comment. [MissingJavadocType]
[ant:checkstyle] [WARN] /app/src/main/java/com/mgz/afp/triplets/Triplet.java:1878:7: Missing a Javadoc comment. [MissingJavadocMethod]
[ant:checkstyle] [WARN] /app/src/main/java/com/mgz/afp/triplets/Triplet.java:1884: Line is longer than 100 characters (found 152). [LineLength]
[ant:checkstyle] [WARN] /app/src/main/java/com/mgz/afp/triplets/Triplet.java:1887:7: Missing a Javadoc comment. [MissingJavadocMethod]
[ant:checkstyle] [WARN] /app/src/main/java/com/mgz/afp/triplets/Triplet.java:1906: Line is longer than 100 characters (found 123). [LineLength]
[ant:checkstyle] [WARN] /app/src/main/java/com/mgz/afp/triplets/Triplet.java:1931:7: Missing a Javadoc comment. [MissingJavadocMethod]
[ant:checkstyle] [WARN] /app/src/main/java/com/mgz/afp/triplets/Triplet.java:1939:7: Missing a Javadoc comment. [MissingJavadocMethod]
[ant:checkstyle] [WARN] /app/src/main/java/com/mgz/afp/triplets/Triplet.java:1952: Line is longer than 100 characters (found 101). [LineLength]
[ant:checkstyle] [WARN] /app/src/main/java/com/mgz/afp/triplets/Triplet.java:1964: Line is longer than 100 characters (found 123). [LineLength]
[ant:checkstyle] [WARN] /app/src/main/java/com/mgz/afp/triplets/Triplet.java:1969: Line is longer than 100 characters (found 103). [LineLength]
[ant:checkstyle] [WARN] /app/src/main/java/com/mgz/afp/triplets/Triplet.java:2020: Line is longer than 100 characters (found 101). [LineLength]
[ant:checkstyle] [WARN] /app/src/main/java/com/mgz/afp/triplets/Triplet.java:2024:5: Missing a Javadoc comment. [MissingJavadocType]
[ant:checkstyle] [WARN] /app/src/main/java/com/mgz/afp/triplets/Triplet.java:2028:7: Missing a Javadoc comment. [MissingJavadocMethod]
[ant:checkstyle] [WARN] /app/src/main/java/com/mgz/afp/triplets/Triplet.java:2035: Line is longer than 100 characters (found 158). [LineLength]
[ant:checkstyle] [WARN] /app/src/main/java/com/mgz/afp/triplets/Triplet.java:2039:7: Missing a Javadoc comment. [MissingJavadocMethod]
[ant:checkstyle] [WARN] /app/src/main/java/com/mgz/afp/triplets/Triplet.java:2048:5: Missing a Javadoc comment. [MissingJavadocType]
[ant:checkstyle] [WARN] /app/src/main/java/com/mgz/afp/triplets/Triplet.java:2053: Line is longer than 100 characters (found 138). [LineLength]
[ant:checkstyle] [WARN] /app/src/main/java/com/mgz/afp/triplets/Triplet.java:2060:7: Missing a Javadoc comment. [MissingJavadocMethod]
[ant:checkstyle] [WARN] /app/src/main/java/com/mgz/afp/triplets/Triplet.java:2077:7: Missing a Javadoc comment. [MissingJavadocMethod]
[ant:checkstyle] [WARN] /app/src/main/java/com/mgz/afp/triplets/Triplet.java:2106:19: Abbreviation in name 'systemIDSerialNumber' must contain no more than '1' consecutive capital letters. [AbbreviationAsWordInName]
[ant:checkstyle] [WARN] /app/src/main/java/com/mgz/afp/triplets/Triplet.java:2107:19: Abbreviation in name 'storageMediaID' must contain no more than '1' consecutive capital letters. [AbbreviationAsWordInName]
[ant:checkstyle] [WARN] /app/src/main/java/com/mgz/afp/triplets/Triplet.java:2108:19: Abbreviation in name 'dataSetID' must contain no more than '1' consecutive capital letters. [AbbreviationAsWordInName]
[ant:checkstyle] [WARN] /app/src/main/java/com/mgz/afp/triplets/Triplet.java:2111: Line is longer than 100 characters (found 123). [LineLength]
[ant:checkstyle] [WARN] /app/src/main/java/com/mgz/afp/triplets/Triplet.java:2128: Line is longer than 100 characters (found 129). [LineLength]
[ant:checkstyle] [WARN] /app/src/main/java/com/mgz/afp/triplets/Triplet.java:2129: Line is longer than 100 characters (found 123). [LineLength]
[ant:checkstyle] [WARN] /app/src/main/java/com/mgz/afp/triplets/Triplet.java:2130: Line is longer than 100 characters (found 119). [LineLength]
[ant:checkstyle] [WARN] /app/src/main/java/com/mgz/afp/triplets/Triplet.java:2142:5: Missing a Javadoc comment. [MissingJavadocType]
[ant:checkstyle] [WARN] /app/src/main/java/com/mgz/afp/triplets/Triplet.java:2142:17: Abbreviation in name 'AFPSystem' must contain no more than '1' consecutive capital letters. [AbbreviationAsWordInName]
[ant:checkstyle] [WARN] /app/src/main/java/com/mgz/afp/triplets/Triplet.java:2148:7: Missing a Javadoc comment. [MissingJavadocMethod]
[ant:checkstyle] [WARN] /app/src/main/java/com/mgz/afp/triplets/Triplet.java:2158: Line is longer than 100 characters (found 142). [LineLength]
[ant:checkstyle] [WARN] /app/src/main/java/com/mgz/afp/triplets/Triplet.java:2161:7: Missing a Javadoc comment. [MissingJavadocMethod]
[ant:checkstyle] [WARN] /app/src/main/java/com/mgz/afp/triplets/Triplet.java:2170: Line is longer than 100 characters (found 103). [LineLength]
[ant:checkstyle] [WARN] /app/src/main/java/com/mgz/afp/triplets/Triplet.java:2182:29: Abbreviation in name 'IMMInsertionTriplet' must contain no more than '1' consecutive capital letters. [AbbreviationAsWordInName]
[ant:checkstyle] [WARN] /app/src/main/java/com/mgz/afp/triplets/Triplet.java:2186: Line is longer than 100 characters (found 123). [LineLength]
[ant:checkstyle] [WARN] /app/src/main/java/com/mgz/afp/triplets/Triplet.java:2225:27: Non-constant field name 'xOrientation' must start lowercase, be at least 2 chars, avoid single lowercase letter followed by uppercase, contain only letters, digits or underscores, with underscores allowed only between adjacent digits. [GoogleNonConstantFieldName]
[ant:checkstyle] [WARN] /app/src/main/java/com/mgz/afp/triplets/Triplet.java:2226:27: Non-constant field name 'yOrientation' must start lowercase, be at least 2 chars, avoid single lowercase letter followed by uppercase, contain only letters, digits or underscores, with underscores allowed only between adjacent digits. [GoogleNonConstantFieldName]
[ant:checkstyle] [WARN] /app/src/main/java/com/mgz/afp/triplets/Triplet.java:2229: Line is longer than 100 characters (found 123). [LineLength]
[ant:checkstyle] [WARN] /app/src/main/java/com/mgz/afp/triplets/Triplet.java:2268: Line is longer than 100 characters (found 123). [LineLength]
[ant:checkstyle] [WARN] /app/src/main/java/com/mgz/afp/triplets/Triplet.java:2288:5: Missing a Javadoc comment. [MissingJavadocType]
[ant:checkstyle] [WARN] /app/src/main/java/com/mgz/afp/triplets/Triplet.java:2294:7: Missing a Javadoc comment. [MissingJavadocMethod]
[ant:checkstyle] [WARN] /app/src/main/java/com/mgz/afp/triplets/Triplet.java:2300: Line is longer than 100 characters (found 169). [LineLength]
[ant:checkstyle] [WARN] /app/src/main/java/com/mgz/afp/triplets/Triplet.java:2303:7: Missing a Javadoc comment. [MissingJavadocMethod]
[ant:checkstyle] [WARN] /app/src/main/java/com/mgz/afp/triplets/Triplet.java:2315:24: Non-constant field name 'xUnitBase' must start lowercase, be at least 2 chars, avoid single lowercase letter followed by uppercase, contain only letters, digits or underscores, with underscores allowed only between adjacent digits. [GoogleNonConstantFieldName]
[ant:checkstyle] [WARN] /app/src/main/java/com/mgz/afp/triplets/Triplet.java:2316:24: Non-constant field name 'yUnitBase' must start lowercase, be at least 2 chars, avoid single lowercase letter followed by uppercase, contain only letters, digits or underscores, with underscores allowed only between adjacent digits. [GoogleNonConstantFieldName]
[ant:checkstyle] [WARN] /app/src/main/java/com/mgz/afp/triplets/Triplet.java:2317:18: Non-constant field name 'xUnitsPerUnitbase' must start lowercase, be at least 2 chars, avoid single lowercase letter followed by uppercase, contain only letters, digits or underscores, with underscores allowed only between adjacent digits. [GoogleNonConstantFieldName]
[ant:checkstyle] [WARN] /app/src/main/java/com/mgz/afp/triplets/Triplet.java:2318:18: Non-constant field name 'yUnitsPerUnitbase' must start lowercase, be at least 2 chars, avoid single lowercase letter followed by uppercase, contain only letters, digits or underscores, with underscores allowed only between adjacent digits. [GoogleNonConstantFieldName]
[ant:checkstyle] [WARN] /app/src/main/java/com/mgz/afp/triplets/Triplet.java:2321: Line is longer than 100 characters (found 123). [LineLength]
[ant:checkstyle] [WARN] /app/src/main/java/com/mgz/afp/triplets/Triplet.java:2361:17: Non-constant field name 'sizeType_0x02' must start lowercase, be at least 2 chars, avoid single lowercase letter followed by uppercase, contain only letters, digits or underscores, with underscores allowed only between adjacent digits. [GoogleNonConstantFieldName]
[ant:checkstyle] [WARN] /app/src/main/java/com/mgz/afp/triplets/Triplet.java:2362:16: Non-constant field name 'xSize' must start lowercase, be at least 2 chars, avoid single lowercase letter followed by uppercase, contain only letters, digits or underscores, with underscores allowed only between adjacent digits. [GoogleNonConstantFieldName]
[ant:checkstyle] [WARN] /app/src/main/java/com/mgz/afp/triplets/Triplet.java:2363:16: Non-constant field name 'ySize' must start lowercase, be at least 2 chars, avoid single lowercase letter followed by uppercase, contain only letters, digits or underscores, with underscores allowed only between adjacent digits. [GoogleNonConstantFieldName]
[ant:checkstyle] [WARN] /app/src/main/java/com/mgz/afp/triplets/Triplet.java:2366: Line is longer than 100 characters (found 123). [LineLength]
[ant:checkstyle] [WARN] /app/src/main/java/com/mgz/afp/triplets/Triplet.java:2403:16: Non-constant field name 'xOrigin' must start lowercase, be at least 2 chars, avoid single lowercase letter followed by uppercase, contain only letters, digits or underscores, with underscores allowed only between adjacent digits. [GoogleNonConstantFieldName]
[ant:checkstyle] [WARN] /app/src/main/java/com/mgz/afp/triplets/Triplet.java:2404:16: Non-constant field name 'yOrigin' must start lowercase, be at least 2 chars, avoid single lowercase letter followed by uppercase, contain only letters, digits or underscores, with underscores allowed only between adjacent digits. [GoogleNonConstantFieldName]
[ant:checkstyle] [WARN] /app/src/main/java/com/mgz/afp/triplets/Triplet.java:2405:16: Non-constant field name 'xSize' must start lowercase, be at least 2 chars, avoid single lowercase letter followed by uppercase, contain only letters, digits or underscores, with underscores allowed only between adjacent digits. [GoogleNonConstantFieldName]
[ant:checkstyle] [WARN] /app/src/main/java/com/mgz/afp/triplets/Triplet.java:2406:16: Non-constant field name 'ySize' must start lowercase, be at least 2 chars, avoid single lowercase letter followed by uppercase, contain only letters, digits or underscores, with underscores allowed only between adjacent digits. [GoogleNonConstantFieldName]
[ant:checkstyle] [WARN] /app/src/main/java/com/mgz/afp/triplets/Triplet.java:2409: Line is longer than 100 characters (found 123). [LineLength]
[ant:checkstyle] [WARN] /app/src/main/java/com/mgz/afp/triplets/Triplet.java:2459: Line is longer than 100 characters (found 123). [LineLength]
[ant:checkstyle] [WARN] /app/src/main/java/com/mgz/afp/triplets/Triplet.java:2510:29: Abbreviation in name 'EncodingSchemeID' must contain no more than '1' consecutive capital letters. [AbbreviationAsWordInName]
[ant:checkstyle] [WARN] /app/src/main/java/com/mgz/afp/triplets/Triplet.java:2533: Line is longer than 100 characters (found 104). [LineLength]
[ant:checkstyle] [WARN] /app/src/main/java/com/mgz/afp/triplets/Triplet.java:2578:5: Missing a Javadoc comment. [MissingJavadocType]
[ant:checkstyle] [WARN] /app/src/main/java/com/mgz/afp/triplets/Triplet.java:2594: Line is longer than 100 characters (found 142). [LineLength]
[ant:checkstyle] [WARN] /app/src/main/java/com/mgz/afp/triplets/Triplet.java:2601:7: Missing a Javadoc comment. [MissingJavadocMethod]
[ant:checkstyle] [WARN] /app/src/main/java/com/mgz/afp/triplets/Triplet.java:2620: Line is longer than 100 characters (found 163). [LineLength]
[ant:checkstyle] [WARN] /app/src/main/java/com/mgz/afp/triplets/Triplet.java:2632: Line is longer than 100 characters (found 164). [LineLength]
[ant:checkstyle] [WARN] /app/src/main/java/com/mgz/afp/triplets/Triplet.java:2645:7: Missing a Javadoc comment. [MissingJavadocMethod]
[ant:checkstyle] [WARN] /app/src/main/java/com/mgz/afp/triplets/Triplet.java:2698: Line is longer than 100 characters (found 123). [LineLength]
[ant:checkstyle] [WARN] /app/src/main/java/com/mgz/afp/triplets/Triplet.java:2728: Line is longer than 100 characters (found 123). [LineLength]
[ant:checkstyle] [WARN] /app/src/main/java/com/mgz/afp/triplets/Triplet.java:2761: Line is longer than 100 characters (found 123). [LineLength]
[ant:checkstyle] [WARN] /app/src/main/java/com/mgz/afp/triplets/Triplet.java:2793: Line is longer than 100 characters (found 101). [LineLength]
[ant:checkstyle] [WARN] /app/src/main/java/com/mgz/afp/triplets/Triplet.java:2799:17: Abbreviation in name 'numberOfSFLow' must contain no more than '1' consecutive capital letters. [AbbreviationAsWordInName]
[ant:checkstyle] [WARN] /app/src/main/java/com/mgz/afp/triplets/Triplet.java:2800:17: Abbreviation in name 'numberOfSFHigh' must contain no more than '1' consecutive capital letters. [AbbreviationAsWordInName]
[ant:checkstyle] [WARN] /app/src/main/java/com/mgz/afp/triplets/Triplet.java:2803: Line is longer than 100 characters (found 123). [LineLength]
[ant:checkstyle] [WARN] /app/src/main/java/com/mgz/afp/triplets/Triplet.java:2835: Line is longer than 100 characters (found 101). [LineLength]
[ant:checkstyle] [WARN] /app/src/main/java/com/mgz/afp/triplets/Triplet.java:2847: Line is longer than 100 characters (found 123). [LineLength]
[ant:checkstyle] [WARN] /app/src/main/java/com/mgz/afp/triplets/Triplet.java:2882:5: Missing a Javadoc comment. [MissingJavadocType]
[ant:checkstyle] [WARN] /app/src/main/java/com/mgz/afp/triplets/Triplet.java:2886:7: Missing a Javadoc comment. [MissingJavadocMethod]
[ant:checkstyle] [WARN] /app/src/main/java/com/mgz/afp/triplets/Triplet.java:2892: Line is longer than 100 characters (found 145). [LineLength]
[ant:checkstyle] [WARN] /app/src/main/java/com/mgz/afp/triplets/Triplet.java:2896:7: Missing a Javadoc comment. [MissingJavadocMethod]
[ant:checkstyle] [WARN] /app/src/main/java/com/mgz/afp/triplets/Triplet.java:2918: Line is longer than 100 characters (found 123). [LineLength]
[ant:checkstyle] [WARN] /app/src/main/java/com/mgz/afp/triplets/Triplet.java:2950: Line is longer than 100 characters (found 123). [LineLength]
[ant:checkstyle] [WARN] /app/src/main/java/com/mgz/afp/triplets/Triplet.java:3001: Line is longer than 100 characters (found 123). [LineLength]
[ant:checkstyle] [WARN] /app/src/main/java/com/mgz/afp/triplets/Triplet.java:3042:5: Missing a Javadoc comment. [MissingJavadocType]
[ant:checkstyle] [WARN] /app/src/main/java/com/mgz/afp/triplets/Triplet.java:3047:7: Missing a Javadoc comment. [MissingJavadocMethod]
[ant:checkstyle] [WARN] /app/src/main/java/com/mgz/afp/triplets/Triplet.java:3055: Line is longer than 100 characters (found 148). [LineLength]
[ant:checkstyle] [WARN] /app/src/main/java/com/mgz/afp/triplets/Triplet.java:3059:7: Missing a Javadoc comment. [MissingJavadocMethod]
[ant:checkstyle] [WARN] /app/src/main/java/com/mgz/afp/triplets/Triplet.java:3077: Line is longer than 100 characters (found 102). [LineLength]
[ant:checkstyle] [WARN] /app/src/main/java/com/mgz/afp/triplets/Triplet.java:3090: Line is longer than 100 characters (found 123). [LineLength]
[ant:checkstyle] [WARN] /app/src/main/java/com/mgz/afp/triplets/Triplet.java:3108:5: Missing a Javadoc comment. [MissingJavadocMethod]
[ant:checkstyle] [WARN] /app/src/main/java/com/mgz/afp/triplets/Triplet.java:3128: Line is longer than 100 characters (found 123). [LineLength]
[ant:checkstyle] [WARN] /app/src/main/java/com/mgz/afp/triplets/Triplet.java:3147:5: Missing a Javadoc comment. [MissingJavadocType]
[ant:checkstyle] [WARN] /app/src/main/java/com/mgz/afp/triplets/Triplet.java:3155:7: Missing a Javadoc comment. [MissingJavadocMethod]
[ant:checkstyle] [WARN] /app/src/main/java/com/mgz/afp/triplets/Triplet.java:3161: Line is longer than 100 characters (found 168). [LineLength]
[ant:checkstyle] [WARN] /app/src/main/java/com/mgz/afp/triplets/Triplet.java:3164:7: Missing a Javadoc comment. [MissingJavadocMethod]
[ant:checkstyle] [WARN] /app/src/main/java/com/mgz/afp/triplets/Triplet.java:3178:16: Non-constant field name 'xOrigin' must start lowercase, be at least 2 chars, avoid single lowercase letter followed by uppercase, contain only letters, digits or underscores, with underscores allowed only between adjacent digits. [GoogleNonConstantFieldName]
[ant:checkstyle] [WARN] /app/src/main/java/com/mgz/afp/triplets/Triplet.java:3179:16: Non-constant field name 'yOrigin' must start lowercase, be at least 2 chars, avoid single lowercase letter followed by uppercase, contain only letters, digits or underscores, with underscores allowed only between adjacent digits. [GoogleNonConstantFieldName]
[ant:checkstyle] [WARN] /app/src/main/java/com/mgz/afp/triplets/Triplet.java:3183: Line is longer than 100 characters (found 123). [LineLength]
[ant:checkstyle] [WARN] /app/src/main/java/com/mgz/afp/triplets/Triplet.java:3202: Line is longer than 100 characters (found 119). [LineLength]
[ant:checkstyle] [WARN] /app/src/main/java/com/mgz/afp/triplets/Triplet.java:3230: Line is longer than 100 characters (found 123). [LineLength]
[ant:checkstyle] [WARN] /app/src/main/java/com/mgz/afp/triplets/Triplet.java:3249:5: Missing a Javadoc comment. [MissingJavadocType]
[ant:checkstyle] [WARN] /app/src/main/java/com/mgz/afp/triplets/Triplet.java:3253:7: Missing a Javadoc comment. [MissingJavadocMethod]
[ant:checkstyle] [WARN] /app/src/main/java/com/mgz/afp/triplets/Triplet.java:3261:7: Missing a Javadoc comment. [MissingJavadocMethod]
[ant:checkstyle] [WARN] /app/src/main/java/com/mgz/afp/triplets/Triplet.java:3274: Line is longer than 100 characters (found 102). [LineLength]
[ant:checkstyle] [WARN] /app/src/main/java/com/mgz/afp/triplets/Triplet.java:3283: Line is longer than 100 characters (found 123). [LineLength]
[ant:checkstyle] [WARN] /app/src/main/java/com/mgz/afp/triplets/Triplet.java:3314:5: Missing a Javadoc comment. [MissingJavadocMethod]
[ant:checkstyle] [WARN] /app/src/main/java/com/mgz/afp/triplets/Triplet.java:3324:5: Missing a Javadoc comment. [MissingJavadocMethod]
[ant:checkstyle] [WARN] /app/src/main/java/com/mgz/afp/triplets/Triplet.java:3337:5: Missing a Javadoc comment. [MissingJavadocType]
[ant:checkstyle] [WARN] /app/src/main/java/com/mgz/afp/triplets/Triplet.java:3343:7: Missing a Javadoc comment. [MissingJavadocMethod]
[ant:checkstyle] [WARN] /app/src/main/java/com/mgz/afp/triplets/Triplet.java:3349: Line is longer than 100 characters (found 149). [LineLength]
[ant:checkstyle] [WARN] /app/src/main/java/com/mgz/afp/triplets/Triplet.java:3352:7: Missing a Javadoc comment. [MissingJavadocMethod]
[ant:checkstyle] [WARN] /app/src/main/java/com/mgz/afp/triplets/Triplet.java:3357:5: Missing a Javadoc comment. [MissingJavadocType]
[ant:checkstyle] [WARN] /app/src/main/java/com/mgz/afp/triplets/Triplet.java:3363:7: Missing a Javadoc comment. [MissingJavadocMethod]
[ant:checkstyle] [WARN] /app/src/main/java/com/mgz/afp/triplets/Triplet.java:3369: Line is longer than 100 characters (found 148). [LineLength]
[ant:checkstyle] [WARN] /app/src/main/java/com/mgz/afp/triplets/Triplet.java:3372:7: Missing a Javadoc comment. [MissingJavadocMethod]
[ant:checkstyle] [WARN] /app/src/main/java/com/mgz/afp/triplets/Triplet.java:3377:5: Missing a Javadoc comment. [MissingJavadocType]
[ant:checkstyle] [WARN] /app/src/main/java/com/mgz/afp/triplets/Triplet.java:3381:7: Missing a Javadoc comment. [MissingJavadocMethod]
[ant:checkstyle] [WARN] /app/src/main/java/com/mgz/afp/triplets/Triplet.java:3426: Line is longer than 100 characters (found 123). [LineLength]
[ant:checkstyle] [WARN] /app/src/main/java/com/mgz/afp/triplets/Triplet.java:3472:5: Missing a Javadoc comment. [MissingJavadocType]
[ant:checkstyle] [WARN] /app/src/main/java/com/mgz/afp/triplets/Triplet.java:3477:7: Missing a Javadoc comment. [MissingJavadocMethod]
[ant:checkstyle] [WARN] /app/src/main/java/com/mgz/afp/triplets/Triplet.java:3483: Line is longer than 100 characters (found 144). [LineLength]
[ant:checkstyle] [WARN] /app/src/main/java/com/mgz/afp/triplets/Triplet.java:3486:7: Missing a Javadoc comment. [MissingJavadocMethod]
[ant:checkstyle] [WARN] /app/src/main/java/com/mgz/afp/triplets/Triplet.java:3506: Line is longer than 100 characters (found 123). [LineLength]
[ant:checkstyle] [WARN] /app/src/main/java/com/mgz/afp/triplets/Triplet.java:3509: Line is longer than 100 characters (found 108). [LineLength]
[ant:checkstyle] [WARN] /app/src/main/java/com/mgz/afp/triplets/Triplet.java:3534:5: Missing a Javadoc comment. [MissingJavadocType]
[ant:checkstyle] [WARN] /app/src/main/java/com/mgz/afp/triplets/Triplet.java:3539:7: Missing a Javadoc comment. [MissingJavadocMethod]
[ant:checkstyle] [WARN] /app/src/main/java/com/mgz/afp/triplets/Triplet.java:3547: Line is longer than 100 characters (found 168). [LineLength]
[ant:checkstyle] [WARN] /app/src/main/java/com/mgz/afp/triplets/Triplet.java:3551:7: Missing a Javadoc comment. [MissingJavadocMethod]
[ant:checkstyle] [WARN] /app/src/main/java/com/mgz/afp/triplets/Triplet.java:3574: Line is longer than 100 characters (found 123). [LineLength]
[ant:checkstyle] [WARN] /app/src/main/java/com/mgz/afp/triplets/Triplet.java:3576: Line is longer than 100 characters (found 102). [LineLength]
[ant:checkstyle] [WARN] /app/src/main/java/com/mgz/afp/triplets/Triplet.java:3608:5: Missing a Javadoc comment. [MissingJavadocType]
[ant:checkstyle] [WARN] /app/src/main/java/com/mgz/afp/triplets/Triplet.java:3612: Line is longer than 100 characters (found 110). [LineLength]
[ant:checkstyle] [WARN] /app/src/main/java/com/mgz/afp/triplets/Triplet.java:3612:7: Missing a Javadoc comment. [MissingJavadocMethod]
[ant:checkstyle] [WARN] /app/src/main/java/com/mgz/afp/triplets/Triplet.java:3618: Line is longer than 100 characters (found 178). [LineLength]
[ant:checkstyle] [WARN] /app/src/main/java/com/mgz/afp/triplets/Triplet.java:3621:7: Missing a Javadoc comment. [MissingJavadocMethod]
[ant:checkstyle] [WARN] /app/src/main/java/com/mgz/afp/triplets/Triplet.java:3626:5: Missing a Javadoc comment. [MissingJavadocType]
[ant:checkstyle] [WARN] /app/src/main/java/com/mgz/afp/triplets/Triplet.java:3630: Line is longer than 100 characters (found 107). [LineLength]
[ant:checkstyle] [WARN] /app/src/main/java/com/mgz/afp/triplets/Triplet.java:3630:7: Missing a Javadoc comment. [MissingJavadocMethod]
[ant:checkstyle] [WARN] /app/src/main/java/com/mgz/afp/triplets/Triplet.java:3636: Line is longer than 100 characters (found 172). [LineLength]
[ant:checkstyle] [WARN] /app/src/main/java/com/mgz/afp/triplets/Triplet.java:3639:7: Missing a Javadoc comment. [MissingJavadocMethod]
[ant:checkstyle] [WARN] /app/src/main/java/com/mgz/afp/triplets/Triplet.java:3644:5: Missing a Javadoc comment. [MissingJavadocType]
[ant:checkstyle] [WARN] /app/src/main/java/com/mgz/afp/triplets/Triplet.java:3647:7: Missing a Javadoc comment. [MissingJavadocMethod]
[ant:checkstyle] [WARN] /app/src/main/java/com/mgz/afp/triplets/Triplet.java:3653: Line is longer than 100 characters (found 164). [LineLength]
[ant:checkstyle] [WARN] /app/src/main/java/com/mgz/afp/triplets/Triplet.java:3656:7: Missing a Javadoc comment. [MissingJavadocMethod]
[ant:checkstyle] [WARN] /app/src/main/java/com/mgz/afp/triplets/Triplet.java:3672: Line is longer than 100 characters (found 123). [LineLength]
[ant:checkstyle] [WARN] /app/src/main/java/com/mgz/afp/triplets/Triplet.java:3674: Line is longer than 100 characters (found 102). [LineLength]
[ant:checkstyle] [WARN] /app/src/main/java/com/mgz/afp/triplets/Triplet.java:3709: Line is longer than 100 characters (found 123). [LineLength]
[ant:checkstyle] [WARN] /app/src/main/java/com/mgz/afp/triplets/Triplet.java:3745: Line is longer than 100 characters (found 123). [LineLength]
[ant:checkstyle] [WARN] /app/src/main/java/com/mgz/afp/triplets/Triplet.java:3768: Line is longer than 100 characters (found 101). [LineLength]
[ant:checkstyle] [WARN] /app/src/main/java/com/mgz/afp/triplets/Triplet.java:3778: Line is longer than 100 characters (found 123). [LineLength]
[ant:checkstyle] [WARN] /app/src/main/java/com/mgz/afp/triplets/Triplet.java:3813:5: Missing a Javadoc comment. [MissingJavadocType]
[ant:checkstyle] [WARN] /app/src/main/java/com/mgz/afp/triplets/Triplet.java:3822:7: Missing a Javadoc comment. [MissingJavadocMethod]
[ant:checkstyle] [WARN] /app/src/main/java/com/mgz/afp/triplets/Triplet.java:3828: Line is longer than 100 characters (found 148). [LineLength]
[ant:checkstyle] [WARN] /app/src/main/java/com/mgz/afp/triplets/Triplet.java:3831:7: Missing a Javadoc comment. [MissingJavadocMethod]
[ant:checkstyle] [WARN] /app/src/main/java/com/mgz/afp/triplets/Triplet.java:3846: Line is longer than 100 characters (found 123). [LineLength]
[ant:checkstyle] [WARN] /app/src/main/java/com/mgz/afp/triplets/Triplet.java:3887:5: Missing a Javadoc comment. [MissingJavadocType]
[ant:checkstyle] [WARN] /app/src/main/java/com/mgz/afp/triplets/Triplet.java:3893: Line is longer than 100 characters (found 162). [LineLength]
[ant:checkstyle] [WARN] /app/src/main/java/com/mgz/afp/triplets/Triplet.java:3900:7: Missing a Javadoc comment. [MissingJavadocMethod]
[ant:checkstyle] [WARN] /app/src/main/java/com/mgz/afp/triplets/Triplet.java:3917:7: Missing a Javadoc comment. [MissingJavadocMethod]
[ant:checkstyle] [WARN] /app/src/main/java/com/mgz/afp/triplets/Triplet.java:3953: Line is longer than 100 characters (found 123). [LineLength]
[ant:checkstyle] [WARN] /app/src/main/java/com/mgz/afp/triplets/Triplet.java:3978:5: Missing a Javadoc comment. [MissingJavadocType]
[ant:checkstyle] [WARN] /app/src/main/java/com/mgz/afp/triplets/Triplet.java:3982:7: Missing a Javadoc comment. [MissingJavadocMethod]
[ant:checkstyle] [WARN] /app/src/main/java/com/mgz/afp/triplets/Triplet.java:3988: Line is longer than 100 characters (found 155). [LineLength]
[ant:checkstyle] [WARN] /app/src/main/java/com/mgz/afp/triplets/Triplet.java:3992:7: Missing a Javadoc comment. [MissingJavadocMethod]
[ant:checkstyle] [WARN] /app/src/main/java/com/mgz/afp/triplets/Triplet.java:4001: Line is longer than 100 characters (found 102). [LineLength]
[ant:checkstyle] [WARN] /app/src/main/java/com/mgz/afp/triplets/Triplet.java:4014: Line is longer than 100 characters (found 123). [LineLength]
[ant:checkstyle] [WARN] /app/src/main/java/com/mgz/afp/triplets/Triplet.java:4019: Line is longer than 100 characters (found 102). [LineLength]
[ant:checkstyle] [WARN] /app/src/main/java/com/mgz/afp/triplets/Triplet.java:4062:5: Missing a Javadoc comment. [MissingJavadocType]
[ant:checkstyle] [WARN] /app/src/main/java/com/mgz/afp/triplets/Triplet.java:4082:7: Missing a Javadoc comment. [MissingJavadocMethod]
[ant:checkstyle] [WARN] /app/src/main/java/com/mgz/afp/triplets/Triplet.java:4088: Line is longer than 100 characters (found 150). [LineLength]
[ant:checkstyle] [WARN] /app/src/main/java/com/mgz/afp/triplets/Triplet.java:4091:7: Missing a Javadoc comment. [MissingJavadocMethod]
[ant:checkstyle] [WARN] /app/src/main/java/com/mgz/afp/triplets/Triplet.java:4096:5: Missing a Javadoc comment. [MissingJavadocType]
[ant:checkstyle] [WARN] /app/src/main/java/com/mgz/afp/triplets/Triplet.java:4108:7: Missing a Javadoc comment. [MissingJavadocMethod]
[ant:checkstyle] [WARN] /app/src/main/java/com/mgz/afp/triplets/Triplet.java:4114: Line is longer than 100 characters (found 153). [LineLength]
[ant:checkstyle] [WARN] /app/src/main/java/com/mgz/afp/triplets/Triplet.java:4117:7: Missing a Javadoc comment. [MissingJavadocMethod]
[ant:checkstyle] [WARN] /app/src/main/java/com/mgz/afp/triplets/Triplet.java:4126: Line is longer than 100 characters (found 103). [LineLength]
[ant:checkstyle] [WARN] /app/src/main/java/com/mgz/afp/triplets/Triplet.java:4138: Line is longer than 100 characters (found 123). [LineLength]
[ant:checkstyle] [WARN] /app/src/main/java/com/mgz/afp/triplets/Triplet.java:4140: Line is longer than 100 characters (found 102). [LineLength]
[ant:checkstyle] [WARN] /app/src/main/java/com/mgz/afp/triplets/Triplet.java:4171: Line is longer than 100 characters (found 103). [LineLength]
[ant:checkstyle] [WARN] /app/src/main/java/com/mgz/afp/triplets/Triplet.java:4182: Line is longer than 100 characters (found 123). [LineLength]
[ant:checkstyle] [WARN] /app/src/main/java/com/mgz/afp/triplets/Triplet.java:4184: Line is longer than 100 characters (found 102). [LineLength]
[ant:checkstyle] [WARN] /app/src/main/java/com/mgz/afp/triplets/Triplet.java:4227: Line is longer than 100 characters (found 123). [LineLength]
[ant:checkstyle] [WARN] /app/src/main/java/com/mgz/afp/triplets/Triplet.java:4229: Line is longer than 100 characters (found 102). [LineLength]
[ant:checkstyle] [WARN] /app/src/main/java/com/mgz/afp/triplets/Triplet.java:4275: Line is longer than 100 characters (found 123). [LineLength]
[ant:checkstyle] [WARN] /app/src/main/java/com/mgz/afp/triplets/Triplet.java:4277: Line is longer than 100 characters (found 111). [LineLength]
[ant:checkstyle] [WARN] /app/src/main/java/com/mgz/afp/triplets/Triplet.java:4281: Line is longer than 100 characters (found 104). [LineLength]
[ant:checkstyle] [WARN] /app/src/main/java/com/mgz/afp/triplets/Triplet.java:4316:5: Missing a Javadoc comment. [MissingJavadocType]
[ant:checkstyle] [WARN] /app/src/main/java/com/mgz/afp/triplets/Triplet.java:4321: Line is longer than 100 characters (found 152). [LineLength]
[ant:checkstyle] [WARN] /app/src/main/java/com/mgz/afp/triplets/Triplet.java:4328:7: Missing a Javadoc comment. [MissingJavadocMethod]
[ant:checkstyle] [WARN] /app/src/main/java/com/mgz/afp/triplets/Triplet.java:4343:7: Missing a Javadoc comment. [MissingJavadocMethod]
[ant:checkstyle] [WARN] /app/src/main/java/com/mgz/afp/triplets/Triplet.java:4384: Line is longer than 100 characters (found 123). [LineLength]
[ant:checkstyle] [WARN] /app/src/main/java/com/mgz/afp/triplets/Triplet.java:4402: Line is longer than 100 characters (found 107). [LineLength]
[ant:checkstyle] [WARN] /app/src/main/java/com/mgz/afp/triplets/Triplet.java:4408: Line is longer than 100 characters (found 112). [LineLength]
[ant:checkstyle] [WARN] /app/src/main/java/com/mgz/afp/triplets/Triplet.java:4409: Line is longer than 100 characters (found 110). [LineLength]
[ant:checkstyle] [WARN] /app/src/main/java/com/mgz/afp/triplets/Triplet.java:4410: Line is longer than 100 characters (found 110). [LineLength]
[ant:checkstyle] [WARN] /app/src/main/java/com/mgz/afp/triplets/Triplet.java:4488:41: Parameter name 'reserved28_35' must match pattern '^[a-z]([a-z0-9][a-zA-Z0-9]*)?$'. [ParameterName]
[ant:checkstyle] [WARN] /app/src/main/java/com/mgz/afp/triplets/Triplet.java:4500:5: Missing a Javadoc comment. [MissingJavadocType]
[ant:checkstyle] [WARN] /app/src/main/java/com/mgz/afp/triplets/Triplet.java:4512: Line is longer than 100 characters (found 148). [LineLength]
[ant:checkstyle] [WARN] /app/src/main/java/com/mgz/afp/triplets/Triplet.java:4519:7: Missing a Javadoc comment. [MissingJavadocMethod]
[ant:checkstyle] [WARN] /app/src/main/java/com/mgz/afp/triplets/Triplet.java:4548:7: Missing a Javadoc comment. [MissingJavadocMethod]
[ant:checkstyle] [WARN] /app/src/main/java/com/mgz/afp/triplets/Triplet.java:4585:29: Abbreviation in name 'UP3iFinishingOperation' must contain no more than '1' consecutive capital letters. [AbbreviationAsWordInName]
[ant:checkstyle] [WARN] /app/src/main/java/com/mgz/afp/triplets/Triplet.java:4591: Line is longer than 100 characters (found 123). [LineLength]
[ant:checkstyle] [WARN] /app/src/main/java/com/mgz/afp/triplets/Triplet.java:4652: Line is longer than 100 characters (found 123). [LineLength]
[ant:checkstyle] [WARN] /app/src/main/java/com/mgz/afp/triplets/Triplet.java:4685: Line is longer than 100 characters (found 123). [LineLength]
[ant:checkstyle] [WARN] /app/src/main/java/com/mgz/afp/triplets/Triplet.java:4722: Line is longer than 100 characters (found 102). [LineLength]
[ant:checkstyle] [WARN] /app/src/main/java/com/mgz/afp/triplets/Triplet.java:4732: Line is longer than 100 characters (found 123). [LineLength]
[ant:checkstyle] [WARN] /app/src/main/java/com/mgz/afp/triplets/Triplet.java:4781:5: Missing a Javadoc comment. [MissingJavadocType]
[ant:checkstyle] [WARN] /app/src/main/java/com/mgz/afp/triplets/Triplet.java:4781:17: Abbreviation in name 'CMRProcessingMode' must contain no more than '1' consecutive capital letters. [AbbreviationAsWordInName]
[ant:checkstyle] [WARN] /app/src/main/java/com/mgz/afp/triplets/Triplet.java:4786:7: Missing a Javadoc comment. [MissingJavadocMethod]
[ant:checkstyle] [WARN] /app/src/main/java/com/mgz/afp/triplets/Triplet.java:4792: Line is longer than 100 characters (found 154). [LineLength]
[ant:checkstyle] [WARN] /app/src/main/java/com/mgz/afp/triplets/Triplet.java:4795:7: Missing a Javadoc comment. [MissingJavadocMethod]
[ant:checkstyle] [WARN] /app/src/main/java/com/mgz/afp/triplets/Triplet.java:4800:5: Missing a Javadoc comment. [MissingJavadocType]
[ant:checkstyle] [WARN] /app/src/main/java/com/mgz/afp/triplets/Triplet.java:4800:17: Abbreviation in name 'CMRScope' must contain no more than '1' consecutive capital letters. [AbbreviationAsWordInName]
[ant:checkstyle] [WARN] /app/src/main/java/com/mgz/afp/triplets/Triplet.java:4807:7: Missing a Javadoc comment. [MissingJavadocMethod]
[ant:checkstyle] [WARN] /app/src/main/java/com/mgz/afp/triplets/Triplet.java:4813: Line is longer than 100 characters (found 140). [LineLength]
[ant:checkstyle] [WARN] /app/src/main/java/com/mgz/afp/triplets/Triplet.java:4816:7: Missing a Javadoc comment. [MissingJavadocMethod]
[ant:checkstyle] [WARN] /app/src/main/java/com/mgz/afp/triplets/Triplet.java:4825: Line is longer than 100 characters (found 102). [LineLength]
[ant:checkstyle] [WARN] /app/src/main/java/com/mgz/afp/triplets/Triplet.java:4833:19: Abbreviation in name 'intentForIOCA' must contain no more than '1' consecutive capital letters. [AbbreviationAsWordInName]
[ant:checkstyle] [WARN] /app/src/main/java/com/mgz/afp/triplets/Triplet.java:4834:19: Abbreviation in name 'intentForContainerNonIOCA' must contain no more than '1' consecutive capital letters. [AbbreviationAsWordInName]
[ant:checkstyle] [WARN] /app/src/main/java/com/mgz/afp/triplets/Triplet.java:4835:19: Abbreviation in name 'intentForPTOCA' must contain no more than '1' consecutive capital letters. [AbbreviationAsWordInName]
[ant:checkstyle] [WARN] /app/src/main/java/com/mgz/afp/triplets/Triplet.java:4836:19: Abbreviation in name 'intentForGOCA' must contain no more than '1' consecutive capital letters. [AbbreviationAsWordInName]
[ant:checkstyle] [WARN] /app/src/main/java/com/mgz/afp/triplets/Triplet.java:4840: Line is longer than 100 characters (found 123). [LineLength]
[ant:checkstyle] [WARN] /app/src/main/java/com/mgz/afp/triplets/Triplet.java:4844: Line is longer than 100 characters (found 103). [LineLength]
[ant:checkstyle] [WARN] /app/src/main/java/com/mgz/afp/triplets/Triplet.java:4874:5: Missing a Javadoc comment. [MissingJavadocType]
[ant:checkstyle] [WARN] /app/src/main/java/com/mgz/afp/triplets/Triplet.java:4881:7: Missing a Javadoc comment. [MissingJavadocMethod]
[ant:checkstyle] [WARN] /app/src/main/java/com/mgz/afp/triplets/Triplet.java:4890: Line is longer than 100 characters (found 139). [LineLength]
[ant:checkstyle] [WARN] /app/src/main/java/com/mgz/afp/triplets/Triplet.java:4893:7: Missing a Javadoc comment. [MissingJavadocMethod]
[ant:checkstyle] [WARN] /app/src/main/java/com/mgz/afp/triplets/Triplet.java:4906: Line is longer than 100 characters (found 102). [LineLength]
[ant:checkstyle] [WARN] /app/src/main/java/com/mgz/afp/triplets/Triplet.java:4911:29: Abbreviation in name 'CMRTagFidelity' must contain no more than '1' consecutive capital letters. [AbbreviationAsWordInName]
[ant:checkstyle] [WARN] /app/src/main/java/com/mgz/afp/triplets/Triplet.java:4918: Line is longer than 100 characters (found 123). [LineLength]
[ant:checkstyle] [WARN] /app/src/main/java/com/mgz/afp/triplets/Triplet.java:4920: Line is longer than 100 characters (found 102). [LineLength]
[ant:checkstyle] [WARN] /app/src/main/java/com/mgz/afp/triplets/Triplet.java:4951: Line is longer than 100 characters (found 101). [LineLength]
[ant:checkstyle] [WARN] /app/src/main/java/com/mgz/afp/triplets/Triplet.java:4961: Line is longer than 100 characters (found 123). [LineLength]
[ant:checkstyle] [WARN] /app/src/main/java/com/mgz/afp/triplets/Triplet.java:4987:5: Missing a Javadoc comment. [MissingJavadocType]
[ant:checkstyle] [WARN] /app/src/main/java/com/mgz/afp/triplets/Triplet.java:4991:7: Missing a Javadoc comment. [MissingJavadocMethod]
[ant:checkstyle] [WARN] /app/src/main/java/com/mgz/afp/triplets/Triplet.java:4999:7: Missing a Javadoc comment. [MissingJavadocMethod]
[ant:checkstyle] [WARN] /app/src/main/java/com/mgz/afp/triplets/Triplet.java:5013:24: Non-constant field name 'xUnitBase' must start lowercase, be at least 2 chars, avoid single lowercase letter followed by uppercase, contain only letters, digits or underscores, with underscores allowed only between adjacent digits. [GoogleNonConstantFieldName]
[ant:checkstyle] [WARN] /app/src/main/java/com/mgz/afp/triplets/Triplet.java:5014:24: Non-constant field name 'yUnitBase' must start lowercase, be at least 2 chars, avoid single lowercase letter followed by uppercase, contain only letters, digits or underscores, with underscores allowed only between adjacent digits. [GoogleNonConstantFieldName]
[ant:checkstyle] [WARN] /app/src/main/java/com/mgz/afp/triplets/Triplet.java:5015:18: Non-constant field name 'xUnitsPerUnitBase' must start lowercase, be at least 2 chars, avoid single lowercase letter followed by uppercase, contain only letters, digits or underscores, with underscores allowed only between adjacent digits. [GoogleNonConstantFieldName]
[ant:checkstyle] [WARN] /app/src/main/java/com/mgz/afp/triplets/Triplet.java:5016:18: Non-constant field name 'yUnitsPerUnitBase' must start lowercase, be at least 2 chars, avoid single lowercase letter followed by uppercase, contain only letters, digits or underscores, with underscores allowed only between adjacent digits. [GoogleNonConstantFieldName]
[ant:checkstyle] [WARN] /app/src/main/java/com/mgz/afp/triplets/Triplet.java:5019: Line is longer than 100 characters (found 123). [LineLength]
[ant:checkstyle] [WARN] /app/src/main/java/com/mgz/afp/triplets/Triplet.java:5061: Line is longer than 100 characters (found 123). [LineLength]
[ant:checkstyle] [WARN] /app/src/main/java/com/mgz/afp/triplets/Triplet.java:5110: Line is longer than 100 characters (found 123). [LineLength]
[ant:checkstyle] [WARN] /app/src/main/java/com/mgz/afp/triplets/Triplet.java:5132:5: Missing a Javadoc comment. [MissingJavadocType]
[ant:checkstyle] [WARN] /app/src/main/java/com/mgz/afp/triplets/Triplet.java:5132:17: Abbreviation in name 'PDFPresentationSpace' must contain no more than '1' consecutive capital letters. [AbbreviationAsWordInName]
[ant:checkstyle] [WARN] /app/src/main/java/com/mgz/afp/triplets/Triplet.java:5139:7: Missing a Javadoc comment. [MissingJavadocMethod]
[ant:checkstyle] [WARN] /app/src/main/java/com/mgz/afp/triplets/Triplet.java:5145: Line is longer than 100 characters (found 164). [LineLength]
[ant:checkstyle] [WARN] /app/src/main/java/com/mgz/afp/triplets/Triplet.java:5148:7: Missing a Javadoc comment. [MissingJavadocMethod]
[ant:checkstyle] [WARN] /app/src/main/java/com/mgz/afp/cmoca/CMR_ColorManagementResource.java:23:1: Wrong lexicographical order for 'com.mgz.afp.base.StructuredField' import. Should be before 'com.mgz.util.UtilCharacterEncoding'. [CustomImportOrder]
[ant:checkstyle] [WARN] /app/src/main/java/com/mgz/afp/cmoca/CMR_ColorManagementResource.java:24:1: Wrong lexicographical order for 'com.mgz.afp.base.annotations.AFPField' import. Should be before 'com.mgz.util.UtilCharacterEncoding'. [CustomImportOrder]
[ant:checkstyle] [WARN] /app/src/main/java/com/mgz/afp/cmoca/CMR_ColorManagementResource.java:25:1: Wrong lexicographical order for 'com.mgz.afp.exceptions.AFPParserException' import. Should be before 'com.mgz.util.UtilCharacterEncoding'. [CustomImportOrder]
[ant:checkstyle] [WARN] /app/src/main/java/com/mgz/afp/cmoca/CMR_ColorManagementResource.java:26:1: Wrong lexicographical order for 'com.mgz.afp.parser.AFPParserConfiguration' import. Should be before 'com.mgz.util.UtilCharacterEncoding'. [CustomImportOrder]
[ant:checkstyle] [WARN] /app/src/main/java/com/mgz/afp/cmoca/CMR_ColorManagementResource.java:27:1: Wrong lexicographical order for 'com.mgz.util.Constants' import. Should be before 'com.mgz.util.UtilCharacterEncoding'. [CustomImportOrder]
[ant:checkstyle] [WARN] /app/src/main/java/com/mgz/afp/cmoca/CMR_ColorManagementResource.java:28:1: Wrong lexicographical order for 'com.mgz.util.UtilBinaryDecoding' import. Should be before 'com.mgz.util.UtilCharacterEncoding'. [CustomImportOrder]
[ant:checkstyle] [WARN] /app/src/main/java/com/mgz/afp/cmoca/CMR_ColorManagementResource.java:30:1: Extra separation in import group before 'com.fasterxml.jackson.dataformat.xml.annotation.JacksonXmlProperty' [CustomImportOrder]
[ant:checkstyle] [WARN] /app/src/main/java/com/mgz/afp/cmoca/CMR_ColorManagementResource.java:30:1: Wrong lexicographical order for 'com.fasterxml.jackson.dataformat.xml.annotation.JacksonXmlProperty' import. Should be before 'com.mgz.util.UtilCharacterEncoding'. [CustomImportOrder]
[ant:checkstyle] [WARN] /app/src/main/java/com/mgz/afp/cmoca/CMR_ColorManagementResource.java:39:14: Abbreviation in name 'CMR_ColorManagementResource' must contain no more than '1' consecutive capital letters. [AbbreviationAsWordInName]
[ant:checkstyle] [WARN] /app/src/main/java/com/mgz/afp/cmoca/CMR_ColorManagementResource.java:39:14: Type name 'CMR_ColorManagementResource' must match pattern '^[A-Z][a-zA-Z0-9]*(?:[0-9](?:_[0-9]+)*)?$'. [TypeName]
[ant:checkstyle] [WARN] /app/src/main/java/com/mgz/afp/cmoca/CMR_ColorManagementResource.java:119:5: Distance between variable 'subset' declaration and its first usage is 4, but allowed 3.  Consider making that variable final if you still need to store its value in advance (before method calls that might have side effects on the original value). [VariableDeclarationUsageDistance]
[ant:checkstyle] [WARN] /app/src/main/java/com/mgz/afp/cmoca/CMR_ColorManagementResource.java:186:58: '||' should be on a new line. [OperatorWrap]
[ant:checkstyle] [WARN] /app/src/main/java/com/mgz/afp/cmoca/CMR_ColorManagementResource.java:187:58: '||' should be on a new line. [OperatorWrap]
[ant:checkstyle] [WARN] /app/src/main/java/com/mgz/afp/cmoca/CMR_ColorManagementResource.java:197: Line is longer than 100 characters (found 138). [LineLength]
[ant:checkstyle] [WARN] /app/src/main/java/com/mgz/afp/cmoca/CMR_ColorManagementResource.java:213: Line is longer than 100 characters (found 121). [LineLength]
[ant:checkstyle] [WARN] /app/src/main/java/com/mgz/afp/cmoca/CMR_ColorManagementResource.java:223: Line is longer than 100 characters (found 102). [LineLength]
[ant:checkstyle] [WARN] /app/src/main/java/com/mgz/afp/cmoca/CMR_ColorManagementResource.java:225: Line is longer than 100 characters (found 102). [LineLength]
[ant:checkstyle] [WARN] /app/src/main/java/com/mgz/afp/cmoca/CMR_ColorManagementResource.java:231: Line is longer than 100 characters (found 103). [LineLength]
[ant:checkstyle] [WARN] /app/src/main/java/com/mgz/afp/cmoca/CMR_ColorManagementResource.java:327:72: '||' should be on a new line. [OperatorWrap]
[ant:checkstyle] [WARN] /app/src/main/java/com/mgz/afp/cmoca/CMR_ColorManagementResource.java:334:69: '||' should be on a new line. [OperatorWrap]
[ant:checkstyle] [WARN] /app/src/main/java/com/mgz/afp/cmoca/CMR_ColorManagementResource.java:335:56: '||' should be on a new line. [OperatorWrap]
[ant:checkstyle] [WARN] /app/src/main/java/com/mgz/afp/cmoca/CMR_ColorManagementResource.java:336:56: '||' should be on a new line. [OperatorWrap]
[ant:checkstyle] [WARN] /app/src/main/java/com/mgz/afp/cmoca/CMR_ColorManagementResource.java:348: Line is longer than 100 characters (found 114). [LineLength]
[ant:checkstyle] [WARN] /app/src/main/java/com/mgz/afp/cmoca/CMR_ColorManagementResource.java:355: Line is longer than 100 characters (found 107). [LineLength]
[ant:checkstyle] [WARN] /app/src/main/java/com/mgz/afp/cmoca/CMR_ColorManagementResource.java:358: Line is longer than 100 characters (found 116). [LineLength]
[ant:checkstyle] [WARN] /app/src/main/java/com/mgz/afp/cmoca/CMR_ColorManagementResource.java:371: Line is longer than 100 characters (found 106). [LineLength]
[ant:checkstyle] [WARN] /app/src/main/java/com/mgz/afp/cmoca/CMR_ColorManagementResource.java:376:16: Abbreviation in name 'writeUTF16Padded' must contain no more than '1' consecutive capital letters. [AbbreviationAsWordInName]
[ant:checkstyle] [WARN] /app/src/main/java/com/mgz/afp/cmoca/CMRTag.java:25:1: Extra separation in import group before 'java.util.ArrayList' [CustomImportOrder]
[ant:checkstyle] [WARN] /app/src/main/java/com/mgz/afp/cmoca/CMRTag.java:31:14: Abbreviation in name 'CMRTag' must contain no more than '1' consecutive capital letters. [AbbreviationAsWordInName]
[ant:checkstyle] [WARN] /app/src/main/java/com/mgz/afp/cmoca/CMRTag.java:38:3: Missing a Javadoc comment. [MissingJavadocMethod]
[ant:checkstyle] [WARN] /app/src/main/java/com/mgz/afp/cmoca/CMRTag.java:200:3: Missing a Javadoc comment. [MissingJavadocMethod]
[ant:checkstyle] [WARN] /app/src/main/java/com/mgz/afp/cmoca/CMRTag.java:774:15: Abbreviation in name 'expectedNC' must contain no more than '1' consecutive capital letters. [AbbreviationAsWordInName]
[ant:checkstyle] [WARN] /app/src/main/java/com/mgz/afp/cmoca/CMRTag.java:775:15: Abbreviation in name 'actualNC' must contain no more than '1' consecutive capital letters. [AbbreviationAsWordInName]
[ant:checkstyle] [WARN] /app/src/main/java/com/mgz/afp/enums/AFPColorValue.java:28:13: Abbreviation in name 'AFPColorValue' must contain no more than '1' consecutive capital letters. [AbbreviationAsWordInName]
[ant:checkstyle] [WARN] /app/src/main/java/com/mgz/afp/enums/AFPColorValue.java:127: Line is longer than 100 characters (found 137). [LineLength]
[ant:checkstyle] [WARN] /app/src/main/java/com/mgz/afp/enums/SFType.java:27:13: Abbreviation in name 'SFType' must contain no more than '1' consecutive capital letters. [AbbreviationAsWordInName]
[ant:checkstyle] [WARN] /app/src/main/java/com/mgz/afp/enums/SFType.java:166:3: Missing a Javadoc comment. [MissingJavadocMethod]
[ant:checkstyle] [WARN] /app/src/main/java/com/mgz/afp/enums/AFPBasicDataType.java:22:1: Missing a Javadoc comment. [MissingJavadocType]
[ant:checkstyle] [WARN] /app/src/main/java/com/mgz/afp/enums/AFPBasicDataType.java:22:13: Abbreviation in name 'AFPBasicDataType' must contain no more than '1' consecutive capital letters. [AbbreviationAsWordInName]
[ant:checkstyle] [WARN] /app/src/main/java/com/mgz/afp/enums/AFPReferenceCoordinateSystem.java:27:13: Abbreviation in name 'AFPReferenceCoordinateSystem' must contain no more than '1' consecutive capital letters. [AbbreviationAsWordInName]
[ant:checkstyle] [WARN] /app/src/main/java/com/mgz/afp/enums/SFCategory.java:30:13: Abbreviation in name 'SFCategory' must contain no more than '1' consecutive capital letters. [AbbreviationAsWordInName]
[ant:checkstyle] [WARN] /app/src/main/java/com/mgz/afp/enums/SFCategory.java:106:3: Missing a Javadoc comment. [MissingJavadocMethod]
[ant:checkstyle] [WARN] /app/src/main/java/com/mgz/afp/enums/SFClass.java:25:13: Abbreviation in name 'SFClass' must contain no more than '1' consecutive capital letters. [AbbreviationAsWordInName]
[ant:checkstyle] [WARN] /app/src/main/java/com/mgz/afp/enums/SFClass.java:58:3: Missing a Javadoc comment. [MissingJavadocMethod]
[ant:checkstyle] [WARN] /app/src/main/java/com/mgz/afp/enums/AFPObjectType.java:22:1: Missing a Javadoc comment. [MissingJavadocType]
[ant:checkstyle] [WARN] /app/src/main/java/com/mgz/afp/enums/AFPObjectType.java:22:13: Abbreviation in name 'AFPObjectType' must contain no more than '1' consecutive capital letters. [AbbreviationAsWordInName]
[ant:checkstyle] [WARN] /app/src/main/java/com/mgz/afp/enums/AFPObjectType.java:35:3: Missing a Javadoc comment. [MissingJavadocMethod]
[ant:checkstyle] [WARN] /app/src/main/java/com/mgz/afp/enums/AFPObjectType.java:44:3: Missing a Javadoc comment. [MissingJavadocMethod]
[ant:checkstyle] [WARN] /app/src/main/java/com/mgz/afp/enums/MutualExclusiveGroupedFlagHandler.java:24:1: Missing a Javadoc comment. [MissingJavadocType]
[ant:checkstyle] [WARN] /app/src/main/java/com/mgz/afp/enums/AFPUnitBase.java:25:13: Abbreviation in name 'AFPUnitBase' must contain no more than '1' consecutive capital letters. [AbbreviationAsWordInName]
[ant:checkstyle] [WARN] /app/src/main/java/com/mgz/afp/enums/SFTypeID.java:29:1: Missing a Javadoc comment. [MissingJavadocType]
[ant:checkstyle] [WARN] /app/src/main/java/com/mgz/afp/enums/SFTypeID.java:29:13: Abbreviation in name 'SFTypeID' must contain no more than '1' consecutive capital letters. [AbbreviationAsWordInName]
[ant:checkstyle] [WARN] /app/src/main/java/com/mgz/afp/enums/SFTypeID.java:74:43: ',' is not followed by whitespace. [WhitespaceAfter]
[ant:checkstyle] [WARN] /app/src/main/java/com/mgz/afp/enums/SFTypeID.java:219:3: Missing a Javadoc comment. [MissingJavadocMethod]
[ant:checkstyle] [WARN] /app/src/main/java/com/mgz/afp/enums/SFTypeID.java:270:14: Abbreviation in name 'sfTypeID' must contain no more than '1' consecutive capital letters. [AbbreviationAsWordInName]
[ant:checkstyle] [WARN] /app/src/main/java/com/mgz/afp/enums/SFTypeID.java:274:3: Missing a Javadoc comment. [MissingJavadocMethod]
[ant:checkstyle] [WARN] /app/src/main/java/com/mgz/afp/enums/IMutualExclusiveGroupedFlag.java:22:1: Missing a Javadoc comment. [MissingJavadocType]
[ant:checkstyle] [WARN] /app/src/main/java/com/mgz/afp/enums/IMutualExclusiveGroupedFlag.java:22:18: Abbreviation in name 'IMutualExclusiveGroupedFlag' must contain no more than '1' consecutive capital letters. [AbbreviationAsWordInName]
[ant:checkstyle] [WARN] /app/src/main/java/com/mgz/afp/enums/IMutualExclusiveGroupedFlag.java:23:3: Missing a Javadoc comment. [MissingJavadocMethod]
[ant:checkstyle] [WARN] /app/src/main/java/com/mgz/afp/enums/AFPOrientation.java:24:1: Missing a Javadoc comment. [MissingJavadocType]
[ant:checkstyle] [WARN] /app/src/main/java/com/mgz/afp/enums/AFPOrientation.java:24:13: Abbreviation in name 'AFPOrientation' must contain no more than '1' consecutive capital letters. [AbbreviationAsWordInName]
[ant:checkstyle] [WARN] /app/src/main/java/com/mgz/afp/enums/AFPOrientation.java:40:3: Missing a Javadoc comment. [MissingJavadocMethod]
[ant:checkstyle] [WARN] /app/src/main/java/com/mgz/afp/enums/AFPOrientation.java:49:3: Missing a Javadoc comment. [MissingJavadocMethod]
[ant:checkstyle] [WARN] /app/src/main/java/com/mgz/afp/enums/AFPForegroundMix.java:24:1: Missing a Javadoc comment. [MissingJavadocType]
[ant:checkstyle] [WARN] /app/src/main/java/com/mgz/afp/enums/AFPForegroundMix.java:24:13: Abbreviation in name 'AFPForegroundMix' must contain no more than '1' consecutive capital letters. [AbbreviationAsWordInName]
[ant:checkstyle] [WARN] /app/src/main/java/com/mgz/afp/enums/AFPForegroundMix.java:33:3: Missing a Javadoc comment. [MissingJavadocMethod]
[ant:checkstyle] [WARN] /app/src/main/java/com/mgz/afp/enums/AFPForegroundMix.java:39: Line is longer than 100 characters (found 119). [LineLength]
[ant:checkstyle] [WARN] /app/src/main/java/com/mgz/afp/enums/AFPForegroundMix.java:43:3: Missing a Javadoc comment. [MissingJavadocMethod]
[ant:checkstyle] [WARN] /app/src/main/java/com/mgz/afp/enums/AFPColorSpace.java:25:13: Abbreviation in name 'AFPColorSpace' must contain no more than '1' consecutive capital letters. [AbbreviationAsWordInName]
[ant:checkstyle] [WARN] /app/src/main/java/com/mgz/afp/enums/SFFlag.java:24:1: Missing a Javadoc comment. [MissingJavadocType]
[ant:checkstyle] [WARN] /app/src/main/java/com/mgz/afp/enums/SFFlag.java:24:13: Abbreviation in name 'SFFlag' must contain no more than '1' consecutive capital letters. [AbbreviationAsWordInName]
[ant:checkstyle] [WARN] /app/src/main/java/com/mgz/afp/enums/AFPBackgroundMix.java:24:1: Missing a Javadoc comment. [MissingJavadocType]
[ant:checkstyle] [WARN] /app/src/main/java/com/mgz/afp/enums/AFPBackgroundMix.java:24:13: Abbreviation in name 'AFPBackgroundMix' must contain no more than '1' consecutive capital letters. [AbbreviationAsWordInName]
[ant:checkstyle] [WARN] /app/src/main/java/com/mgz/afp/enums/AFPBackgroundMix.java:33:3: Missing a Javadoc comment. [MissingJavadocMethod]
[ant:checkstyle] [WARN] /app/src/main/java/com/mgz/afp/enums/AFPBackgroundMix.java:39: Line is longer than 100 characters (found 119). [LineLength]
[ant:checkstyle] [WARN] /app/src/main/java/com/mgz/afp/enums/AFPBackgroundMix.java:43:3: Missing a Javadoc comment. [MissingJavadocMethod]
[ant:checkstyle] [WARN] /app/src/main/java/com/mgz/afp/parser/AFPScanner.java:25:1: Extra separation in import group before 'java.io.IOException' [CustomImportOrder]
[ant:checkstyle] [WARN] /app/src/main/java/com/mgz/afp/parser/AFPScanner.java:40:14: Abbreviation in name 'AFPScanner' must contain no more than '1' consecutive capital letters. [AbbreviationAsWordInName]
[ant:checkstyle] [WARN] /app/src/main/java/com/mgz/afp/parser/AFPScanner.java:45:3: Missing a Javadoc comment. [MissingJavadocMethod]
[ant:checkstyle] [WARN] /app/src/main/java/com/mgz/afp/parser/AFPScanner.java:50:3: Missing a Javadoc comment. [MissingJavadocMethod]
[ant:checkstyle] [WARN] /app/src/main/java/com/mgz/afp/parser/AFPScanner.java:55:3: Missing a Javadoc comment. [MissingJavadocMethod]
[ant:checkstyle] [WARN] /app/src/main/java/com/mgz/afp/parser/AFPScanner.java:55:38: Abbreviation in name 'typeID' must contain no more than '1' consecutive capital letters. [AbbreviationAsWordInName]
[ant:checkstyle] [WARN] /app/src/main/java/com/mgz/afp/parser/AFPScanner.java:64:3: Missing a Javadoc comment. [MissingJavadocMethod]
[ant:checkstyle] [WARN] /app/src/main/java/com/mgz/afp/parser/AFPScanner.java:64:46: Abbreviation in name 'typeID' must contain no more than '1' consecutive capital letters. [AbbreviationAsWordInName]
[ant:checkstyle] [WARN] /app/src/main/java/com/mgz/afp/parser/AFPScanner.java:77:45: Abbreviation in name 'typeID' must contain no more than '1' consecutive capital letters. [AbbreviationAsWordInName]
[ant:checkstyle] [WARN] /app/src/main/java/com/mgz/afp/parser/AFPScanner.java:130:51: Abbreviation in name 'typeID' must contain no more than '1' consecutive capital letters. [AbbreviationAsWordInName]
[ant:checkstyle] [WARN] /app/src/main/java/com/mgz/afp/parser/AFPScanner.java:187: Line is longer than 100 characters (found 111). [LineLength]
[ant:checkstyle] [WARN] /app/src/main/java/com/mgz/afp/parser/AFPScanner.java:210:53: Abbreviation in name 'typeID' must contain no more than '1' consecutive capital letters. [AbbreviationAsWordInName]
[ant:checkstyle] [WARN] /app/src/main/java/com/mgz/afp/parser/AFPScanner.java:220: Line is longer than 100 characters (found 101). [LineLength]
[ant:checkstyle] [WARN] /app/src/main/java/com/mgz/afp/parser/AFPScanner.java:246:59: Abbreviation in name 'typeID' must contain no more than '1' consecutive capital letters. [AbbreviationAsWordInName]
[ant:checkstyle] [WARN] /app/src/main/java/com/mgz/afp/parser/AFPScanner.java:257: Line is longer than 100 characters (found 108). [LineLength]
[ant:checkstyle] [WARN] /app/src/main/java/com/mgz/afp/parser/AFPScanner.java:283:55: Abbreviation in name 'typeID' must contain no more than '1' consecutive capital letters. [AbbreviationAsWordInName]
[ant:checkstyle] [WARN] /app/src/main/java/com/mgz/afp/parser/AFPScanner.java:295:9: 'if' construct must use '{}'s. [NeedBraces]
[ant:checkstyle] [WARN] /app/src/main/java/com/mgz/afp/parser/AFPScanner.java:341: Line is longer than 100 characters (found 111). [LineLength]
[ant:checkstyle] [WARN] /app/src/main/java/com/mgz/afp/parser/AFPScanner.java:364:3: Missing a Javadoc comment. [MissingJavadocMethod]
[ant:checkstyle] [WARN] /app/src/main/java/com/mgz/afp/parser/AFPScanner.java:368:3: Missing a Javadoc comment. [MissingJavadocMethod]
[ant:checkstyle] [WARN] /app/src/main/java/com/mgz/afp/parser/PTOCAControlSequenceParser.java:34:1: Extra separation in import group before 'java.util.ArrayList' [CustomImportOrder]
[ant:checkstyle] [WARN] /app/src/main/java/com/mgz/afp/parser/PTOCAControlSequenceParser.java:39:1: Missing a Javadoc comment. [MissingJavadocType]
[ant:checkstyle] [WARN] /app/src/main/java/com/mgz/afp/parser/PTOCAControlSequenceParser.java:39:14: Abbreviation in name 'PTOCAControlSequenceParser' must contain no more than '1' consecutive capital letters. [AbbreviationAsWordInName]
[ant:checkstyle] [WARN] /app/src/main/java/com/mgz/afp/parser/PTOCAControlSequenceParser.java:45: Line is longer than 100 characters (found 117). [LineLength]
[ant:checkstyle] [WARN] /app/src/main/java/com/mgz/afp/parser/PTOCAControlSequenceParser.java:46: Line is longer than 100 characters (found 141). [LineLength]
[ant:checkstyle] [WARN] /app/src/main/java/com/mgz/afp/parser/PTOCAControlSequenceParser.java:47: Line is longer than 100 characters (found 155). [LineLength]
[ant:checkstyle] [WARN] /app/src/main/java/com/mgz/afp/parser/PTOCAControlSequenceParser.java:48: Line is longer than 100 characters (found 123). [LineLength]
[ant:checkstyle] [WARN] /app/src/main/java/com/mgz/afp/parser/PTOCAControlSequenceParser.java:49: Line is longer than 100 characters (found 123). [LineLength]
[ant:checkstyle] [WARN] /app/src/main/java/com/mgz/afp/parser/PTOCAControlSequenceParser.java:50: Line is longer than 100 characters (found 127). [LineLength]
[ant:checkstyle] [WARN] /app/src/main/java/com/mgz/afp/parser/PTOCAControlSequenceParser.java:51: Line is longer than 100 characters (found 127). [LineLength]
[ant:checkstyle] [WARN] /app/src/main/java/com/mgz/afp/parser/PTOCAControlSequenceParser.java:52: Line is longer than 100 characters (found 127). [LineLength]
[ant:checkstyle] [WARN] /app/src/main/java/com/mgz/afp/parser/PTOCAControlSequenceParser.java:53: Line is longer than 100 characters (found 105). [LineLength]
[ant:checkstyle] [WARN] /app/src/main/java/com/mgz/afp/parser/PTOCAControlSequenceParser.java:54: Line is longer than 100 characters (found 123). [LineLength]
[ant:checkstyle] [WARN] /app/src/main/java/com/mgz/afp/parser/PTOCAControlSequenceParser.java:55: Line is longer than 100 characters (found 117). [LineLength]
[ant:checkstyle] [WARN] /app/src/main/java/com/mgz/afp/parser/PTOCAControlSequenceParser.java:56: Line is longer than 100 characters (found 111). [LineLength]
[ant:checkstyle] [WARN] /app/src/main/java/com/mgz/afp/parser/PTOCAControlSequenceParser.java:57: Line is longer than 100 characters (found 109). [LineLength]
[ant:checkstyle] [WARN] /app/src/main/java/com/mgz/afp/parser/PTOCAControlSequenceParser.java:58: Line is longer than 100 characters (found 113). [LineLength]
[ant:checkstyle] [WARN] /app/src/main/java/com/mgz/afp/parser/PTOCAControlSequenceParser.java:59: Line is longer than 100 characters (found 113). [LineLength]
[ant:checkstyle] [WARN] /app/src/main/java/com/mgz/afp/parser/PTOCAControlSequenceParser.java:60: Line is longer than 100 characters (found 111). [LineLength]
[ant:checkstyle] [WARN] /app/src/main/java/com/mgz/afp/parser/PTOCAControlSequenceParser.java:61: Line is longer than 100 characters (found 127). [LineLength]
[ant:checkstyle] [WARN] /app/src/main/java/com/mgz/afp/parser/PTOCAControlSequenceParser.java:62: Line is longer than 100 characters (found 123). [LineLength]
[ant:checkstyle] [WARN] /app/src/main/java/com/mgz/afp/parser/PTOCAControlSequenceParser.java:63: Line is longer than 100 characters (found 119). [LineLength]
[ant:checkstyle] [WARN] /app/src/main/java/com/mgz/afp/parser/PTOCAControlSequenceParser.java:64: Line is longer than 100 characters (found 115). [LineLength]
[ant:checkstyle] [WARN] /app/src/main/java/com/mgz/afp/parser/PTOCAControlSequenceParser.java:65: Line is longer than 100 characters (found 123). [LineLength]
[ant:checkstyle] [WARN] /app/src/main/java/com/mgz/afp/parser/PTOCAControlSequenceParser.java:66: Line is longer than 100 characters (found 123). [LineLength]
[ant:checkstyle] [WARN] /app/src/main/java/com/mgz/afp/parser/PTOCAControlSequenceParser.java:67: Line is longer than 100 characters (found 113). [LineLength]
[ant:checkstyle] [WARN] /app/src/main/java/com/mgz/afp/parser/PTOCAControlSequenceParser.java:68: Line is longer than 100 characters (found 121). [LineLength]
[ant:checkstyle] [WARN] /app/src/main/java/com/mgz/afp/parser/PTOCAControlSequenceParser.java:69: Line is longer than 100 characters (found 129). [LineLength]
[ant:checkstyle] [WARN] /app/src/main/java/com/mgz/afp/parser/PTOCAControlSequenceParser.java:70: Line is longer than 100 characters (found 107). [LineLength]
[ant:checkstyle] [WARN] /app/src/main/java/com/mgz/afp/parser/PTOCAControlSequenceParser.java:71: Line is longer than 100 characters (found 117). [LineLength]
[ant:checkstyle] [WARN] /app/src/main/java/com/mgz/afp/parser/PTOCAControlSequenceParser.java:72: Line is longer than 100 characters (found 115). [LineLength]
[ant:checkstyle] [WARN] /app/src/main/java/com/mgz/afp/parser/PTOCAControlSequenceParser.java:73: Line is longer than 100 characters (found 107). [LineLength]
[ant:checkstyle] [WARN] /app/src/main/java/com/mgz/afp/parser/PTOCAControlSequenceParser.java:74: Line is longer than 100 characters (found 107). [LineLength]
[ant:checkstyle] [WARN] /app/src/main/java/com/mgz/afp/parser/PTOCAControlSequenceParser.java:75: Line is longer than 100 characters (found 129). [LineLength]
[ant:checkstyle] [WARN] /app/src/main/java/com/mgz/afp/parser/PTOCAControlSequenceParser.java:76: Line is longer than 100 characters (found 113). [LineLength]
[ant:checkstyle] [WARN] /app/src/main/java/com/mgz/afp/parser/PTOCAControlSequenceParser.java:77: Line is longer than 100 characters (found 110). [LineLength]
[ant:checkstyle] [WARN] /app/src/main/java/com/mgz/afp/parser/PTOCAControlSequenceParser.java:79: Line is longer than 100 characters (found 162). [LineLength]
[ant:checkstyle] [WARN] /app/src/main/java/com/mgz/afp/parser/PTOCAControlSequenceParser.java:79:3: Missing a Javadoc comment. [MissingJavadocMethod]
[ant:checkstyle] [WARN] /app/src/main/java/com/mgz/afp/parser/PTOCAControlSequenceParser.java:79:3: 'METHOD_DEF' should be separated from previous line. [EmptyLineSeparator]
[ant:checkstyle] [WARN] /app/src/main/java/com/mgz/afp/parser/PTOCAControlSequenceParser.java:86:26: Abbreviation in name 'lastCS' must contain no more than '1' consecutive capital letters. [AbbreviationAsWordInName]
[ant:checkstyle] [WARN] /app/src/main/java/com/mgz/afp/parser/PTOCAControlSequenceParser.java:88: Line is longer than 100 characters (found 127). [LineLength]
[ant:checkstyle] [WARN] /app/src/main/java/com/mgz/afp/parser/PTOCAControlSequenceParser.java:89:9: Distance between variable 'runStart' declaration and its first usage is 4, but allowed 3.  Consider making that variable final if you still need to store its value in advance (before method calls that might have side effects on the original value). [VariableDeclarationUsageDistance]
[ant:checkstyle] [WARN] /app/src/main/java/com/mgz/afp/parser/PTOCAControlSequenceParser.java:91: Line is longer than 100 characters (found 114). [LineLength]
[ant:checkstyle] [WARN] /app/src/main/java/com/mgz/afp/parser/PTOCAControlSequenceParser.java:96: Line is longer than 100 characters (found 126). [LineLength]
[ant:checkstyle] [WARN] /app/src/main/java/com/mgz/afp/parser/PTOCAControlSequenceParser.java:108: Line is longer than 100 characters (found 124). [LineLength]
[ant:checkstyle] [WARN] /app/src/main/java/com/mgz/afp/parser/PTOCAControlSequenceParser.java:118: Line is longer than 100 characters (found 101). [LineLength]
[ant:checkstyle] [WARN] /app/src/main/java/com/mgz/afp/parser/PTOCAControlSequenceParser.java:121: Line is longer than 100 characters (found 118). [LineLength]
[ant:checkstyle] [WARN] /app/src/main/java/com/mgz/afp/parser/PTOCAControlSequenceParser.java:123:7: Distance between variable 'cs' declaration and its first usage is 4, but allowed 3.  Consider making that variable final if you still need to store its value in advance (before method calls that might have side effects on the original value). [VariableDeclarationUsageDistance]
[ant:checkstyle] [WARN] /app/src/main/java/com/mgz/afp/parser/PTOCAControlSequenceParser.java:146: Line is longer than 100 characters (found 136). [LineLength]
[ant:checkstyle] [WARN] /app/src/main/java/com/mgz/afp/parser/PTOCAControlSequenceParser.java:164: Line is longer than 100 characters (found 118). [LineLength]
[ant:checkstyle] [WARN] /app/src/main/java/com/mgz/afp/parser/PTOCAControlSequenceParser.java:175: Line is longer than 100 characters (found 126). [LineLength]
[ant:checkstyle] [WARN] /app/src/main/java/com/mgz/afp/parser/PTOCAControlSequenceParser.java:180: Line is longer than 100 characters (found 117). [LineLength]
[ant:checkstyle] [WARN] /app/src/main/java/com/mgz/afp/parser/PTOCAControlSequenceParser.java:191: Line is longer than 100 characters (found 114). [LineLength]
[ant:checkstyle] [WARN] /app/src/main/java/com/mgz/afp/parser/PTOCAControlSequenceParser.java:206: Line is longer than 100 characters (found 103). [LineLength]
[ant:checkstyle] [WARN] /app/src/main/java/com/mgz/afp/parser/PTOCAControlSequenceParser.java:206:3: Missing a Javadoc comment. [MissingJavadocMethod]
[ant:checkstyle] [WARN] /app/src/main/java/com/mgz/afp/parser/PTOCAControlSequenceParser.java:211: Line is longer than 100 characters (found 104). [LineLength]
[ant:checkstyle] [WARN] /app/src/main/java/com/mgz/afp/parser/ParallelPageParser.java:65: Line is longer than 100 characters (found 116). [LineLength]
[ant:checkstyle] [WARN] /app/src/main/java/com/mgz/afp/parser/TripletParser.java:29:1: Extra separation in import group before 'java.util.ArrayList' [CustomImportOrder]
[ant:checkstyle] [WARN] /app/src/main/java/com/mgz/afp/parser/TripletParser.java:34:1: Missing a Javadoc comment. [MissingJavadocType]
[ant:checkstyle] [WARN] /app/src/main/java/com/mgz/afp/parser/TripletParser.java:40: Line is longer than 100 characters (found 117). [LineLength]
[ant:checkstyle] [WARN] /app/src/main/java/com/mgz/afp/parser/TripletParser.java:46: Line is longer than 100 characters (found 115). [LineLength]
[ant:checkstyle] [WARN] /app/src/main/java/com/mgz/afp/parser/TripletParser.java:47: Line is longer than 100 characters (found 107). [LineLength]
[ant:checkstyle] [WARN] /app/src/main/java/com/mgz/afp/parser/TripletParser.java:48: Line is longer than 100 characters (found 125). [LineLength]
[ant:checkstyle] [WARN] /app/src/main/java/com/mgz/afp/parser/TripletParser.java:50: Line is longer than 100 characters (found 129). [LineLength]
[ant:checkstyle] [WARN] /app/src/main/java/com/mgz/afp/parser/TripletParser.java:51: Line is longer than 100 characters (found 115). [LineLength]
[ant:checkstyle] [WARN] /app/src/main/java/com/mgz/afp/parser/TripletParser.java:59: Line is longer than 100 characters (found 117). [LineLength]
[ant:checkstyle] [WARN] /app/src/main/java/com/mgz/afp/parser/TripletParser.java:68: Line is longer than 100 characters (found 107). [LineLength]
[ant:checkstyle] [WARN] /app/src/main/java/com/mgz/afp/parser/TripletParser.java:69: Line is longer than 100 characters (found 107). [LineLength]
[ant:checkstyle] [WARN] /app/src/main/java/com/mgz/afp/parser/TripletParser.java:71: Line is longer than 100 characters (found 103). [LineLength]
[ant:checkstyle] [WARN] /app/src/main/java/com/mgz/afp/parser/TripletParser.java:73: Line is longer than 100 characters (found 107). [LineLength]
[ant:checkstyle] [WARN] /app/src/main/java/com/mgz/afp/parser/TripletParser.java:79: Line is longer than 100 characters (found 109). [LineLength]
[ant:checkstyle] [WARN] /app/src/main/java/com/mgz/afp/parser/TripletParser.java:80: Line is longer than 100 characters (found 107). [LineLength]
[ant:checkstyle] [WARN] /app/src/main/java/com/mgz/afp/parser/TripletParser.java:81: Line is longer than 100 characters (found 103). [LineLength]
[ant:checkstyle] [WARN] /app/src/main/java/com/mgz/afp/parser/TripletParser.java:90: Line is longer than 100 characters (found 119). [LineLength]
[ant:checkstyle] [WARN] /app/src/main/java/com/mgz/afp/parser/TripletParser.java:95: Line is longer than 100 characters (found 101). [LineLength]
[ant:checkstyle] [WARN] /app/src/main/java/com/mgz/afp/parser/TripletParser.java:99: Line is longer than 100 characters (found 119). [LineLength]
[ant:checkstyle] [WARN] /app/src/main/java/com/mgz/afp/parser/TripletParser.java:106: Line is longer than 100 characters (found 125). [LineLength]
[ant:checkstyle] [WARN] /app/src/main/java/com/mgz/afp/parser/TripletParser.java:116: Line is longer than 100 characters (found 115). [LineLength]
[ant:checkstyle] [WARN] /app/src/main/java/com/mgz/afp/parser/TripletParser.java:125:31: 'typecast' is not followed by whitespace. [WhitespaceAfter]
[ant:checkstyle] [WARN] /app/src/main/java/com/mgz/afp/parser/TripletParser.java:127: Line is longer than 100 characters (found 117). [LineLength]
[ant:checkstyle] [WARN] /app/src/main/java/com/mgz/afp/parser/TripletParser.java:140: Line is longer than 100 characters (found 112). [LineLength]
[ant:checkstyle] [WARN] /app/src/main/java/com/mgz/afp/parser/TripletParser.java:166: Line is longer than 100 characters (found 127). [LineLength]
[ant:checkstyle] [WARN] /app/src/main/java/com/mgz/afp/parser/TripletParser.java:196: Line is longer than 100 characters (found 134). [LineLength]
[ant:checkstyle] [WARN] /app/src/main/java/com/mgz/afp/parser/TripletParser.java:196:3: Missing a Javadoc comment. [MissingJavadocMethod]
[ant:checkstyle] [WARN] /app/src/main/java/com/mgz/afp/parser/TripletParser.java:197:5: Distance between variable 'resultingTriplet' declaration and its first usage is 5, but allowed 3.  Consider making that variable final if you still need to store its value in advance (before method calls that might have side effects on the original value). [VariableDeclarationUsageDistance]
[ant:checkstyle] [WARN] /app/src/main/java/com/mgz/afp/parser/TripletParser.java:202:11: Abbreviation in name 'actualTripletID' must contain no more than '1' consecutive capital letters. [AbbreviationAsWordInName]
[ant:checkstyle] [WARN] /app/src/main/java/com/mgz/afp/parser/TripletParser.java:211:15: Abbreviation in name 'tripletID' must contain no more than '1' consecutive capital letters. [AbbreviationAsWordInName]
[ant:checkstyle] [WARN] /app/src/main/java/com/mgz/afp/parser/TripletParser.java:249:3: Missing a Javadoc comment. [MissingJavadocMethod]
[ant:checkstyle] [WARN] /app/src/main/java/com/mgz/afp/parser/AFPParser.java:32:1: Wrong lexicographical order for 'com.mgz.afp.base.IRepeatingGroup' import. Should be before 'com.mgz.afp.exceptions.AFPParserException'. [CustomImportOrder]
[ant:checkstyle] [WARN] /app/src/main/java/com/mgz/afp/parser/AFPParser.java:33:1: Wrong lexicographical order for 'com.mgz.afp.base.IHasTriplets' import. Should be before 'com.mgz.afp.exceptions.AFPParserException'. [CustomImportOrder]
[ant:checkstyle] [WARN] /app/src/main/java/com/mgz/afp/parser/AFPParser.java:44:1: Wrong lexicographical order for 'com.mgz.util.UtilBinaryDecoding' import. Should be before 'com.mgz.util.UtilCharacterEncoding'. [CustomImportOrder]
[ant:checkstyle] [WARN] /app/src/main/java/com/mgz/afp/parser/AFPParser.java:46:1: Extra separation in import group before 'java.io.IOException' [CustomImportOrder]
[ant:checkstyle] [WARN] /app/src/main/java/com/mgz/afp/parser/AFPParser.java:57:14: Abbreviation in name 'AFPParser' must contain no more than '1' consecutive capital letters. [AbbreviationAsWordInName]
[ant:checkstyle] [WARN] /app/src/main/java/com/mgz/afp/parser/AFPParser.java:63: Line is longer than 100 characters (found 119). [LineLength]
[ant:checkstyle] [WARN] /app/src/main/java/com/mgz/afp/parser/AFPParser.java:64: Line is longer than 100 characters (found 101). [LineLength]
[ant:checkstyle] [WARN] /app/src/main/java/com/mgz/afp/parser/AFPParser.java:65: Line is longer than 100 characters (found 115). [LineLength]
[ant:checkstyle] [WARN] /app/src/main/java/com/mgz/afp/parser/AFPParser.java:69: Line is longer than 100 characters (found 107). [LineLength]
[ant:checkstyle] [WARN] /app/src/main/java/com/mgz/afp/parser/AFPParser.java:70: Line is longer than 100 characters (found 123). [LineLength]
[ant:checkstyle] [WARN] /app/src/main/java/com/mgz/afp/parser/AFPParser.java:71: Line is longer than 100 characters (found 101). [LineLength]
[ant:checkstyle] [WARN] /app/src/main/java/com/mgz/afp/parser/AFPParser.java:74: Line is longer than 100 characters (found 128). [LineLength]
[ant:checkstyle] [WARN] /app/src/main/java/com/mgz/afp/parser/AFPParser.java:75: Line is longer than 100 characters (found 115). [LineLength]
[ant:checkstyle] [WARN] /app/src/main/java/com/mgz/afp/parser/AFPParser.java:78: Line is longer than 100 characters (found 102). [LineLength]
[ant:checkstyle] [WARN] /app/src/main/java/com/mgz/afp/parser/AFPParser.java:79: Line is longer than 100 characters (found 101). [LineLength]
[ant:checkstyle] [WARN] /app/src/main/java/com/mgz/afp/parser/AFPParser.java:83: Line is longer than 100 characters (found 103). [LineLength]
[ant:checkstyle] [WARN] /app/src/main/java/com/mgz/afp/parser/AFPParser.java:84: Line is longer than 100 characters (found 105). [LineLength]
[ant:checkstyle] [WARN] /app/src/main/java/com/mgz/afp/parser/AFPParser.java:85: Line is longer than 100 characters (found 119). [LineLength]
[ant:checkstyle] [WARN] /app/src/main/java/com/mgz/afp/parser/AFPParser.java:90: Line is longer than 100 characters (found 119). [LineLength]
[ant:checkstyle] [WARN] /app/src/main/java/com/mgz/afp/parser/AFPParser.java:91: Line is longer than 100 characters (found 101). [LineLength]
[ant:checkstyle] [WARN] /app/src/main/java/com/mgz/afp/parser/AFPParser.java:93: Line is longer than 100 characters (found 123). [LineLength]
[ant:checkstyle] [WARN] /app/src/main/java/com/mgz/afp/parser/AFPParser.java:94: Line is longer than 100 characters (found 105). [LineLength]
[ant:checkstyle] [WARN] /app/src/main/java/com/mgz/afp/parser/AFPParser.java:95: Line is longer than 100 characters (found 124). [LineLength]
[ant:checkstyle] [WARN] /app/src/main/java/com/mgz/afp/parser/AFPParser.java:96: Line is longer than 100 characters (found 111). [LineLength]
[ant:checkstyle] [WARN] /app/src/main/java/com/mgz/afp/parser/AFPParser.java:97: Line is longer than 100 characters (found 111). [LineLength]
[ant:checkstyle] [WARN] /app/src/main/java/com/mgz/afp/parser/AFPParser.java:103: Line is longer than 100 characters (found 103). [LineLength]
[ant:checkstyle] [WARN] /app/src/main/java/com/mgz/afp/parser/AFPParser.java:104: Line is longer than 100 characters (found 138). [LineLength]
[ant:checkstyle] [WARN] /app/src/main/java/com/mgz/afp/parser/AFPParser.java:105: Line is longer than 100 characters (found 115). [LineLength]
[ant:checkstyle] [WARN] /app/src/main/java/com/mgz/afp/parser/AFPParser.java:107: Line is longer than 100 characters (found 111). [LineLength]
[ant:checkstyle] [WARN] /app/src/main/java/com/mgz/afp/parser/AFPParser.java:110: Line is longer than 100 characters (found 119). [LineLength]
[ant:checkstyle] [WARN] /app/src/main/java/com/mgz/afp/parser/AFPParser.java:114: Line is longer than 100 characters (found 124). [LineLength]
[ant:checkstyle] [WARN] /app/src/main/java/com/mgz/afp/parser/AFPParser.java:115: Line is longer than 100 characters (found 111). [LineLength]
[ant:checkstyle] [WARN] /app/src/main/java/com/mgz/afp/parser/AFPParser.java:124: Line is longer than 100 characters (found 101). [LineLength]
[ant:checkstyle] [WARN] /app/src/main/java/com/mgz/afp/parser/AFPParser.java:125: Line is longer than 100 characters (found 115). [LineLength]
[ant:checkstyle] [WARN] /app/src/main/java/com/mgz/afp/parser/AFPParser.java:130: Line is longer than 100 characters (found 115). [LineLength]
[ant:checkstyle] [WARN] /app/src/main/java/com/mgz/afp/parser/AFPParser.java:133: Line is longer than 100 characters (found 119). [LineLength]
[ant:checkstyle] [WARN] /app/src/main/java/com/mgz/afp/parser/AFPParser.java:136: Line is longer than 100 characters (found 125). [LineLength]
[ant:checkstyle] [WARN] /app/src/main/java/com/mgz/afp/parser/AFPParser.java:146: Line is longer than 100 characters (found 108). [LineLength]
[ant:checkstyle] [WARN] /app/src/main/java/com/mgz/afp/parser/AFPParser.java:147: Line is longer than 100 characters (found 103). [LineLength]
[ant:checkstyle] [WARN] /app/src/main/java/com/mgz/afp/parser/AFPParser.java:148: Line is longer than 100 characters (found 102). [LineLength]
[ant:checkstyle] [WARN] /app/src/main/java/com/mgz/afp/parser/AFPParser.java:151: Line is longer than 100 characters (found 109). [LineLength]
[ant:checkstyle] [WARN] /app/src/main/java/com/mgz/afp/parser/AFPParser.java:154: Line is longer than 100 characters (found 105). [LineLength]
[ant:checkstyle] [WARN] /app/src/main/java/com/mgz/afp/parser/AFPParser.java:157: Line is longer than 100 characters (found 101). [LineLength]
[ant:checkstyle] [WARN] /app/src/main/java/com/mgz/afp/parser/AFPParser.java:158: Line is longer than 100 characters (found 101). [LineLength]
[ant:checkstyle] [WARN] /app/src/main/java/com/mgz/afp/parser/AFPParser.java:160: Line is longer than 100 characters (found 101). [LineLength]
[ant:checkstyle] [WARN] /app/src/main/java/com/mgz/afp/parser/AFPParser.java:161: Line is longer than 100 characters (found 106). [LineLength]
[ant:checkstyle] [WARN] /app/src/main/java/com/mgz/afp/parser/AFPParser.java:164: Line is longer than 100 characters (found 111). [LineLength]
[ant:checkstyle] [WARN] /app/src/main/java/com/mgz/afp/parser/AFPParser.java:167: Line is longer than 100 characters (found 105). [LineLength]
[ant:checkstyle] [WARN] /app/src/main/java/com/mgz/afp/parser/AFPParser.java:168: Line is longer than 100 characters (found 105). [LineLength]
[ant:checkstyle] [WARN] /app/src/main/java/com/mgz/afp/parser/AFPParser.java:171: Line is longer than 100 characters (found 109). [LineLength]
[ant:checkstyle] [WARN] /app/src/main/java/com/mgz/afp/parser/AFPParser.java:174: Line is longer than 100 characters (found 115). [LineLength]
[ant:checkstyle] [WARN] /app/src/main/java/com/mgz/afp/parser/AFPParser.java:175: Line is longer than 100 characters (found 103). [LineLength]
[ant:checkstyle] [WARN] /app/src/main/java/com/mgz/afp/parser/AFPParser.java:181: Line is longer than 100 characters (found 103). [LineLength]
[ant:checkstyle] [WARN] /app/src/main/java/com/mgz/afp/parser/AFPParser.java:184: Line is longer than 100 characters (found 105). [LineLength]
[ant:checkstyle] [WARN] /app/src/main/java/com/mgz/afp/parser/AFPParser.java:185: Line is longer than 100 characters (found 101). [LineLength]
[ant:checkstyle] [WARN] /app/src/main/java/com/mgz/afp/parser/AFPParser.java:186: Line is longer than 100 characters (found 103). [LineLength]
[ant:checkstyle] [WARN] /app/src/main/java/com/mgz/afp/parser/AFPParser.java:187: Line is longer than 100 characters (found 125). [LineLength]
[ant:checkstyle] [WARN] /app/src/main/java/com/mgz/afp/parser/AFPParser.java:188: Line is longer than 100 characters (found 119). [LineLength]
[ant:checkstyle] [WARN] /app/src/main/java/com/mgz/afp/parser/AFPParser.java:190: Line is longer than 100 characters (found 105). [LineLength]
[ant:checkstyle] [WARN] /app/src/main/java/com/mgz/afp/parser/AFPParser.java:191: Line is longer than 100 characters (found 105). [LineLength]
[ant:checkstyle] [WARN] /app/src/main/java/com/mgz/afp/parser/AFPParser.java:192: Line is longer than 100 characters (found 111). [LineLength]
[ant:checkstyle] [WARN] /app/src/main/java/com/mgz/afp/parser/AFPParser.java:193: Line is longer than 100 characters (found 121). [LineLength]
[ant:checkstyle] [WARN] /app/src/main/java/com/mgz/afp/parser/AFPParser.java:194: Line is longer than 100 characters (found 141). [LineLength]
[ant:checkstyle] [WARN] /app/src/main/java/com/mgz/afp/parser/AFPParser.java:195: Line is longer than 100 characters (found 141). [LineLength]
[ant:checkstyle] [WARN] /app/src/main/java/com/mgz/afp/parser/AFPParser.java:196: Line is longer than 100 characters (found 105). [LineLength]
[ant:checkstyle] [WARN] /app/src/main/java/com/mgz/afp/parser/AFPParser.java:208:3: 'VARIABLE_DEF' should be separated from previous line. [EmptyLineSeparator]
[ant:checkstyle] [WARN] /app/src/main/java/com/mgz/afp/parser/AFPParser.java:210:8: Abbreviation in name 'nrOfSFBuilt' must contain no more than '1' consecutive capital letters. [AbbreviationAsWordInName]
[ant:checkstyle] [WARN] /app/src/main/java/com/mgz/afp/parser/AFPParser.java:211:8: Abbreviation in name 'nrOfErrSFBuilt' must contain no more than '1' consecutive capital letters. [AbbreviationAsWordInName]
[ant:checkstyle] [WARN] /app/src/main/java/com/mgz/afp/parser/AFPParser.java:231:33: Abbreviation in name 'createSFInstance' must contain no more than '1' consecutive capital letters. [AbbreviationAsWordInName]
[ant:checkstyle] [WARN] /app/src/main/java/com/mgz/afp/parser/AFPParser.java:254: Line is longer than 100 characters (found 108). [LineLength]
[ant:checkstyle] [WARN] /app/src/main/java/com/mgz/afp/parser/AFPParser.java:274: Line is longer than 100 characters (found 159). [LineLength]
[ant:checkstyle] [WARN] /app/src/main/java/com/mgz/afp/parser/AFPParser.java:276: Line is longer than 100 characters (found 116). [LineLength]
[ant:checkstyle] [WARN] /app/src/main/java/com/mgz/afp/parser/AFPParser.java:277: Line is longer than 100 characters (found 109). [LineLength]
[ant:checkstyle] [WARN] /app/src/main/java/com/mgz/afp/parser/AFPParser.java:286: Line is longer than 100 characters (found 102). [LineLength]
[ant:checkstyle] [WARN] /app/src/main/java/com/mgz/afp/parser/AFPParser.java:288:13: Abbreviation in name 'lenOfSFData' must contain no more than '1' consecutive capital letters. [AbbreviationAsWordInName]
[ant:checkstyle] [WARN] /app/src/main/java/com/mgz/afp/parser/AFPParser.java:316: Line is longer than 100 characters (found 146). [LineLength]
[ant:checkstyle] [WARN] /app/src/main/java/com/mgz/afp/parser/AFPParser.java:321: Line is longer than 100 characters (found 107). [LineLength]
[ant:checkstyle] [WARN] /app/src/main/java/com/mgz/afp/parser/AFPParser.java:321:12: Abbreviation in name 'lenSFI' must contain no more than '1' consecutive capital letters. [AbbreviationAsWordInName]
[ant:checkstyle] [WARN] /app/src/main/java/com/mgz/afp/parser/AFPParser.java:326: Line is longer than 100 characters (found 111). [LineLength]
[ant:checkstyle] [WARN] /app/src/main/java/com/mgz/afp/parser/AFPParser.java:351:15: Abbreviation in name 'lenOfSFData' must contain no more than '1' consecutive capital letters. [AbbreviationAsWordInName]
[ant:checkstyle] [WARN] /app/src/main/java/com/mgz/afp/parser/AFPParser.java:386:32: Abbreviation in name 'parseNextSF' must contain no more than '1' consecutive capital letters. [AbbreviationAsWordInName]
[ant:checkstyle] [WARN] /app/src/main/java/com/mgz/afp/parser/AFPParser.java:398:27: Abbreviation in name 'parseNextSFFromBuffer' must contain no more than '1' consecutive capital letters. [AbbreviationAsWordInName]
[ant:checkstyle] [WARN] /app/src/main/java/com/mgz/afp/parser/AFPParser.java:399:5: Distance between variable 'sfi' declaration and its first usage is 4, but allowed 3.  Consider making that variable final if you still need to store its value in advance (before method calls that might have side effects on the original value). [VariableDeclarationUsageDistance]
[ant:checkstyle] [WARN] /app/src/main/java/com/mgz/afp/parser/AFPParser.java:400:5: Distance between variable 'errSf' declaration and its first usage is 4, but allowed 3.  Consider making that variable final if you still need to store its value in advance (before method calls that might have side effects on the original value). [VariableDeclarationUsageDistance]
[ant:checkstyle] [WARN] /app/src/main/java/com/mgz/afp/parser/AFPParser.java:447: Line is longer than 100 characters (found 111). [LineLength]
[ant:checkstyle] [WARN] /app/src/main/java/com/mgz/afp/parser/AFPParser.java:459:15: Abbreviation in name 'lenOfSFData' must contain no more than '1' consecutive capital letters. [AbbreviationAsWordInName]
[ant:checkstyle] [WARN] /app/src/main/java/com/mgz/afp/parser/AFPParser.java:464: Line is longer than 100 characters (found 106). [LineLength]
[ant:checkstyle] [WARN] /app/src/main/java/com/mgz/afp/parser/AFPParser.java:467: Line is longer than 100 characters (found 101). [LineLength]
[ant:checkstyle] [WARN] /app/src/main/java/com/mgz/afp/parser/AFPParser.java:522:27: Abbreviation in name 'parseNextSFFromStream' must contain no more than '1' consecutive capital letters. [AbbreviationAsWordInName]
[ant:checkstyle] [WARN] /app/src/main/java/com/mgz/afp/parser/AFPParser.java:557: Line is longer than 100 characters (found 196). [LineLength]
[ant:checkstyle] [WARN] /app/src/main/java/com/mgz/afp/parser/AFPParser.java:579: Line is longer than 100 characters (found 113). [LineLength]
[ant:checkstyle] [WARN] /app/src/main/java/com/mgz/afp/parser/AFPParser.java:603: Line is longer than 100 characters (found 102). [LineLength]
[ant:checkstyle] [WARN] /app/src/main/java/com/mgz/afp/parser/AFPParser.java:613: Line is longer than 100 characters (found 103). [LineLength]
[ant:checkstyle] [WARN] /app/src/main/java/com/mgz/afp/parser/AFPParser.java:616:21: Abbreviation in name 'lenOfSFData' must contain no more than '1' consecutive capital letters. [AbbreviationAsWordInName]
[ant:checkstyle] [WARN] /app/src/main/java/com/mgz/afp/parser/AFPParser.java:682: Line is longer than 100 characters (found 181). [LineLength]
[ant:checkstyle] [WARN] /app/src/main/java/com/mgz/afp/parser/AFPParser.java:711: Empty blocks should have no spaces. Empty blocks                                    may only be represented as {} when not part of a                                    multi-block statement (4.1.3) [RegexpSinglelineJava]
[ant:checkstyle] [WARN] /app/src/main/java/com/mgz/afp/parser/AFPParser.java:724:16: Abbreviation in name 'handleMCF1' must contain no more than '1' consecutive capital letters. [AbbreviationAsWordInName]
[ant:checkstyle] [WARN] /app/src/main/java/com/mgz/afp/parser/AFPParser.java:738:16: Abbreviation in name 'handleMCF2' must contain no more than '1' consecutive capital letters. [AbbreviationAsWordInName]
[ant:checkstyle] [WARN] /app/src/main/java/com/mgz/afp/parser/AFPParser.java:752: Line is longer than 100 characters (found 106). [LineLength]
[ant:checkstyle] [WARN] /app/src/main/java/com/mgz/afp/parser/AFPParser.java:768:16: Abbreviation in name 'handleMDR' must contain no more than '1' consecutive capital letters. [AbbreviationAsWordInName]
[ant:checkstyle] [WARN] /app/src/main/java/com/mgz/afp/parser/AFPParser.java:782: Line is longer than 100 characters (found 106). [LineLength]
[ant:checkstyle] [WARN] /app/src/main/java/com/mgz/afp/parser/AFPParser.java:842:15: Abbreviation in name 'getNrOfSFBuilt' must contain no more than '1' consecutive capital letters. [AbbreviationAsWordInName]
[ant:checkstyle] [WARN] /app/src/main/java/com/mgz/afp/parser/AFPParser.java:851:15: Abbreviation in name 'getNrOfSFBuiltWithErrors' must contain no more than '1' consecutive capital letters. [AbbreviationAsWordInName]
[ant:checkstyle] [WARN] /app/src/main/java/com/mgz/afp/parser/AFPParserConfiguration.java:30:1: Extra separation in import group before 'java.io.BufferedInputStream' [CustomImportOrder]
[ant:checkstyle] [WARN] /app/src/main/java/com/mgz/afp/parser/AFPParserConfiguration.java:35:1: Wrong lexicographical order for 'com.mgz.util.MnemonicPerformanceMonitor' import. Should be before 'java.io.InputStream'. [CustomImportOrder]
[ant:checkstyle] [WARN] /app/src/main/java/com/mgz/afp/parser/AFPParserConfiguration.java:52:14: Abbreviation in name 'AFPParserConfiguration' must contain no more than '1' consecutive capital letters. [AbbreviationAsWordInName]
[ant:checkstyle] [WARN] /app/src/main/java/com/mgz/afp/parser/AFPParserConfiguration.java:140: Line is longer than 100 characters (found 148). [LineLength]
[ant:checkstyle] [WARN] /app/src/main/java/com/mgz/afp/parser/AFPParserConfiguration.java:205:33: Abbreviation in name 'getCurrentCPD_CodePageDescriptor' must contain no more than '1' consecutive capital letters. [AbbreviationAsWordInName]
[ant:checkstyle] [WARN] /app/src/main/java/com/mgz/afp/parser/AFPParserConfiguration.java:205:33: Method name 'getCurrentCPD_CodePageDescriptor' must match pattern '^(?![a-z]$)(?![a-z][A-Z])[a-z][a-z0-9]*(?:[A-Z][a-z0-9]*)*(?:_[0-9]+)*$'. [MethodName]
[ant:checkstyle] [WARN] /app/src/main/java/com/mgz/afp/parser/AFPParserConfiguration.java:286: Line is longer than 100 characters (found 110). [LineLength]
[ant:checkstyle] [WARN] /app/src/main/java/com/mgz/afp/parser/AFPParserConfiguration.java:291: Line is longer than 100 characters (found 110). [LineLength]
[ant:checkstyle] [WARN] /app/src/main/java/com/mgz/afp/parser/AFPParserConfiguration.java:305: Line is longer than 100 characters (found 102). [LineLength]
[ant:checkstyle] [WARN] /app/src/main/java/com/mgz/afp/parser/AFPParserConfiguration.java:374:18: Abbreviation in name 'getCharsetForLID' must contain no more than '1' consecutive capital letters. [AbbreviationAsWordInName]
[ant:checkstyle] [WARN] /app/src/main/java/com/mgz/afp/parser/AFPParserConfiguration.java:393:15: Abbreviation in name 'getAFPFile' must contain no more than '1' consecutive capital letters. [AbbreviationAsWordInName]
[ant:checkstyle] [WARN] /app/src/main/java/com/mgz/afp/parser/AFPParserConfiguration.java:402:15: Abbreviation in name 'setAFPFile' must contain no more than '1' consecutive capital letters. [AbbreviationAsWordInName]
[ant:checkstyle] [WARN] /app/src/main/java/com/mgz/afp/parser/AFPParserConfiguration.java:461:15: Abbreviation in name 'resetCurrentAFPObjects' must contain no more than '1' consecutive capital letters. [AbbreviationAsWordInName]
[ant:checkstyle] [WARN] /app/src/main/java/com/mgz/afp/parser/ParallelAfpConverter.java:28:1: Wrong lexicographical order for 'com.mgz.afp.base.handler.OrderedResultCollector' import. Should be before 'com.mgz.util.PTXPerformanceMonitor'. [CustomImportOrder]
[ant:checkstyle] [WARN] /app/src/main/java/com/mgz/afp/parser/ParallelAfpConverter.java:58: Line is longer than 100 characters (found 109). [LineLength]
[ant:checkstyle] [WARN] /app/src/main/java/com/mgz/afp/parser/ParallelAfpConverter.java:79: Line is longer than 100 characters (found 116). [LineLength]
[ant:checkstyle] [WARN] /app/src/main/java/com/mgz/afp/parser/ParallelAfpConverter.java:103: Line is longer than 100 characters (found 106). [LineLength]
[ant:checkstyle] [WARN] /app/src/main/java/com/mgz/afp/parser/ParallelAfpConverter.java:112: Line is longer than 100 characters (found 110). [LineLength]
[ant:checkstyle] [WARN] /app/src/main/java/com/mgz/afp/parser/ParallelAfpConverter.java:139: Line is longer than 100 characters (found 119). [LineLength]
[ant:checkstyle] [WARN] /app/src/main/java/com/mgz/afp/parser/ParallelAfpConverter.java:185: Line is longer than 100 characters (found 101). [LineLength]
[ant:checkstyle] [WARN] /app/src/main/java/com/mgz/afp/base/StructuredFieldBaseRepeatingGroups.java:25:1: Extra separation in import group before 'com.mgz.afp.base.annotations.AFPField' [CustomImportOrder]
[ant:checkstyle] [WARN] /app/src/main/java/com/mgz/afp/base/StructuredFieldBaseRepeatingGroups.java:27:1: Extra separation in import group before 'java.util.ArrayList' [CustomImportOrder]
[ant:checkstyle] [WARN] /app/src/main/java/com/mgz/afp/base/StructuredFieldBaseRepeatingGroups.java:30: Line is longer than 100 characters (found 113). [LineLength]
[ant:checkstyle] [WARN] /app/src/main/java/com/mgz/afp/base/StructuredFieldBaseRepeatingGroups.java:30:1: Missing a Javadoc comment. [MissingJavadocType]
[ant:checkstyle] [WARN] /app/src/main/java/com/mgz/afp/base/StructuredFieldBaseNameAndTriplets.java:25:1: Extra separation in import group before 'com.mgz.afp.base.annotations.AFPField' [CustomImportOrder]
[ant:checkstyle] [WARN] /app/src/main/java/com/mgz/afp/base/StructuredFieldBaseNameAndTriplets.java:27:1: Extra separation in import group before 'com.mgz.afp.exceptions.AFPParserException' [CustomImportOrder]
[ant:checkstyle] [WARN] /app/src/main/java/com/mgz/afp/base/StructuredFieldBaseNameAndTriplets.java:34:1: Extra separation in import group before 'java.io.ByteArrayOutputStream' [CustomImportOrder]
[ant:checkstyle] [WARN] /app/src/main/java/com/mgz/afp/base/StructuredFieldBaseNameAndTriplets.java:40: Line is longer than 100 characters (found 114). [LineLength]
[ant:checkstyle] [WARN] /app/src/main/java/com/mgz/afp/base/StructuredFieldBaseNameAndTriplets.java:40:1: Missing a Javadoc comment. [MissingJavadocType]
[ant:checkstyle] [WARN] /app/src/main/java/com/mgz/afp/base/StructuredFieldBaseNameAndTriplets.java:86: Line is longer than 100 characters (found 121). [LineLength]
[ant:checkstyle] [WARN] /app/src/main/java/com/mgz/afp/base/StructuredFieldBaseNameAndTriplets.java:100: Line is longer than 100 characters (found 119). [LineLength]
[ant:checkstyle] [WARN] /app/src/main/java/com/mgz/afp/base/RepeatingGroupPool.java:36: Line is longer than 100 characters (found 125). [LineLength]
[ant:checkstyle] [WARN] /app/src/main/java/com/mgz/afp/base/RepeatingGroupPool.java:38: Line is longer than 100 characters (found 108). [LineLength]
[ant:checkstyle] [WARN] /app/src/main/java/com/mgz/afp/base/RepeatingGroupPool.java:84: Line is longer than 100 characters (found 108). [LineLength]
[ant:checkstyle] [WARN] /app/src/main/java/com/mgz/afp/base/StructuredField.java:24:1: Extra separation in import group before 'com.mgz.afp.base.annotations.AFPField' [CustomImportOrder]
[ant:checkstyle] [WARN] /app/src/main/java/com/mgz/afp/base/StructuredField.java:35:1: Wrong lexicographical order for 'com.mgz.afp.goca.DrawingOrderPool' import. Should be before 'com.mgz.afp.parser.AFPParserConfiguration'. [CustomImportOrder]
[ant:checkstyle] [WARN] /app/src/main/java/com/mgz/afp/base/StructuredField.java:36:1: Wrong lexicographical order for 'com.mgz.afp.goca.GAD_DrawingOrder' import. Should be before 'com.mgz.afp.parser.AFPParserConfiguration'. [CustomImportOrder]
[ant:checkstyle] [WARN] /app/src/main/java/com/mgz/afp/base/StructuredField.java:37:1: Wrong lexicographical order for 'com.mgz.afp.ioca.IPD_Segment' import. Should be before 'com.mgz.afp.parser.AFPParserConfiguration'. [CustomImportOrder]
[ant:checkstyle] [WARN] /app/src/main/java/com/mgz/afp/base/StructuredField.java:38:1: Wrong lexicographical order for 'com.mgz.afp.ioca.IpdSegmentPool' import. Should be before 'com.mgz.afp.parser.AFPParserConfiguration'. [CustomImportOrder]
[ant:checkstyle] [WARN] /app/src/main/java/com/mgz/afp/base/StructuredField.java:46:1: Extra separation in import group before 'java.io.ByteArrayOutputStream' [CustomImportOrder]
[ant:checkstyle] [WARN] /app/src/main/java/com/mgz/afp/base/StructuredField.java:79: Line is longer than 100 characters (found 118). [LineLength]
[ant:checkstyle] [WARN] /app/src/main/java/com/mgz/afp/base/StructuredField.java:79:3: Missing a Javadoc comment. [MissingJavadocMethod]
[ant:checkstyle] [WARN] /app/src/main/java/com/mgz/afp/base/StructuredField.java:87: Line is longer than 100 characters (found 102). [LineLength]
[ant:checkstyle] [WARN] /app/src/main/java/com/mgz/afp/base/StructuredField.java:90: Line is longer than 100 characters (found 108). [LineLength]
[ant:checkstyle] [WARN] /app/src/main/java/com/mgz/afp/base/StructuredField.java:93: Line is longer than 100 characters (found 127). [LineLength]
[ant:checkstyle] [WARN] /app/src/main/java/com/mgz/afp/base/StructuredField.java:103:22: Distance between variable 'type' declaration and its first usage is 6, but allowed 3.  Consider making that variable final if you still need to store its value in advance (before method calls that might have side effects on the original value). [VariableDeclarationUsageDistance]
[ant:checkstyle] [WARN] /app/src/main/java/com/mgz/afp/base/StructuredField.java:106:38: Pattern variable name 'iHasTriplets' must match pattern '^(_|[a-z]([a-z0-9][a-zA-Z0-9]*)?)$'. [PatternVariableName]
[ant:checkstyle] [WARN] /app/src/main/java/com/mgz/afp/base/StructuredField.java:116:45: Pattern variable name 'iHasRepeatingGroups' must match pattern '^(_|[a-z]([a-z0-9][a-zA-Z0-9]*)?)$'. [PatternVariableName]
[ant:checkstyle] [WARN] /app/src/main/java/com/mgz/afp/base/StructuredField.java:120:45: Pattern variable name 'iHasTripletsGroup' must match pattern '^(_|[a-z]([a-z0-9][a-zA-Z0-9]*)?)$'. [PatternVariableName]
[ant:checkstyle] [WARN] /app/src/main/java/com/mgz/afp/base/StructuredField.java:136: Line is longer than 100 characters (found 119). [LineLength]
[ant:checkstyle] [WARN] /app/src/main/java/com/mgz/afp/base/StructuredField.java:143: Line is longer than 100 characters (found 113). [LineLength]
[ant:checkstyle] [WARN] /app/src/main/java/com/mgz/afp/base/StructuredField.java:173: Line is longer than 100 characters (found 129). [LineLength]
[ant:checkstyle] [WARN] /app/src/main/java/com/mgz/afp/base/StructuredField.java:173:3: Missing a Javadoc comment. [MissingJavadocMethod]
[ant:checkstyle] [WARN] /app/src/main/java/com/mgz/afp/base/StructuredField.java:173:24: Abbreviation in name 'decodeAFP' must contain no more than '1' consecutive capital letters. [AbbreviationAsWordInName]
[ant:checkstyle] [WARN] /app/src/main/java/com/mgz/afp/base/StructuredField.java:175:3: Missing a Javadoc comment. [MissingJavadocMethod]
[ant:checkstyle] [WARN] /app/src/main/java/com/mgz/afp/base/StructuredField.java:175:24: Abbreviation in name 'writeAFP' must contain no more than '1' consecutive capital letters. [AbbreviationAsWordInName]
[ant:checkstyle] [WARN] /app/src/main/java/com/mgz/afp/base/StructuredField.java:202: Line continuation have incorrect indentation level, expected level should be 4. [JavadocTagContinuationIndentation]
[ant:checkstyle] [WARN] /app/src/main/java/com/mgz/afp/base/StructuredField.java:259: Line is longer than 100 characters (found 118). [LineLength]
[ant:checkstyle] [WARN] /app/src/main/java/com/mgz/afp/base/StructuredField.java:259:67: Abbreviation in name 'netPayloadWithoutSFIandPadding' must contain no more than '1' consecutive capital letters. [AbbreviationAsWordInName]
[ant:checkstyle] [WARN] /app/src/main/java/com/mgz/afp/base/StructuredField.java:276: Line is longer than 100 characters (found 103). [LineLength]
[ant:checkstyle] [WARN] /app/src/main/java/com/mgz/afp/base/StructuredField.java:304: Line is longer than 100 characters (found 111). [LineLength]
[ant:checkstyle] [WARN] /app/src/main/java/com/mgz/afp/base/StructuredField.java:306: Line is longer than 100 characters (found 108). [LineLength]
[ant:checkstyle] [WARN] /app/src/main/java/com/mgz/afp/base/StructuredField.java:307: Line is longer than 100 characters (found 124). [LineLength]
[ant:checkstyle] [WARN] /app/src/main/java/com/mgz/afp/base/StructuredField.java:316: Line is longer than 100 characters (found 111). [LineLength]
[ant:checkstyle] [WARN] /app/src/main/java/com/mgz/afp/base/StructuredField.java:333: Line is longer than 100 characters (found 123). [LineLength]
[ant:checkstyle] [WARN] /app/src/main/java/com/mgz/afp/base/StructuredField.java:356: Line continuation have incorrect indentation level, expected level should be 4. [JavadocTagContinuationIndentation]
[ant:checkstyle] [WARN] /app/src/main/java/com/mgz/afp/base/StructuredField.java:358:18: Abbreviation in name 'isBeginSF' must contain no more than '1' consecutive capital letters. [AbbreviationAsWordInName]
[ant:checkstyle] [WARN] /app/src/main/java/com/mgz/afp/base/StructuredField.java:359: Line is longer than 100 characters (found 158). [LineLength]
[ant:checkstyle] [WARN] /app/src/main/java/com/mgz/afp/base/StructuredField.java:374: Line continuation have incorrect indentation level, expected level should be 4. [JavadocTagContinuationIndentation]
[ant:checkstyle] [WARN] /app/src/main/java/com/mgz/afp/base/StructuredField.java:376:18: Abbreviation in name 'isEndSF' must contain no more than '1' consecutive capital letters. [AbbreviationAsWordInName]
[ant:checkstyle] [WARN] /app/src/main/java/com/mgz/afp/base/StructuredField.java:377: Line is longer than 100 characters (found 158). [LineLength]
[ant:checkstyle] [WARN] /app/src/main/java/com/mgz/afp/base/StructuredField.java:384:3: Missing a Javadoc comment. [MissingJavadocMethod]
[ant:checkstyle] [WARN] /app/src/main/java/com/mgz/afp/base/StructuredFieldBaseDataPool.java:33: Line is longer than 100 characters (found 110). [LineLength]
[ant:checkstyle] [WARN] /app/src/main/java/com/mgz/afp/base/StructuredFieldBaseData.java:25:1: Extra separation in import group before 'com.mgz.afp.base.annotations.AFPField' [CustomImportOrder]
[ant:checkstyle] [WARN] /app/src/main/java/com/mgz/afp/base/StructuredFieldBaseData.java:31:1: Extra separation in import group before 'java.io.IOException' [CustomImportOrder]
[ant:checkstyle] [WARN] /app/src/main/java/com/mgz/afp/base/StructuredFieldBaseData.java:60: Line is longer than 100 characters (found 121). [LineLength]
[ant:checkstyle] [WARN] /app/src/main/java/com/mgz/afp/base/StructuredFieldBaseData.java:75: Line is longer than 100 characters (found 134). [LineLength]
[ant:checkstyle] [WARN] /app/src/main/java/com/mgz/afp/base/StructuredFieldBaseData.java:78: Line is longer than 100 characters (found 111). [LineLength]
[ant:checkstyle] [WARN] /app/src/main/java/com/mgz/afp/base/StructuredFieldBaseData.java:101:3: Missing a Javadoc comment. [MissingJavadocMethod]
[ant:checkstyle] [WARN] /app/src/main/java/com/mgz/afp/base/StructuredFieldBaseData.java:115:3: Missing a Javadoc comment. [MissingJavadocMethod]
[ant:checkstyle] [WARN] /app/src/main/java/com/mgz/afp/base/Undefined.java:26:1: Extra separation in import group before 'java.io.IOException' [CustomImportOrder]
[ant:checkstyle] [WARN] /app/src/main/java/com/mgz/afp/base/Undefined.java:30:1: Missing a Javadoc comment. [MissingJavadocType]
[ant:checkstyle] [WARN] /app/src/main/java/com/mgz/afp/base/Undefined.java:30:1: 'CLASS_DEF' has more than 1 empty lines before. [EmptyLineSeparator]
[ant:checkstyle] [WARN] /app/src/main/java/com/mgz/afp/base/Undefined.java:35: Line is longer than 100 characters (found 121). [LineLength]
[ant:checkstyle] [WARN] /app/src/main/java/com/mgz/afp/base/IRepeatingGroup.java:24:1: Missing a Javadoc comment. [MissingJavadocType]
[ant:checkstyle] [WARN] /app/src/main/java/com/mgz/afp/base/IRepeatingGroup.java:24:18: Abbreviation in name 'IRepeatingGroup' must contain no more than '1' consecutive capital letters. [AbbreviationAsWordInName]
[ant:checkstyle] [WARN] /app/src/main/java/com/mgz/afp/base/StructuredFieldPool.java:37: Line is longer than 100 characters (found 101). [LineLength]
[ant:checkstyle] [WARN] /app/src/main/java/com/mgz/afp/base/StructuredFieldPool.java:84: Line is longer than 100 characters (found 107). [LineLength]
[ant:checkstyle] [WARN] /app/src/main/java/com/mgz/afp/base/annotations/AFPField.java:29:19: Abbreviation in name 'AFPField' must contain no more than '1' consecutive capital letters. [AbbreviationAsWordInName]
[ant:checkstyle] [WARN] /app/src/main/java/com/mgz/afp/base/annotations/AFPType.java:13:19: Abbreviation in name 'AFPType' must contain no more than '1' consecutive capital letters. [AbbreviationAsWordInName]
[ant:checkstyle] [WARN] /app/src/main/java/com/mgz/afp/base/SfiPool.java:33: Line is longer than 100 characters (found 112). [LineLength]
[ant:checkstyle] [WARN] /app/src/main/java/com/mgz/afp/base/RepeatingGroupWithTriplets.java:25:1: Extra separation in import group before 'com.mgz.afp.exceptions.AFPParserException' [CustomImportOrder]
[ant:checkstyle] [WARN] /app/src/main/java/com/mgz/afp/base/RepeatingGroupWithTriplets.java:31:1: Extra separation in import group before 'java.io.IOException' [CustomImportOrder]
[ant:checkstyle] [WARN] /app/src/main/java/com/mgz/afp/base/RepeatingGroupWithTriplets.java:36:1: Missing a Javadoc comment. [MissingJavadocType]
[ant:checkstyle] [WARN] /app/src/main/java/com/mgz/afp/base/RepeatingGroupWithTriplets.java:58: Line is longer than 100 characters (found 121). [LineLength]
[ant:checkstyle] [WARN] /app/src/main/java/com/mgz/afp/base/StructuredFieldBaseName.java:24:1: Extra separation in import group before 'com.mgz.afp.base.annotations.AFPField' [CustomImportOrder]
[ant:checkstyle] [WARN] /app/src/main/java/com/mgz/afp/base/StructuredFieldBaseName.java:30:1: Extra separation in import group before 'java.io.IOException' [CustomImportOrder]
[ant:checkstyle] [WARN] /app/src/main/java/com/mgz/afp/base/StructuredFieldBaseName.java:50: Line is longer than 100 characters (found 121). [LineLength]
[ant:checkstyle] [WARN] /app/src/main/java/com/mgz/afp/base/StructuredFieldBaseName.java:63: Line is longer than 100 characters (found 110). [LineLength]
[ant:checkstyle] [WARN] /app/src/main/java/com/mgz/afp/base/StructuredFieldIntroducer.java:29:1: Extra separation in import group before 'java.io.ByteArrayOutputStream' [CustomImportOrder]
[ant:checkstyle] [WARN] /app/src/main/java/com/mgz/afp/base/StructuredFieldIntroducer.java:48:12: Abbreviation in name 'sfTypeID' must contain no more than '1' consecutive capital letters. [AbbreviationAsWordInName]
[ant:checkstyle] [WARN] /app/src/main/java/com/mgz/afp/base/StructuredFieldIntroducer.java:79:3: Missing a Javadoc comment. [MissingJavadocMethod]
[ant:checkstyle] [WARN] /app/src/main/java/com/mgz/afp/base/StructuredFieldIntroducer.java:85: Line is longer than 100 characters (found 102). [LineLength]
[ant:checkstyle] [WARN] /app/src/main/java/com/mgz/afp/base/StructuredFieldIntroducer.java:132: Line is longer than 100 characters (found 106). [LineLength]
[ant:checkstyle] [WARN] /app/src/main/java/com/mgz/afp/base/StructuredFieldIntroducer.java:134: Line is longer than 100 characters (found 116). [LineLength]
[ant:checkstyle] [WARN] /app/src/main/java/com/mgz/afp/base/StructuredFieldIntroducer.java:196:3: Missing a Javadoc comment. [MissingJavadocMethod]
[ant:checkstyle] [WARN] /app/src/main/java/com/mgz/afp/base/StructuredFieldIntroducer.java:251:3: Missing a Javadoc comment. [MissingJavadocMethod]
[ant:checkstyle] [WARN] /app/src/main/java/com/mgz/afp/base/StructuredFieldIntroducer.java:259:14: Abbreviation in name 'getSFLength' must contain no more than '1' consecutive capital letters. [AbbreviationAsWordInName]
[ant:checkstyle] [WARN] /app/src/main/java/com/mgz/afp/base/StructuredFieldIntroducer.java:263:15: Abbreviation in name 'setSFLength' must contain no more than '1' consecutive capital letters. [AbbreviationAsWordInName]
[ant:checkstyle] [WARN] /app/src/main/java/com/mgz/afp/base/StructuredFieldIntroducer.java:310:3: Missing a Javadoc comment. [MissingJavadocMethod]
[ant:checkstyle] [WARN] /app/src/main/java/com/mgz/afp/base/StructuredFieldIntroducer.java:318:3: Missing a Javadoc comment. [MissingJavadocMethod]
[ant:checkstyle] [WARN] /app/src/main/java/com/mgz/afp/base/StructuredFieldIntroducer.java:325:3: Missing a Javadoc comment. [MissingJavadocMethod]
[ant:checkstyle] [WARN] /app/src/main/java/com/mgz/afp/base/StructuredFieldIntroducer.java:333:19: Abbreviation in name 'getSFTypeID' must contain no more than '1' consecutive capital letters. [AbbreviationAsWordInName]
[ant:checkstyle] [WARN] /app/src/main/java/com/mgz/afp/base/StructuredFieldIntroducer.java:337:15: Abbreviation in name 'setSFTypeID' must contain no more than '1' consecutive capital letters. [AbbreviationAsWordInName]
[ant:checkstyle] [WARN] /app/src/main/java/com/mgz/afp/base/StructuredFieldIntroducer.java:337:36: Abbreviation in name 'sfTypeID' must contain no more than '1' consecutive capital letters. [AbbreviationAsWordInName]
[ant:checkstyle] [WARN] /app/src/main/java/com/mgz/afp/base/StructuredFieldIntroducer.java:387:41: '+' should be on a new line. [OperatorWrap]
[ant:checkstyle] [WARN] /app/src/main/java/com/mgz/afp/base/StructuredFieldIntroducer.java:388:32: '+' should be on a new line. [OperatorWrap]
[ant:checkstyle] [WARN] /app/src/main/java/com/mgz/afp/base/StructuredFieldBaseTriplets.java:25:1: Extra separation in import group before 'com.mgz.util.UtilCharacterEncoding' [CustomImportOrder]
[ant:checkstyle] [WARN] /app/src/main/java/com/mgz/afp/base/StructuredFieldBaseTriplets.java:26:1: Wrong lexicographical order for 'com.mgz.afp.base.annotations.AFPField' import. Should be before 'com.mgz.util.UtilCharacterEncoding'. [CustomImportOrder]
[ant:checkstyle] [WARN] /app/src/main/java/com/mgz/afp/base/StructuredFieldBaseTriplets.java:28:1: Extra separation in import group before 'com.mgz.afp.exceptions.AFPParserException' [CustomImportOrder]
[ant:checkstyle] [WARN] /app/src/main/java/com/mgz/afp/base/StructuredFieldBaseTriplets.java:28:1: Wrong lexicographical order for 'com.mgz.afp.exceptions.AFPParserException' import. Should be before 'com.mgz.util.UtilCharacterEncoding'. [CustomImportOrder]
[ant:checkstyle] [WARN] /app/src/main/java/com/mgz/afp/base/StructuredFieldBaseTriplets.java:29:1: Wrong lexicographical order for 'com.mgz.afp.parser.AFPParserConfiguration' import. Should be before 'com.mgz.util.UtilCharacterEncoding'. [CustomImportOrder]
[ant:checkstyle] [WARN] /app/src/main/java/com/mgz/afp/base/StructuredFieldBaseTriplets.java:30:1: Wrong lexicographical order for 'com.mgz.afp.parser.TripletParser' import. Should be before 'com.mgz.util.UtilCharacterEncoding'. [CustomImportOrder]
[ant:checkstyle] [WARN] /app/src/main/java/com/mgz/afp/base/StructuredFieldBaseTriplets.java:31:1: Wrong lexicographical order for 'com.mgz.afp.triplets.Triplet' import. Should be before 'com.mgz.util.UtilCharacterEncoding'. [CustomImportOrder]
[ant:checkstyle] [WARN] /app/src/main/java/com/mgz/afp/base/StructuredFieldBaseTriplets.java:33:1: Extra separation in import group before 'java.io.ByteArrayOutputStream' [CustomImportOrder]
[ant:checkstyle] [WARN] /app/src/main/java/com/mgz/afp/base/StructuredFieldBaseTriplets.java:39:1: Missing a Javadoc comment. [MissingJavadocType]
[ant:checkstyle] [WARN] /app/src/main/java/com/mgz/afp/base/StructuredFieldBaseTriplets.java:61:3: Missing a Javadoc comment. [MissingJavadocMethod]
[ant:checkstyle] [WARN] /app/src/main/java/com/mgz/afp/base/StructuredFieldBaseTriplets.java:80: Line is longer than 100 characters (found 121). [LineLength]
[ant:checkstyle] [WARN] /app/src/main/java/com/mgz/afp/base/handler/OrderedOutputOrchestrator.java:191: Line is longer than 100 characters (found 101). [LineLength]
[ant:checkstyle] [WARN] /app/src/main/java/com/mgz/afp/base/handler/HandlerFactory.java:61: Line is longer than 100 characters (found 102). [LineLength]
[ant:checkstyle] [WARN] /app/src/main/java/com/mgz/afp/base/handler/OrderedResultCollector.java:123: Line is longer than 100 characters (found 103). [LineLength]
[ant:checkstyle] [WARN] /app/src/main/java/com/mgz/afp/base/StructuredFieldErrornouslyBuilt.java:29: Line is longer than 100 characters (found 120). [LineLength]
[ant:checkstyle] [WARN] /app/src/main/java/com/mgz/afp/base/StructuredFieldErrornouslyBuilt.java:92: Line is longer than 100 characters (found 102). [LineLength]
[ant:checkstyle] [WARN] /app/src/main/java/com/mgz/afp/base/StructuredFieldErrornouslyBuilt.java:97: Line is longer than 100 characters (found 133). [LineLength]
[ant:checkstyle] [WARN] /app/src/main/java/com/mgz/afp/base/IHasTriplets.java:24:1: Extra separation in import group before 'java.util.List' [CustomImportOrder]
[ant:checkstyle] [WARN] /app/src/main/java/com/mgz/afp/base/IHasTriplets.java:29:18: Abbreviation in name 'IHasTriplets' must contain no more than '1' consecutive capital letters. [AbbreviationAsWordInName]
[ant:checkstyle] [WARN] /app/src/main/java/com/mgz/afp/base/AFPDocument.java:24:1: Extra separation in import group before 'java.util.ArrayList' [CustomImportOrder]
[ant:checkstyle] [WARN] /app/src/main/java/com/mgz/afp/base/AFPDocument.java:32:1: 'CLASS_DEF' has more than 1 empty lines before. [EmptyLineSeparator]
[ant:checkstyle] [WARN] /app/src/main/java/com/mgz/afp/base/AFPDocument.java:32:14: Abbreviation in name 'AFPDocument' must contain no more than '1' consecutive capital letters. [AbbreviationAsWordInName]
[ant:checkstyle] [WARN] /app/src/main/java/com/mgz/afp/base/IHasRepeatingGroups.java:24:1: Missing a Javadoc comment. [MissingJavadocType]
[ant:checkstyle] [WARN] /app/src/main/java/com/mgz/afp/base/IHasRepeatingGroups.java:24:18: Abbreviation in name 'IHasRepeatingGroups' must contain no more than '1' consecutive capital letters. [AbbreviationAsWordInName]
[ant:checkstyle] [WARN] /app/src/main/java/com/mgz/afp/base/IHasRepeatingGroups.java:25:3: Missing a Javadoc comment. [MissingJavadocMethod]
[ant:checkstyle] [WARN] /app/src/main/java/com/mgz/afp/base/IHasRepeatingGroups.java:27:3: Missing a Javadoc comment. [MissingJavadocMethod]
[ant:checkstyle] [WARN] /app/src/main/java/com/mgz/afp/base/IHasRepeatingGroups.java:29:3: Missing a Javadoc comment. [MissingJavadocMethod]
[ant:checkstyle] [WARN] /app/src/main/java/com/mgz/afp/base/IHasRepeatingGroups.java:31:3: Missing a Javadoc comment. [MissingJavadocMethod]
[ant:checkstyle] [WARN] /app/src/main/java/com/mgz/afp/base/IHasName.java:22:1: Missing a Javadoc comment. [MissingJavadocType]
[ant:checkstyle] [WARN] /app/src/main/java/com/mgz/afp/base/IHasName.java:22:18: Abbreviation in name 'IHasName' must contain no more than '1' consecutive capital letters. [AbbreviationAsWordInName]
[ant:checkstyle] [WARN] /app/src/main/java/com/mgz/afp/base/RepeatingGroupBase.java:28:1: Extra separation in import group before 'java.io.IOException' [CustomImportOrder]
[ant:checkstyle] [WARN] /app/src/main/java/com/mgz/afp/base/RepeatingGroupBase.java:31:1: Missing a Javadoc comment. [MissingJavadocType]
[ant:checkstyle] [WARN] /app/src/main/java/com/mgz/afp/base/RepeatingGroupBase.java:41: Line is longer than 100 characters (found 121). [LineLength]
[ant:checkstyle] [WARN] /app/src/main/java/com/mgz/afp/base/RepeatingGroupBase.java:44: Line is longer than 100 characters (found 114). [LineLength]
[ant:checkstyle] [WARN] /app/src/main/java/com/mgz/afp/modca/IPG_IncludePage.java:29:1: Extra separation in import group before 'java.io.ByteArrayOutputStream' [CustomImportOrder]
[ant:checkstyle] [WARN] /app/src/main/java/com/mgz/afp/modca/IPG_IncludePage.java:33:1: Missing a Javadoc comment. [MissingJavadocType]
[ant:checkstyle] [WARN] /app/src/main/java/com/mgz/afp/modca/IPG_IncludePage.java:33:14: Abbreviation in name 'IPG_IncludePage' must contain no more than '1' consecutive capital letters. [AbbreviationAsWordInName]
[ant:checkstyle] [WARN] /app/src/main/java/com/mgz/afp/modca/IPG_IncludePage.java:33:14: Type name 'IPG_IncludePage' must match pattern '^[A-Z][a-zA-Z0-9]*(?:[0-9](?:_[0-9]+)*)?$'. [TypeName]
[ant:checkstyle] [WARN] /app/src/main/java/com/mgz/afp/modca/IPG_IncludePage.java:39: Line is longer than 100 characters (found 121). [LineLength]
[ant:checkstyle] [WARN] /app/src/main/java/com/mgz/afp/modca/IPG_IncludePage.java:52: Line is longer than 100 characters (found 121). [LineLength]
[ant:checkstyle] [WARN] /app/src/main/java/com/mgz/afp/modca/IPG_IncludePage.java:73:38: Parameter name 'reserved8_15' must match pattern '^[a-z]([a-z0-9][a-zA-Z0-9]*)?$'. [ParameterName]
[ant:checkstyle] [WARN] /app/src/main/java/com/mgz/afp/modca/IPG_IncludePage.java:85:3: Missing a Javadoc comment. [MissingJavadocType]
[ant:checkstyle] [WARN] /app/src/main/java/com/mgz/afp/modca/IPG_IncludePage.java:85:15: Abbreviation in name 'IPG_Flag' must contain no more than '1' consecutive capital letters. [AbbreviationAsWordInName]
[ant:checkstyle] [WARN] /app/src/main/java/com/mgz/afp/modca/IPG_IncludePage.java:85:15: Type name 'IPG_Flag' must match pattern '^[A-Z][a-zA-Z0-9]*$'. [TypeName]
[ant:checkstyle] [WARN] /app/src/main/java/com/mgz/afp/modca/IPG_IncludePage.java:89:5: Missing a Javadoc comment. [MissingJavadocMethod]
[ant:checkstyle] [WARN] /app/src/main/java/com/mgz/afp/modca/IPG_IncludePage.java:97:5: Missing a Javadoc comment. [MissingJavadocMethod]
[ant:checkstyle] [WARN] /app/src/main/java/com/mgz/afp/modca/OBD_ObjectAreaDescriptor.java:28:14: Abbreviation in name 'OBD_ObjectAreaDescriptor' must contain no more than '1' consecutive capital letters. [AbbreviationAsWordInName]
[ant:checkstyle] [WARN] /app/src/main/java/com/mgz/afp/modca/OBD_ObjectAreaDescriptor.java:28:14: Type name 'OBD_ObjectAreaDescriptor' must match pattern '^[A-Z][a-zA-Z0-9]*(?:[0-9](?:_[0-9]+)*)?$'. [TypeName]
[ant:checkstyle] [WARN] /app/src/main/java/com/mgz/afp/modca/MPO_MapPageOverlay.java:21:1: 'package' has more than 1 empty lines before. [EmptyLineSeparator]
[ant:checkstyle] [WARN] /app/src/main/java/com/mgz/afp/modca/MPO_MapPageOverlay.java:29:1: Extra separation in import group before 'java.io.ByteArrayOutputStream' [CustomImportOrder]
[ant:checkstyle] [WARN] /app/src/main/java/com/mgz/afp/modca/MPO_MapPageOverlay.java:37:14: Abbreviation in name 'MPO_MapPageOverlay' must contain no more than '1' consecutive capital letters. [AbbreviationAsWordInName]
[ant:checkstyle] [WARN] /app/src/main/java/com/mgz/afp/modca/MPO_MapPageOverlay.java:37:14: Type name 'MPO_MapPageOverlay' must match pattern '^[A-Z][a-zA-Z0-9]*(?:[0-9](?:_[0-9]+)*)?$'. [TypeName]
[ant:checkstyle] [WARN] /app/src/main/java/com/mgz/afp/modca/MPO_MapPageOverlay.java:39: Line is longer than 100 characters (found 121). [LineLength]
[ant:checkstyle] [WARN] /app/src/main/java/com/mgz/afp/modca/MPO_MapPageOverlay.java:59:3: Missing a Javadoc comment. [MissingJavadocType]
[ant:checkstyle] [WARN] /app/src/main/java/com/mgz/afp/modca/MPO_MapPageOverlay.java:59:23: Abbreviation in name 'MPO_RepeatingGroup' must contain no more than '1' consecutive capital letters. [AbbreviationAsWordInName]
[ant:checkstyle] [WARN] /app/src/main/java/com/mgz/afp/modca/MPO_MapPageOverlay.java:59:23: Type name 'MPO_RepeatingGroup' must match pattern '^[A-Z][a-zA-Z0-9]*(?:[0-9](?:_[0-9]+)*)?$'. [TypeName]
[ant:checkstyle] [WARN] /app/src/main/java/com/mgz/afp/modca/PMC_PageModificationControl.java:27:1: Extra separation in import group before 'java.io.ByteArrayOutputStream' [CustomImportOrder]
[ant:checkstyle] [WARN] /app/src/main/java/com/mgz/afp/modca/PMC_PageModificationControl.java:39:14: Abbreviation in name 'PMC_PageModificationControl' must contain no more than '1' consecutive capital letters. [AbbreviationAsWordInName]
[ant:checkstyle] [WARN] /app/src/main/java/com/mgz/afp/modca/PMC_PageModificationControl.java:39:14: Type name 'PMC_PageModificationControl' must match pattern '^[A-Z][a-zA-Z0-9]*(?:[0-9](?:_[0-9]+)*)?$'. [TypeName]
[ant:checkstyle] [WARN] /app/src/main/java/com/mgz/afp/modca/PMC_PageModificationControl.java:40:8: Abbreviation in name 'pageModificationControlID' must contain no more than '1' consecutive capital letters. [AbbreviationAsWordInName]
[ant:checkstyle] [WARN] /app/src/main/java/com/mgz/afp/modca/PMC_PageModificationControl.java:44: Line is longer than 100 characters (found 121). [LineLength]
[ant:checkstyle] [WARN] /app/src/main/java/com/mgz/afp/modca/PMC_PageModificationControl.java:67:15: Abbreviation in name 'getPageModificationControlID' must contain no more than '1' consecutive capital letters. [AbbreviationAsWordInName]
[ant:checkstyle] [WARN] /app/src/main/java/com/mgz/afp/modca/PMC_PageModificationControl.java:71:15: Abbreviation in name 'setPageModificationControlID' must contain no more than '1' consecutive capital letters. [AbbreviationAsWordInName]
[ant:checkstyle] [WARN] /app/src/main/java/com/mgz/afp/modca/PMC_PageModificationControl.java:71:49: Abbreviation in name 'pageModificationControlID' must contain no more than '1' consecutive capital letters. [AbbreviationAsWordInName]
[ant:checkstyle] [WARN] /app/src/main/java/com/mgz/afp/modca/MCF_MapCodedFont_Format1.java:21:1: 'package' has more than 1 empty lines before. [EmptyLineSeparator]
[ant:checkstyle] [WARN] /app/src/main/java/com/mgz/afp/modca/MCF_MapCodedFont_Format1.java:33:1: Extra separation in import group before 'java.io.ByteArrayOutputStream' [CustomImportOrder]
[ant:checkstyle] [WARN] /app/src/main/java/com/mgz/afp/modca/MCF_MapCodedFont_Format1.java:39:1: Missing a Javadoc comment. [MissingJavadocType]
[ant:checkstyle] [WARN] /app/src/main/java/com/mgz/afp/modca/MCF_MapCodedFont_Format1.java:39:14: Abbreviation in name 'MCF_MapCodedFont_Format1' must contain no more than '1' consecutive capital letters. [AbbreviationAsWordInName]
[ant:checkstyle] [WARN] /app/src/main/java/com/mgz/afp/modca/MCF_MapCodedFont_Format1.java:39:14: Type name 'MCF_MapCodedFont_Format1' must match pattern '^[A-Z][a-zA-Z0-9]*(?:[0-9](?:_[0-9]+)*)?$'. [TypeName]
[ant:checkstyle] [WARN] /app/src/main/java/com/mgz/afp/modca/MCF_MapCodedFont_Format1.java:45: Line is longer than 100 characters (found 121). [LineLength]
[ant:checkstyle] [WARN] /app/src/main/java/com/mgz/afp/modca/MCF_MapCodedFont_Format1.java:56: Line is longer than 100 characters (found 101). [LineLength]
[ant:checkstyle] [WARN] /app/src/main/java/com/mgz/afp/modca/MCF_MapCodedFont_Format1.java:58: Line is longer than 100 characters (found 128). [LineLength]
[ant:checkstyle] [WARN] /app/src/main/java/com/mgz/afp/modca/MCF_MapCodedFont_Format1.java:97:37: Parameter name 'reserved1_3' must match pattern '^[a-z]([a-z0-9][a-zA-Z0-9]*)?$'. [ParameterName]
[ant:checkstyle] [WARN] /app/src/main/java/com/mgz/afp/modca/MCF_MapCodedFont_Format1.java:109:3: Missing a Javadoc comment. [MissingJavadocMethod]
[ant:checkstyle] [WARN] /app/src/main/java/com/mgz/afp/modca/MCF_MapCodedFont_Format1.java:119:3: Missing a Javadoc comment. [MissingJavadocMethod]
[ant:checkstyle] [WARN] /app/src/main/java/com/mgz/afp/modca/MCF_MapCodedFont_Format1.java:126:3: Missing a Javadoc comment. [MissingJavadocType]
[ant:checkstyle] [WARN] /app/src/main/java/com/mgz/afp/modca/MCF_MapCodedFont_Format1.java:127:23: Abbreviation in name 'MCF_RepeatingGroup' must contain no more than '1' consecutive capital letters. [AbbreviationAsWordInName]
[ant:checkstyle] [WARN] /app/src/main/java/com/mgz/afp/modca/MCF_MapCodedFont_Format1.java:127:23: Type name 'MCF_RepeatingGroup' must match pattern '^[A-Z][a-zA-Z0-9]*(?:[0-9](?:_[0-9]+)*)?$'. [TypeName]
[ant:checkstyle] [WARN] /app/src/main/java/com/mgz/afp/modca/MCF_MapCodedFont_Format1.java:128:11: Abbreviation in name 'codedFontLocalID' must contain no more than '1' consecutive capital letters. [AbbreviationAsWordInName]
[ant:checkstyle] [WARN] /app/src/main/java/com/mgz/afp/modca/MCF_MapCodedFont_Format1.java:130:11: Abbreviation in name 'codedFontSectionID' must contain no more than '1' consecutive capital letters. [AbbreviationAsWordInName]
[ant:checkstyle] [WARN] /app/src/main/java/com/mgz/afp/modca/MCF_MapCodedFont_Format1.java:141: Line is longer than 100 characters (found 123). [LineLength]
[ant:checkstyle] [WARN] /app/src/main/java/com/mgz/afp/modca/MCF_MapCodedFont_Format1.java:171: Line is longer than 100 characters (found 108). [LineLength]
[ant:checkstyle] [WARN] /app/src/main/java/com/mgz/afp/modca/MCF_MapCodedFont_Format1.java:176: Line is longer than 100 characters (found 106). [LineLength]
[ant:checkstyle] [WARN] /app/src/main/java/com/mgz/afp/modca/MCF_MapCodedFont_Format1.java:189: Line is longer than 100 characters (found 128). [LineLength]
[ant:checkstyle] [WARN] /app/src/main/java/com/mgz/afp/modca/MCF_MapCodedFont_Format1.java:194: Line is longer than 100 characters (found 127). [LineLength]
[ant:checkstyle] [WARN] /app/src/main/java/com/mgz/afp/modca/MCF_MapCodedFont_Format1.java:199: Line is longer than 100 characters (found 135). [LineLength]
[ant:checkstyle] [WARN] /app/src/main/java/com/mgz/afp/modca/MCF_MapCodedFont_Format1.java:208:18: Abbreviation in name 'getCodedFontLocalID' must contain no more than '1' consecutive capital letters. [AbbreviationAsWordInName]
[ant:checkstyle] [WARN] /app/src/main/java/com/mgz/afp/modca/MCF_MapCodedFont_Format1.java:212:17: Abbreviation in name 'setCodedFontLocalID' must contain no more than '1' consecutive capital letters. [AbbreviationAsWordInName]
[ant:checkstyle] [WARN] /app/src/main/java/com/mgz/afp/modca/MCF_MapCodedFont_Format1.java:212:43: Abbreviation in name 'codedFontLocalID' must contain no more than '1' consecutive capital letters. [AbbreviationAsWordInName]
[ant:checkstyle] [WARN] /app/src/main/java/com/mgz/afp/modca/MCF_MapCodedFont_Format1.java:224:18: Abbreviation in name 'getCodedFontSectionID' must contain no more than '1' consecutive capital letters. [AbbreviationAsWordInName]
[ant:checkstyle] [WARN] /app/src/main/java/com/mgz/afp/modca/MCF_MapCodedFont_Format1.java:228:17: Abbreviation in name 'setCodedFontSectionID' must contain no more than '1' consecutive capital letters. [AbbreviationAsWordInName]
[ant:checkstyle] [WARN] /app/src/main/java/com/mgz/afp/modca/MCF_MapCodedFont_Format1.java:228:45: Abbreviation in name 'codedFontSectionID' must contain no more than '1' consecutive capital letters. [AbbreviationAsWordInName]
[ant:checkstyle] [WARN] /app/src/main/java/com/mgz/afp/modca/LLE_LinkLogicalElement.java:21:1: 'package' has more than 1 empty lines before. [EmptyLineSeparator]
[ant:checkstyle] [WARN] /app/src/main/java/com/mgz/afp/modca/LLE_LinkLogicalElement.java:32:1: Extra separation in import group before 'java.io.ByteArrayOutputStream' [CustomImportOrder]
[ant:checkstyle] [WARN] /app/src/main/java/com/mgz/afp/modca/LLE_LinkLogicalElement.java:51:14: Abbreviation in name 'LLE_LinkLogicalElement' must contain no more than '1' consecutive capital letters. [AbbreviationAsWordInName]
[ant:checkstyle] [WARN] /app/src/main/java/com/mgz/afp/modca/LLE_LinkLogicalElement.java:51:14: Type name 'LLE_LinkLogicalElement' must match pattern '^[A-Z][a-zA-Z0-9]*(?:[0-9](?:_[0-9]+)*)?$'. [TypeName]
[ant:checkstyle] [WARN] /app/src/main/java/com/mgz/afp/modca/LLE_LinkLogicalElement.java:57: Line is longer than 100 characters (found 121). [LineLength]
[ant:checkstyle] [WARN] /app/src/main/java/com/mgz/afp/modca/LLE_LinkLogicalElement.java:109:3: Missing a Javadoc comment. [MissingJavadocMethod]
[ant:checkstyle] [WARN] /app/src/main/java/com/mgz/afp/modca/LLE_LinkLogicalElement.java:119:3: Missing a Javadoc comment. [MissingJavadocMethod]
[ant:checkstyle] [WARN] /app/src/main/java/com/mgz/afp/modca/LLE_LinkLogicalElement.java:130:15: Abbreviation in name 'LLE_LinkType' must contain no more than '1' consecutive capital letters. [AbbreviationAsWordInName]
[ant:checkstyle] [WARN] /app/src/main/java/com/mgz/afp/modca/LLE_LinkLogicalElement.java:130:15: Type name 'LLE_LinkType' must match pattern '^[A-Z][a-zA-Z0-9]*$'. [TypeName]
[ant:checkstyle] [WARN] /app/src/main/java/com/mgz/afp/modca/LLE_LinkLogicalElement.java:135:5: Missing a Javadoc comment. [MissingJavadocMethod]
[ant:checkstyle] [WARN] /app/src/main/java/com/mgz/afp/modca/LLE_LinkLogicalElement.java:144:5: Missing a Javadoc comment. [MissingJavadocMethod]
[ant:checkstyle] [WARN] /app/src/main/java/com/mgz/afp/modca/LLE_LinkLogicalElement.java:149:3: Missing a Javadoc comment. [MissingJavadocType]
[ant:checkstyle] [WARN] /app/src/main/java/com/mgz/afp/modca/LLE_LinkLogicalElement.java:149:23: Abbreviation in name 'LLE_RepeatingGroup' must contain no more than '1' consecutive capital letters. [AbbreviationAsWordInName]
[ant:checkstyle] [WARN] /app/src/main/java/com/mgz/afp/modca/LLE_LinkLogicalElement.java:149:23: Type name 'LLE_RepeatingGroup' must match pattern '^[A-Z][a-zA-Z0-9]*(?:[0-9](?:_[0-9]+)*)?$'. [TypeName]
[ant:checkstyle] [WARN] /app/src/main/java/com/mgz/afp/modca/LLE_LinkLogicalElement.java:155: Line is longer than 100 characters (found 123). [LineLength]
[ant:checkstyle] [WARN] /app/src/main/java/com/mgz/afp/modca/LLE_LinkLogicalElement.java:227:5: Missing a Javadoc comment. [MissingJavadocType]
[ant:checkstyle] [WARN] /app/src/main/java/com/mgz/afp/modca/LLE_LinkLogicalElement.java:227:17: Abbreviation in name 'LLE_RepeatingGroupFunction' must contain no more than '1' consecutive capital letters. [AbbreviationAsWordInName]
[ant:checkstyle] [WARN] /app/src/main/java/com/mgz/afp/modca/LLE_LinkLogicalElement.java:227:17: Type name 'LLE_RepeatingGroupFunction' must match pattern '^[A-Z][a-zA-Z0-9]*$'. [TypeName]
[ant:checkstyle] [WARN] /app/src/main/java/com/mgz/afp/modca/LLE_LinkLogicalElement.java:232:7: Missing a Javadoc comment. [MissingJavadocMethod]
[ant:checkstyle] [WARN] /app/src/main/java/com/mgz/afp/modca/LLE_LinkLogicalElement.java:241:7: Missing a Javadoc comment. [MissingJavadocMethod]
[ant:checkstyle] [WARN] /app/src/main/java/com/mgz/afp/modca/MBC_MapBarCodeObject.java:29:1: Extra separation in import group before 'java.io.ByteArrayOutputStream' [CustomImportOrder]
[ant:checkstyle] [WARN] /app/src/main/java/com/mgz/afp/modca/MBC_MapBarCodeObject.java:33:1: Missing a Javadoc comment. [MissingJavadocType]
[ant:checkstyle] [WARN] /app/src/main/java/com/mgz/afp/modca/MBC_MapBarCodeObject.java:33:14: Abbreviation in name 'MBC_MapBarCodeObject' must contain no more than '1' consecutive capital letters. [AbbreviationAsWordInName]
[ant:checkstyle] [WARN] /app/src/main/java/com/mgz/afp/modca/MBC_MapBarCodeObject.java:33:14: Type name 'MBC_MapBarCodeObject' must match pattern '^[A-Z][a-zA-Z0-9]*(?:[0-9](?:_[0-9]+)*)?$'. [TypeName]
[ant:checkstyle] [WARN] /app/src/main/java/com/mgz/afp/modca/MBC_MapBarCodeObject.java:38: Line is longer than 100 characters (found 121). [LineLength]
[ant:checkstyle] [WARN] /app/src/main/java/com/mgz/afp/modca/ICP_IMImageCellPosition.java:27:1: Extra separation in import group before 'java.io.ByteArrayOutputStream' [CustomImportOrder]
[ant:checkstyle] [WARN] /app/src/main/java/com/mgz/afp/modca/ICP_IMImageCellPosition.java:31:1: Missing a Javadoc comment. [MissingJavadocType]
[ant:checkstyle] [WARN] /app/src/main/java/com/mgz/afp/modca/ICP_IMImageCellPosition.java:31:14: Abbreviation in name 'ICP_IMImageCellPosition' must contain no more than '1' consecutive capital letters. [AbbreviationAsWordInName]
[ant:checkstyle] [WARN] /app/src/main/java/com/mgz/afp/modca/ICP_IMImageCellPosition.java:31:14: Type name 'ICP_IMImageCellPosition' must match pattern '^[A-Z][a-zA-Z0-9]*(?:[0-9](?:_[0-9]+)*)?$'. [TypeName]
[ant:checkstyle] [WARN] /app/src/main/java/com/mgz/afp/modca/ICP_IMImageCellPosition.java:32:9: Non-constant field name 'xOffset' must start lowercase, be at least 2 chars, avoid single lowercase letter followed by uppercase, contain only letters, digits or underscores, with underscores allowed only between adjacent digits. [GoogleNonConstantFieldName]
[ant:checkstyle] [WARN] /app/src/main/java/com/mgz/afp/modca/ICP_IMImageCellPosition.java:33:9: Non-constant field name 'yOffset' must start lowercase, be at least 2 chars, avoid single lowercase letter followed by uppercase, contain only letters, digits or underscores, with underscores allowed only between adjacent digits. [GoogleNonConstantFieldName]
[ant:checkstyle] [WARN] /app/src/main/java/com/mgz/afp/modca/ICP_IMImageCellPosition.java:34:7: Non-constant field name 'xSize' must start lowercase, be at least 2 chars, avoid single lowercase letter followed by uppercase, contain only letters, digits or underscores, with underscores allowed only between adjacent digits. [GoogleNonConstantFieldName]
[ant:checkstyle] [WARN] /app/src/main/java/com/mgz/afp/modca/ICP_IMImageCellPosition.java:35:7: Non-constant field name 'ySize' must start lowercase, be at least 2 chars, avoid single lowercase letter followed by uppercase, contain only letters, digits or underscores, with underscores allowed only between adjacent digits. [GoogleNonConstantFieldName]
[ant:checkstyle] [WARN] /app/src/main/java/com/mgz/afp/modca/ICP_IMImageCellPosition.java:36:7: Non-constant field name 'xSizeOfFillRectangle' must start lowercase, be at least 2 chars, avoid single lowercase letter followed by uppercase, contain only letters, digits or underscores, with underscores allowed only between adjacent digits. [GoogleNonConstantFieldName]
[ant:checkstyle] [WARN] /app/src/main/java/com/mgz/afp/modca/ICP_IMImageCellPosition.java:37:7: Non-constant field name 'ySizeOfFillRectangle' must start lowercase, be at least 2 chars, avoid single lowercase letter followed by uppercase, contain only letters, digits or underscores, with underscores allowed only between adjacent digits. [GoogleNonConstantFieldName]
[ant:checkstyle] [WARN] /app/src/main/java/com/mgz/afp/modca/ICP_IMImageCellPosition.java:40: Line is longer than 100 characters (found 121). [LineLength]
[ant:checkstyle] [WARN] /app/src/main/java/com/mgz/afp/modca/ICP_IMImageCellPosition.java:64:3: Missing a Javadoc comment. [MissingJavadocMethod]
[ant:checkstyle] [WARN] /app/src/main/java/com/mgz/afp/modca/ICP_IMImageCellPosition.java:68:3: Missing a Javadoc comment. [MissingJavadocMethod]
[ant:checkstyle] [WARN] /app/src/main/java/com/mgz/afp/modca/ICP_IMImageCellPosition.java:72:3: Missing a Javadoc comment. [MissingJavadocMethod]
[ant:checkstyle] [WARN] /app/src/main/java/com/mgz/afp/modca/ICP_IMImageCellPosition.java:76:3: Missing a Javadoc comment. [MissingJavadocMethod]
[ant:checkstyle] [WARN] /app/src/main/java/com/mgz/afp/modca/ICP_IMImageCellPosition.java:80:3: Missing a Javadoc comment. [MissingJavadocMethod]
[ant:checkstyle] [WARN] /app/src/main/java/com/mgz/afp/modca/ICP_IMImageCellPosition.java:84:3: Missing a Javadoc comment. [MissingJavadocMethod]
[ant:checkstyle] [WARN] /app/src/main/java/com/mgz/afp/modca/PPO_PreprocessPresentationObject.java:21:1: 'package' has more than 1 empty lines before. [EmptyLineSeparator]
[ant:checkstyle] [WARN] /app/src/main/java/com/mgz/afp/modca/PPO_PreprocessPresentationObject.java:35:1: Extra separation in import group before 'java.io.ByteArrayOutputStream' [CustomImportOrder]
[ant:checkstyle] [WARN] /app/src/main/java/com/mgz/afp/modca/PPO_PreprocessPresentationObject.java:51:14: Abbreviation in name 'PPO_PreprocessPresentationObject' must contain no more than '1' consecutive capital letters. [AbbreviationAsWordInName]
[ant:checkstyle] [WARN] /app/src/main/java/com/mgz/afp/modca/PPO_PreprocessPresentationObject.java:51:14: Type name 'PPO_PreprocessPresentationObject' must match pattern '^[A-Z][a-zA-Z0-9]*(?:[0-9](?:_[0-9]+)*)?$'. [TypeName]
[ant:checkstyle] [WARN] /app/src/main/java/com/mgz/afp/modca/PPO_PreprocessPresentationObject.java:54: Line is longer than 100 characters (found 121). [LineLength]
[ant:checkstyle] [WARN] /app/src/main/java/com/mgz/afp/modca/PPO_PreprocessPresentationObject.java:75:3: Missing a Javadoc comment. [MissingJavadocType]
[ant:checkstyle] [WARN] /app/src/main/java/com/mgz/afp/modca/PPO_PreprocessPresentationObject.java:75:23: Abbreviation in name 'PPO_RepeatingGroup' must contain no more than '1' consecutive capital letters. [AbbreviationAsWordInName]
[ant:checkstyle] [WARN] /app/src/main/java/com/mgz/afp/modca/PPO_PreprocessPresentationObject.java:75:23: Type name 'PPO_RepeatingGroup' must match pattern '^[A-Z][a-zA-Z0-9]*(?:[0-9](?:_[0-9]+)*)?$'. [TypeName]
[ant:checkstyle] [WARN] /app/src/main/java/com/mgz/afp/modca/PPO_PreprocessPresentationObject.java:79:9: Non-constant field name 'xOrigin' must start lowercase, be at least 2 chars, avoid single lowercase letter followed by uppercase, contain only letters, digits or underscores, with underscores allowed only between adjacent digits. [GoogleNonConstantFieldName]
[ant:checkstyle] [WARN] /app/src/main/java/com/mgz/afp/modca/PPO_PreprocessPresentationObject.java:80:9: Non-constant field name 'yOrigin' must start lowercase, be at least 2 chars, avoid single lowercase letter followed by uppercase, contain only letters, digits or underscores, with underscores allowed only between adjacent digits. [GoogleNonConstantFieldName]
[ant:checkstyle] [WARN] /app/src/main/java/com/mgz/afp/modca/PPO_PreprocessPresentationObject.java:83: Line is longer than 100 characters (found 123). [LineLength]
[ant:checkstyle] [WARN] /app/src/main/java/com/mgz/afp/modca/PPO_PreprocessPresentationObject.java:91: Line is longer than 100 characters (found 101). [LineLength]
[ant:checkstyle] [WARN] /app/src/main/java/com/mgz/afp/modca/PPO_PreprocessPresentationObject.java:131:39: Parameter name 'reserved3_4' must match pattern '^[a-z]([a-z0-9][a-zA-Z0-9]*)?$'. [ParameterName]
[ant:checkstyle] [WARN] /app/src/main/java/com/mgz/afp/modca/PPO_PreprocessPresentationObject.java:143:5: Missing a Javadoc comment. [MissingJavadocMethod]
[ant:checkstyle] [WARN] /app/src/main/java/com/mgz/afp/modca/PPO_PreprocessPresentationObject.java:147:5: Missing a Javadoc comment. [MissingJavadocMethod]
[ant:checkstyle] [WARN] /app/src/main/java/com/mgz/afp/modca/PPO_PreprocessPresentationObject.java:147:32: Parameter name 'xOrigin' must match pattern '^[a-z]([a-z0-9][a-zA-Z0-9]*)?$'. [ParameterName]
[ant:checkstyle] [WARN] /app/src/main/java/com/mgz/afp/modca/PPO_PreprocessPresentationObject.java:151:5: Missing a Javadoc comment. [MissingJavadocMethod]
[ant:checkstyle] [WARN] /app/src/main/java/com/mgz/afp/modca/PPO_PreprocessPresentationObject.java:155:5: Missing a Javadoc comment. [MissingJavadocMethod]
[ant:checkstyle] [WARN] /app/src/main/java/com/mgz/afp/modca/PPO_PreprocessPresentationObject.java:155:32: Parameter name 'yOrigin' must match pattern '^[a-z]([a-z0-9][a-zA-Z0-9]*)?$'. [ParameterName]
[ant:checkstyle] [WARN] /app/src/main/java/com/mgz/afp/modca/PPO_PreprocessPresentationObject.java:159:5: Missing a Javadoc comment. [MissingJavadocType]
[ant:checkstyle] [WARN] /app/src/main/java/com/mgz/afp/modca/PPO_PreprocessPresentationObject.java:159:17: Abbreviation in name 'PPO_Flag' must contain no more than '1' consecutive capital letters. [AbbreviationAsWordInName]
[ant:checkstyle] [WARN] /app/src/main/java/com/mgz/afp/modca/PPO_PreprocessPresentationObject.java:159:17: Type name 'PPO_Flag' must match pattern '^[A-Z][a-zA-Z0-9]*$'. [TypeName]
[ant:checkstyle] [WARN] /app/src/main/java/com/mgz/afp/modca/PPO_PreprocessPresentationObject.java:171: Line is longer than 100 characters (found 117). [LineLength]
[ant:checkstyle] [WARN] /app/src/main/java/com/mgz/afp/modca/PPO_PreprocessPresentationObject.java:178:7: Missing a Javadoc comment. [MissingJavadocMethod]
[ant:checkstyle] [WARN] /app/src/main/java/com/mgz/afp/modca/PPO_PreprocessPresentationObject.java:208:7: Missing a Javadoc comment. [MissingJavadocMethod]
[ant:checkstyle] [WARN] /app/src/main/java/com/mgz/afp/modca/PPO_PreprocessPresentationObject.java:228:7: Missing a Javadoc comment. [MissingJavadocMethod]
[ant:checkstyle] [WARN] /app/src/main/java/com/mgz/afp/modca/MSU_MapSuppression.java:21:1: 'package' has more than 1 empty lines before. [EmptyLineSeparator]
[ant:checkstyle] [WARN] /app/src/main/java/com/mgz/afp/modca/MSU_MapSuppression.java:31:1: Extra separation in import group before 'java.io.ByteArrayOutputStream' [CustomImportOrder]
[ant:checkstyle] [WARN] /app/src/main/java/com/mgz/afp/modca/MSU_MapSuppression.java:42:14: Abbreviation in name 'MSU_MapSuppression' must contain no more than '1' consecutive capital letters. [AbbreviationAsWordInName]
[ant:checkstyle] [WARN] /app/src/main/java/com/mgz/afp/modca/MSU_MapSuppression.java:42:14: Type name 'MSU_MapSuppression' must match pattern '^[A-Z][a-zA-Z0-9]*(?:[0-9](?:_[0-9]+)*)?$'. [TypeName]
[ant:checkstyle] [WARN] /app/src/main/java/com/mgz/afp/modca/MSU_MapSuppression.java:44: Line is longer than 100 characters (found 121). [LineLength]
[ant:checkstyle] [WARN] /app/src/main/java/com/mgz/afp/modca/MSU_MapSuppression.java:74:3: Missing a Javadoc comment. [MissingJavadocType]
[ant:checkstyle] [WARN] /app/src/main/java/com/mgz/afp/modca/MSU_MapSuppression.java:74:23: Abbreviation in name 'MSU_RepeatingGroup' must contain no more than '1' consecutive capital letters. [AbbreviationAsWordInName]
[ant:checkstyle] [WARN] /app/src/main/java/com/mgz/afp/modca/MSU_MapSuppression.java:74:23: Type name 'MSU_RepeatingGroup' must match pattern '^[A-Z][a-zA-Z0-9]*(?:[0-9](?:_[0-9]+)*)?$'. [TypeName]
[ant:checkstyle] [WARN] /app/src/main/java/com/mgz/afp/modca/MSU_MapSuppression.java:77:10: Abbreviation in name 'localID' must contain no more than '1' consecutive capital letters. [AbbreviationAsWordInName]
[ant:checkstyle] [WARN] /app/src/main/java/com/mgz/afp/modca/MSU_MapSuppression.java:87: Line is longer than 100 characters (found 123). [LineLength]
[ant:checkstyle] [WARN] /app/src/main/java/com/mgz/afp/modca/MSU_MapSuppression.java:95: Line is longer than 100 characters (found 135). [LineLength]
[ant:checkstyle] [WARN] /app/src/main/java/com/mgz/afp/modca/MSU_MapSuppression.java:116:17: Abbreviation in name 'getLocalID' must contain no more than '1' consecutive capital letters. [AbbreviationAsWordInName]
[ant:checkstyle] [WARN] /app/src/main/java/com/mgz/afp/modca/MSU_MapSuppression.java:120:17: Abbreviation in name 'setLocalID' must contain no more than '1' consecutive capital letters. [AbbreviationAsWordInName]
[ant:checkstyle] [WARN] /app/src/main/java/com/mgz/afp/modca/MSU_MapSuppression.java:120:33: Abbreviation in name 'localID' must contain no more than '1' consecutive capital letters. [AbbreviationAsWordInName]
[ant:checkstyle] [WARN] /app/src/main/java/com/mgz/afp/modca/EDI_EndDocumentIndex.java:24:1: Missing a Javadoc comment. [MissingJavadocType]
[ant:checkstyle] [WARN] /app/src/main/java/com/mgz/afp/modca/EDI_EndDocumentIndex.java:24:14: Abbreviation in name 'EDI_EndDocumentIndex' must contain no more than '1' consecutive capital letters. [AbbreviationAsWordInName]
[ant:checkstyle] [WARN] /app/src/main/java/com/mgz/afp/modca/EDI_EndDocumentIndex.java:24:14: Type name 'EDI_EndDocumentIndex' must match pattern '^[A-Z][a-zA-Z0-9]*(?:[0-9](?:_[0-9]+)*)?$'. [TypeName]
[ant:checkstyle] [WARN] /app/src/main/java/com/mgz/afp/modca/MGO_MapGraphicsObject.java:21:1: 'package' has more than 1 empty lines before. [EmptyLineSeparator]
[ant:checkstyle] [WARN] /app/src/main/java/com/mgz/afp/modca/MGO_MapGraphicsObject.java:29:1: Extra separation in import group before 'java.io.ByteArrayOutputStream' [CustomImportOrder]
[ant:checkstyle] [WARN] /app/src/main/java/com/mgz/afp/modca/MGO_MapGraphicsObject.java:37:14: Abbreviation in name 'MGO_MapGraphicsObject' must contain no more than '1' consecutive capital letters. [AbbreviationAsWordInName]
[ant:checkstyle] [WARN] /app/src/main/java/com/mgz/afp/modca/MGO_MapGraphicsObject.java:37:14: Type name 'MGO_MapGraphicsObject' must match pattern '^[A-Z][a-zA-Z0-9]*(?:[0-9](?:_[0-9]+)*)?$'. [TypeName]
[ant:checkstyle] [WARN] /app/src/main/java/com/mgz/afp/modca/MGO_MapGraphicsObject.java:40: Line is longer than 100 characters (found 121). [LineLength]
[ant:checkstyle] [WARN] /app/src/main/java/com/mgz/afp/modca/MGO_MapGraphicsObject.java:55:3: Missing a Javadoc comment. [MissingJavadocType]
[ant:checkstyle] [WARN] /app/src/main/java/com/mgz/afp/modca/MGO_MapGraphicsObject.java:55:23: Abbreviation in name 'MGO_RepeatingGroup' must contain no more than '1' consecutive capital letters. [AbbreviationAsWordInName]
[ant:checkstyle] [WARN] /app/src/main/java/com/mgz/afp/modca/MGO_MapGraphicsObject.java:55:23: Type name 'MGO_RepeatingGroup' must match pattern '^[A-Z][a-zA-Z0-9]*(?:[0-9](?:_[0-9]+)*)?$'. [TypeName]
[ant:checkstyle] [WARN] /app/src/main/java/com/mgz/afp/modca/CDD_ContainerDataDescriptor.java:29:1: Extra separation in import group before 'java.io.ByteArrayOutputStream' [CustomImportOrder]
[ant:checkstyle] [WARN] /app/src/main/java/com/mgz/afp/modca/CDD_ContainerDataDescriptor.java:35:1: Missing a Javadoc comment. [MissingJavadocType]
[ant:checkstyle] [WARN] /app/src/main/java/com/mgz/afp/modca/CDD_ContainerDataDescriptor.java:35:14: Abbreviation in name 'CDD_ContainerDataDescriptor' must contain no more than '1' consecutive capital letters. [AbbreviationAsWordInName]
[ant:checkstyle] [WARN] /app/src/main/java/com/mgz/afp/modca/CDD_ContainerDataDescriptor.java:35:14: Type name 'CDD_ContainerDataDescriptor' must match pattern '^[A-Z][a-zA-Z0-9]*(?:[0-9](?:_[0-9]+)*)?$'. [TypeName]
[ant:checkstyle] [WARN] /app/src/main/java/com/mgz/afp/modca/CDD_ContainerDataDescriptor.java:39: Line is longer than 100 characters (found 121). [LineLength]
[ant:checkstyle] [WARN] /app/src/main/java/com/mgz/afp/modca/CDD_ContainerDataDescriptor.java:39:3: Missing a Javadoc comment. [MissingJavadocMethod]
[ant:checkstyle] [WARN] /app/src/main/java/com/mgz/afp/modca/CDD_ContainerDataDescriptor.java:39:15: Abbreviation in name 'decodeAFP' must contain no more than '1' consecutive capital letters. [AbbreviationAsWordInName]
[ant:checkstyle] [WARN] /app/src/main/java/com/mgz/afp/modca/CDD_ContainerDataDescriptor.java:78:3: Missing a Javadoc comment. [MissingJavadocMethod]
[ant:checkstyle] [WARN] /app/src/main/java/com/mgz/afp/modca/CDD_ContainerDataDescriptor.java:88:3: Missing a Javadoc comment. [MissingJavadocMethod]
[ant:checkstyle] [WARN] /app/src/main/java/com/mgz/afp/modca/MDR_MapDataResource.java:21:1: 'package' has more than 1 empty lines before. [EmptyLineSeparator]
[ant:checkstyle] [WARN] /app/src/main/java/com/mgz/afp/modca/MDR_MapDataResource.java:30:1: Extra separation in import group before 'java.io.ByteArrayOutputStream' [CustomImportOrder]
[ant:checkstyle] [WARN] /app/src/main/java/com/mgz/afp/modca/MDR_MapDataResource.java:43:14: Abbreviation in name 'MDR_MapDataResource' must contain no more than '1' consecutive capital letters. [AbbreviationAsWordInName]
[ant:checkstyle] [WARN] /app/src/main/java/com/mgz/afp/modca/MDR_MapDataResource.java:43:14: Type name 'MDR_MapDataResource' must match pattern '^[A-Z][a-zA-Z0-9]*(?:[0-9](?:_[0-9]+)*)?$'. [TypeName]
[ant:checkstyle] [WARN] /app/src/main/java/com/mgz/afp/modca/MDR_MapDataResource.java:45: Line is longer than 100 characters (found 121). [LineLength]
[ant:checkstyle] [WARN] /app/src/main/java/com/mgz/afp/modca/MDR_MapDataResource.java:70:3: Missing a Javadoc comment. [MissingJavadocType]
[ant:checkstyle] [WARN] /app/src/main/java/com/mgz/afp/modca/MDR_MapDataResource.java:70:23: Abbreviation in name 'MDR_RepeatingGroup' must contain no more than '1' consecutive capital letters. [AbbreviationAsWordInName]
[ant:checkstyle] [WARN] /app/src/main/java/com/mgz/afp/modca/MDR_MapDataResource.java:70:23: Type name 'MDR_RepeatingGroup' must match pattern '^[A-Z][a-zA-Z0-9]*(?:[0-9](?:_[0-9]+)*)?$'. [TypeName]
[ant:checkstyle] [WARN] /app/src/main/java/com/mgz/afp/modca/ENG_EndNamedPageGroup.java:24:1: Missing a Javadoc comment. [MissingJavadocType]
[ant:checkstyle] [WARN] /app/src/main/java/com/mgz/afp/modca/ENG_EndNamedPageGroup.java:24:14: Abbreviation in name 'ENG_EndNamedPageGroup' must contain no more than '1' consecutive capital letters. [AbbreviationAsWordInName]
[ant:checkstyle] [WARN] /app/src/main/java/com/mgz/afp/modca/ENG_EndNamedPageGroup.java:24:14: Type name 'ENG_EndNamedPageGroup' must match pattern '^[A-Z][a-zA-Z0-9]*(?:[0-9](?:_[0-9]+)*)?$'. [TypeName]
[ant:checkstyle] [WARN] /app/src/main/java/com/mgz/afp/modca/PEC_PresentationEnvironmentControl.java:24:1: Missing a Javadoc comment. [MissingJavadocType]
[ant:checkstyle] [WARN] /app/src/main/java/com/mgz/afp/modca/PEC_PresentationEnvironmentControl.java:24:14: Abbreviation in name 'PEC_PresentationEnvironmentControl' must contain no more than '1' consecutive capital letters. [AbbreviationAsWordInName]
[ant:checkstyle] [WARN] /app/src/main/java/com/mgz/afp/modca/PEC_PresentationEnvironmentControl.java:24:14: Type name 'PEC_PresentationEnvironmentControl' must match pattern '^[A-Z][a-zA-Z0-9]*(?:[0-9](?:_[0-9]+)*)?$'. [TypeName]
[ant:checkstyle] [WARN] /app/src/main/java/com/mgz/afp/modca/PGP_PagePosition_Format1.java:27:1: Extra separation in import group before 'java.io.ByteArrayOutputStream' [CustomImportOrder]
[ant:checkstyle] [WARN] /app/src/main/java/com/mgz/afp/modca/PGP_PagePosition_Format1.java:31:1: Missing a Javadoc comment. [MissingJavadocType]
[ant:checkstyle] [WARN] /app/src/main/java/com/mgz/afp/modca/PGP_PagePosition_Format1.java:31:14: Abbreviation in name 'PGP_PagePosition_Format1' must contain no more than '1' consecutive capital letters. [AbbreviationAsWordInName]
[ant:checkstyle] [WARN] /app/src/main/java/com/mgz/afp/modca/PGP_PagePosition_Format1.java:31:14: Type name 'PGP_PagePosition_Format1' must match pattern '^[A-Z][a-zA-Z0-9]*(?:[0-9](?:_[0-9]+)*)?$'. [TypeName]
[ant:checkstyle] [WARN] /app/src/main/java/com/mgz/afp/modca/PGP_PagePosition_Format1.java:32:7: Non-constant field name 'xOrigin' must start lowercase, be at least 2 chars, avoid single lowercase letter followed by uppercase, contain only letters, digits or underscores, with underscores allowed only between adjacent digits. [GoogleNonConstantFieldName]
[ant:checkstyle] [WARN] /app/src/main/java/com/mgz/afp/modca/PGP_PagePosition_Format1.java:33:7: Non-constant field name 'yOrigin' must start lowercase, be at least 2 chars, avoid single lowercase letter followed by uppercase, contain only letters, digits or underscores, with underscores allowed only between adjacent digits. [GoogleNonConstantFieldName]
[ant:checkstyle] [WARN] /app/src/main/java/com/mgz/afp/modca/PGP_PagePosition_Format1.java:36: Line is longer than 100 characters (found 121). [LineLength]
[ant:checkstyle] [WARN] /app/src/main/java/com/mgz/afp/modca/PGP_PagePosition_Format1.java:51:3: Missing a Javadoc comment. [MissingJavadocMethod]
[ant:checkstyle] [WARN] /app/src/main/java/com/mgz/afp/modca/PGP_PagePosition_Format1.java:55:3: Missing a Javadoc comment. [MissingJavadocMethod]
[ant:checkstyle] [WARN] /app/src/main/java/com/mgz/afp/modca/PGP_PagePosition_Format1.java:55:30: Parameter name 'xOrigin' must match pattern '^[a-z]([a-z0-9][a-zA-Z0-9]*)?$'. [ParameterName]
[ant:checkstyle] [WARN] /app/src/main/java/com/mgz/afp/modca/PGP_PagePosition_Format1.java:59:3: Missing a Javadoc comment. [MissingJavadocMethod]
[ant:checkstyle] [WARN] /app/src/main/java/com/mgz/afp/modca/PGP_PagePosition_Format1.java:63:3: Missing a Javadoc comment. [MissingJavadocMethod]
[ant:checkstyle] [WARN] /app/src/main/java/com/mgz/afp/modca/PGP_PagePosition_Format1.java:63:30: Parameter name 'yOrigin' must match pattern '^[a-z]([a-z0-9][a-zA-Z0-9]*)?$'. [ParameterName]
[ant:checkstyle] [WARN] /app/src/main/java/com/mgz/afp/modca/NOP_NoOperation.java:33:14: Abbreviation in name 'NOP_NoOperation' must contain no more than '1' consecutive capital letters. [AbbreviationAsWordInName]
[ant:checkstyle] [WARN] /app/src/main/java/com/mgz/afp/modca/NOP_NoOperation.java:33:14: Type name 'NOP_NoOperation' must match pattern '^[A-Z][a-zA-Z0-9]*(?:[0-9](?:_[0-9]+)*)?$'. [TypeName]
[ant:checkstyle] [WARN] /app/src/main/java/com/mgz/afp/modca/EAG_EndActiveEnvironmentGroup.java:24:1: Missing a Javadoc comment. [MissingJavadocType]
[ant:checkstyle] [WARN] /app/src/main/java/com/mgz/afp/modca/EAG_EndActiveEnvironmentGroup.java:24:14: Abbreviation in name 'EAG_EndActiveEnvironmentGroup' must contain no more than '1' consecutive capital letters. [AbbreviationAsWordInName]
[ant:checkstyle] [WARN] /app/src/main/java/com/mgz/afp/modca/EAG_EndActiveEnvironmentGroup.java:24:14: Type name 'EAG_EndActiveEnvironmentGroup' must match pattern '^[A-Z][a-zA-Z0-9]*(?:[0-9](?:_[0-9]+)*)?$'. [TypeName]
[ant:checkstyle] [WARN] /app/src/main/java/com/mgz/afp/modca/EFG_EndFormEnvironmentGroup.java:24:1: Missing a Javadoc comment. [MissingJavadocType]
[ant:checkstyle] [WARN] /app/src/main/java/com/mgz/afp/modca/EFG_EndFormEnvironmentGroup.java:24:14: Abbreviation in name 'EFG_EndFormEnvironmentGroup' must contain no more than '1' consecutive capital letters. [AbbreviationAsWordInName]
[ant:checkstyle] [WARN] /app/src/main/java/com/mgz/afp/modca/EFG_EndFormEnvironmentGroup.java:24:14: Type name 'EFG_EndFormEnvironmentGroup' must match pattern '^[A-Z][a-zA-Z0-9]*(?:[0-9](?:_[0-9]+)*)?$'. [TypeName]
[ant:checkstyle] [WARN] /app/src/main/java/com/mgz/afp/modca/MMO_MapMediumOverlay.java:21:1: 'package' has more than 1 empty lines before. [EmptyLineSeparator]
[ant:checkstyle] [WARN] /app/src/main/java/com/mgz/afp/modca/MMO_MapMediumOverlay.java:32:1: Extra separation in import group before 'java.io.ByteArrayOutputStream' [CustomImportOrder]
[ant:checkstyle] [WARN] /app/src/main/java/com/mgz/afp/modca/MMO_MapMediumOverlay.java:41:14: Abbreviation in name 'MMO_MapMediumOverlay' must contain no more than '1' consecutive capital letters. [AbbreviationAsWordInName]
[ant:checkstyle] [WARN] /app/src/main/java/com/mgz/afp/modca/MMO_MapMediumOverlay.java:41:14: Type name 'MMO_MapMediumOverlay' must match pattern '^[A-Z][a-zA-Z0-9]*(?:[0-9](?:_[0-9]+)*)?$'. [TypeName]
[ant:checkstyle] [WARN] /app/src/main/java/com/mgz/afp/modca/MMO_MapMediumOverlay.java:46: Line is longer than 100 characters (found 121). [LineLength]
[ant:checkstyle] [WARN] /app/src/main/java/com/mgz/afp/modca/MMO_MapMediumOverlay.java:53: Line is longer than 100 characters (found 105). [LineLength]
[ant:checkstyle] [WARN] /app/src/main/java/com/mgz/afp/modca/MMO_MapMediumOverlay.java:96:37: Parameter name 'reserved1_3' must match pattern '^[a-z]([a-z0-9][a-zA-Z0-9]*)?$'. [ParameterName]
[ant:checkstyle] [WARN] /app/src/main/java/com/mgz/afp/modca/MMO_MapMediumOverlay.java:100:3: Missing a Javadoc comment. [MissingJavadocType]
[ant:checkstyle] [WARN] /app/src/main/java/com/mgz/afp/modca/MMO_MapMediumOverlay.java:100:23: Abbreviation in name 'MMO_RepeatingGroup' must contain no more than '1' consecutive capital letters. [AbbreviationAsWordInName]
[ant:checkstyle] [WARN] /app/src/main/java/com/mgz/afp/modca/MMO_MapMediumOverlay.java:100:23: Type name 'MMO_RepeatingGroup' must match pattern '^[A-Z][a-zA-Z0-9]*(?:[0-9](?:_[0-9]+)*)?$'. [TypeName]
[ant:checkstyle] [WARN] /app/src/main/java/com/mgz/afp/modca/MMO_MapMediumOverlay.java:115: Line is longer than 100 characters (found 123). [LineLength]
[ant:checkstyle] [WARN] /app/src/main/java/com/mgz/afp/modca/MMO_MapMediumOverlay.java:128: Line is longer than 100 characters (found 132). [LineLength]
[ant:checkstyle] [WARN] /app/src/main/java/com/mgz/afp/modca/MMO_MapMediumOverlay.java:151:39: Parameter name 'reserved2_3' must match pattern '^[a-z]([a-z0-9][a-zA-Z0-9]*)?$'. [ParameterName]
[ant:checkstyle] [WARN] /app/src/main/java/com/mgz/afp/modca/MMO_MapMediumOverlay.java:167:17: Abbreviation in name 'MMO_Flag' must contain no more than '1' consecutive capital letters. [AbbreviationAsWordInName]
[ant:checkstyle] [WARN] /app/src/main/java/com/mgz/afp/modca/MMO_MapMediumOverlay.java:167:17: Type name 'MMO_Flag' must match pattern '^[A-Z][a-zA-Z0-9]*$'. [TypeName]
[ant:checkstyle] [WARN] /app/src/main/java/com/mgz/afp/modca/MMO_MapMediumOverlay.java:171:7: Missing a Javadoc comment. [MissingJavadocMethod]
[ant:checkstyle] [WARN] /app/src/main/java/com/mgz/afp/modca/MMO_MapMediumOverlay.java:179:7: Missing a Javadoc comment. [MissingJavadocMethod]
[ant:checkstyle] [WARN] /app/src/main/java/com/mgz/afp/modca/EPS_EndPageSegment.java:24:1: Missing a Javadoc comment. [MissingJavadocType]
[ant:checkstyle] [WARN] /app/src/main/java/com/mgz/afp/modca/EPS_EndPageSegment.java:24:14: Abbreviation in name 'EPS_EndPageSegment' must contain no more than '1' consecutive capital letters. [AbbreviationAsWordInName]
[ant:checkstyle] [WARN] /app/src/main/java/com/mgz/afp/modca/EPS_EndPageSegment.java:24:14: Type name 'EPS_EndPageSegment' must match pattern '^[A-Z][a-zA-Z0-9]*(?:[0-9](?:_[0-9]+)*)?$'. [TypeName]
[ant:checkstyle] [WARN] /app/src/main/java/com/mgz/afp/modca/BPG_BeginPage.java:24:1: Missing a Javadoc comment. [MissingJavadocType]
[ant:checkstyle] [WARN] /app/src/main/java/com/mgz/afp/modca/BPG_BeginPage.java:24:14: Abbreviation in name 'BPG_BeginPage' must contain no more than '1' consecutive capital letters. [AbbreviationAsWordInName]
[ant:checkstyle] [WARN] /app/src/main/java/com/mgz/afp/modca/BPG_BeginPage.java:24:14: Type name 'BPG_BeginPage' must match pattern '^[A-Z][a-zA-Z0-9]*(?:[0-9](?:_[0-9]+)*)?$'. [TypeName]
[ant:checkstyle] [WARN] /app/src/main/java/com/mgz/afp/modca/ESG_EndResourceEnvironmentGroup.java:24:1: Missing a Javadoc comment. [MissingJavadocType]
[ant:checkstyle] [WARN] /app/src/main/java/com/mgz/afp/modca/ESG_EndResourceEnvironmentGroup.java:24:14: Abbreviation in name 'ESG_EndResourceEnvironmentGroup' must contain no more than '1' consecutive capital letters. [AbbreviationAsWordInName]
[ant:checkstyle] [WARN] /app/src/main/java/com/mgz/afp/modca/ESG_EndResourceEnvironmentGroup.java:24:14: Type name 'ESG_EndResourceEnvironmentGroup' must match pattern '^[A-Z][a-zA-Z0-9]*(?:[0-9](?:_[0-9]+)*)?$'. [TypeName]
[ant:checkstyle] [WARN] /app/src/main/java/com/mgz/afp/modca/IMM_InvokeMediumMap.java:24:1: Missing a Javadoc comment. [MissingJavadocType]
[ant:checkstyle] [WARN] /app/src/main/java/com/mgz/afp/modca/IMM_InvokeMediumMap.java:24:14: Abbreviation in name 'IMM_InvokeMediumMap' must contain no more than '1' consecutive capital letters. [AbbreviationAsWordInName]
[ant:checkstyle] [WARN] /app/src/main/java/com/mgz/afp/modca/IMM_InvokeMediumMap.java:24:14: Type name 'IMM_InvokeMediumMap' must match pattern '^[A-Z][a-zA-Z0-9]*(?:[0-9](?:_[0-9]+)*)?$'. [TypeName]
[ant:checkstyle] [WARN] /app/src/main/java/com/mgz/afp/modca/OCD_ObjectContainerData.java:24:1: Extra separation in import group before 'com.mgz.afp.base.StructuredFieldBaseData' [CustomImportOrder]
[ant:checkstyle] [WARN] /app/src/main/java/com/mgz/afp/modca/OCD_ObjectContainerData.java:34:14: Abbreviation in name 'OCD_ObjectContainerData' must contain no more than '1' consecutive capital letters. [AbbreviationAsWordInName]
[ant:checkstyle] [WARN] /app/src/main/java/com/mgz/afp/modca/OCD_ObjectContainerData.java:34:14: Type name 'OCD_ObjectContainerData' must match pattern '^[A-Z][a-zA-Z0-9]*(?:[0-9](?:_[0-9]+)*)?$'. [TypeName]
[ant:checkstyle] [WARN] /app/src/main/java/com/mgz/afp/modca/BFG_BeginFormEnvironmentGroup.java:24:1: Missing a Javadoc comment. [MissingJavadocType]
[ant:checkstyle] [WARN] /app/src/main/java/com/mgz/afp/modca/BFG_BeginFormEnvironmentGroup.java:24:14: Abbreviation in name 'BFG_BeginFormEnvironmentGroup' must contain no more than '1' consecutive capital letters. [AbbreviationAsWordInName]
[ant:checkstyle] [WARN] /app/src/main/java/com/mgz/afp/modca/BFG_BeginFormEnvironmentGroup.java:24:14: Type name 'BFG_BeginFormEnvironmentGroup' must match pattern '^[A-Z][a-zA-Z0-9]*(?:[0-9](?:_[0-9]+)*)?$'. [TypeName]
[ant:checkstyle] [WARN] /app/src/main/java/com/mgz/afp/modca/BPF_BeginPrintFile.java:24:1: Missing a Javadoc comment. [MissingJavadocType]
[ant:checkstyle] [WARN] /app/src/main/java/com/mgz/afp/modca/BPF_BeginPrintFile.java:24:14: Abbreviation in name 'BPF_BeginPrintFile' must contain no more than '1' consecutive capital letters. [AbbreviationAsWordInName]
[ant:checkstyle] [WARN] /app/src/main/java/com/mgz/afp/modca/BPF_BeginPrintFile.java:24:14: Type name 'BPF_BeginPrintFile' must match pattern '^[A-Z][a-zA-Z0-9]*(?:[0-9](?:_[0-9]+)*)?$'. [TypeName]
[ant:checkstyle] [WARN] /app/src/main/java/com/mgz/afp/modca/MCC_MediumCopyCount.java:21:1: 'package' has more than 1 empty lines before. [EmptyLineSeparator]
[ant:checkstyle] [WARN] /app/src/main/java/com/mgz/afp/modca/MCC_MediumCopyCount.java:29:1: Extra separation in import group before 'java.io.ByteArrayOutputStream' [CustomImportOrder]
[ant:checkstyle] [WARN] /app/src/main/java/com/mgz/afp/modca/MCC_MediumCopyCount.java:35:1: Missing a Javadoc comment. [MissingJavadocType]
[ant:checkstyle] [WARN] /app/src/main/java/com/mgz/afp/modca/MCC_MediumCopyCount.java:35:14: Abbreviation in name 'MCC_MediumCopyCount' must contain no more than '1' consecutive capital letters. [AbbreviationAsWordInName]
[ant:checkstyle] [WARN] /app/src/main/java/com/mgz/afp/modca/MCC_MediumCopyCount.java:35:14: Type name 'MCC_MediumCopyCount' must match pattern '^[A-Z][a-zA-Z0-9]*(?:[0-9](?:_[0-9]+)*)?$'. [TypeName]
[ant:checkstyle] [WARN] /app/src/main/java/com/mgz/afp/modca/MCC_MediumCopyCount.java:39: Line is longer than 100 characters (found 121). [LineLength]
[ant:checkstyle] [WARN] /app/src/main/java/com/mgz/afp/modca/MCC_MediumCopyCount.java:50: Line is longer than 100 characters (found 136). [LineLength]
[ant:checkstyle] [WARN] /app/src/main/java/com/mgz/afp/modca/MCC_MediumCopyCount.java:78:3: Missing a Javadoc comment. [MissingJavadocMethod]
[ant:checkstyle] [WARN] /app/src/main/java/com/mgz/afp/modca/MCC_MediumCopyCount.java:88:3: Missing a Javadoc comment. [MissingJavadocMethod]
[ant:checkstyle] [WARN] /app/src/main/java/com/mgz/afp/modca/MCC_MediumCopyCount.java:95:3: Missing a Javadoc comment. [MissingJavadocType]
[ant:checkstyle] [WARN] /app/src/main/java/com/mgz/afp/modca/MCC_MediumCopyCount.java:95:17: Abbreviation in name 'MCC_RepeatingGroup' must contain no more than '1' consecutive capital letters. [AbbreviationAsWordInName]
[ant:checkstyle] [WARN] /app/src/main/java/com/mgz/afp/modca/MCC_MediumCopyCount.java:95:17: Type name 'MCC_RepeatingGroup' must match pattern '^[A-Z][a-zA-Z0-9]*$'. [TypeName]
[ant:checkstyle] [WARN] /app/src/main/java/com/mgz/afp/modca/EDT_EndDocument.java:24:1: Missing a Javadoc comment. [MissingJavadocType]
[ant:checkstyle] [WARN] /app/src/main/java/com/mgz/afp/modca/EDT_EndDocument.java:24:14: Abbreviation in name 'EDT_EndDocument' must contain no more than '1' consecutive capital letters. [AbbreviationAsWordInName]
[ant:checkstyle] [WARN] /app/src/main/java/com/mgz/afp/modca/EDT_EndDocument.java:24:14: Type name 'EDT_EndDocument' must match pattern '^[A-Z][a-zA-Z0-9]*(?:[0-9](?:_[0-9]+)*)?$'. [TypeName]
[ant:checkstyle] [WARN] /app/src/main/java/com/mgz/afp/modca/ERG_EndResourceGroup.java:24:1: Missing a Javadoc comment. [MissingJavadocType]
[ant:checkstyle] [WARN] /app/src/main/java/com/mgz/afp/modca/ERG_EndResourceGroup.java:24:14: Abbreviation in name 'ERG_EndResourceGroup' must contain no more than '1' consecutive capital letters. [AbbreviationAsWordInName]
[ant:checkstyle] [WARN] /app/src/main/java/com/mgz/afp/modca/ERG_EndResourceGroup.java:24:14: Type name 'ERG_EndResourceGroup' must match pattern '^[A-Z][a-zA-Z0-9]*(?:[0-9](?:_[0-9]+)*)?$'. [TypeName]
[ant:checkstyle] [WARN] /app/src/main/java/com/mgz/afp/modca/EDG_EndDocumentEnvironmentGroup.java:24:1: Missing a Javadoc comment. [MissingJavadocType]
[ant:checkstyle] [WARN] /app/src/main/java/com/mgz/afp/modca/EDG_EndDocumentEnvironmentGroup.java:24:14: Abbreviation in name 'EDG_EndDocumentEnvironmentGroup' must contain no more than '1' consecutive capital letters. [AbbreviationAsWordInName]
[ant:checkstyle] [WARN] /app/src/main/java/com/mgz/afp/modca/EDG_EndDocumentEnvironmentGroup.java:24:14: Type name 'EDG_EndDocumentEnvironmentGroup' must match pattern '^[A-Z][a-zA-Z0-9]*(?:[0-9](?:_[0-9]+)*)?$'. [TypeName]
[ant:checkstyle] [WARN] /app/src/main/java/com/mgz/afp/modca/BOC_BeginObjectContainer.java:24:1: Missing a Javadoc comment. [MissingJavadocType]
[ant:checkstyle] [WARN] /app/src/main/java/com/mgz/afp/modca/BOC_BeginObjectContainer.java:24:14: Abbreviation in name 'BOC_BeginObjectContainer' must contain no more than '1' consecutive capital letters. [AbbreviationAsWordInName]
[ant:checkstyle] [WARN] /app/src/main/java/com/mgz/afp/modca/BOC_BeginObjectContainer.java:24:14: Type name 'BOC_BeginObjectContainer' must match pattern '^[A-Z][a-zA-Z0-9]*(?:[0-9](?:_[0-9]+)*)?$'. [TypeName]
[ant:checkstyle] [WARN] /app/src/main/java/com/mgz/afp/modca/MCF_MapCodedFont_Format2.java:21:1: 'package' has more than 1 empty lines before. [EmptyLineSeparator]
[ant:checkstyle] [WARN] /app/src/main/java/com/mgz/afp/modca/MCF_MapCodedFont_Format2.java:30:1: Extra separation in import group before 'java.io.ByteArrayOutputStream' [CustomImportOrder]
[ant:checkstyle] [WARN] /app/src/main/java/com/mgz/afp/modca/MCF_MapCodedFont_Format2.java:44:14: Abbreviation in name 'MCF_MapCodedFont_Format2' must contain no more than '1' consecutive capital letters. [AbbreviationAsWordInName]
[ant:checkstyle] [WARN] /app/src/main/java/com/mgz/afp/modca/MCF_MapCodedFont_Format2.java:44:14: Type name 'MCF_MapCodedFont_Format2' must match pattern '^[A-Z][a-zA-Z0-9]*(?:[0-9](?:_[0-9]+)*)?$'. [TypeName]
[ant:checkstyle] [WARN] /app/src/main/java/com/mgz/afp/modca/MCF_MapCodedFont_Format2.java:46: Line is longer than 100 characters (found 121). [LineLength]
[ant:checkstyle] [WARN] /app/src/main/java/com/mgz/afp/modca/MCF_MapCodedFont_Format2.java:71:3: Missing a Javadoc comment. [MissingJavadocType]
[ant:checkstyle] [WARN] /app/src/main/java/com/mgz/afp/modca/MCF_MapCodedFont_Format2.java:71:23: Abbreviation in name 'MCF_RepeatingGroup' must contain no more than '1' consecutive capital letters. [AbbreviationAsWordInName]
[ant:checkstyle] [WARN] /app/src/main/java/com/mgz/afp/modca/MCF_MapCodedFont_Format2.java:71:23: Type name 'MCF_RepeatingGroup' must match pattern '^[A-Z][a-zA-Z0-9]*(?:[0-9](?:_[0-9]+)*)?$'. [TypeName]
[ant:checkstyle] [WARN] /app/src/main/java/com/mgz/afp/modca/MMD_MapMediaDestination.java:21:1: 'package' has more than 1 empty lines before. [EmptyLineSeparator]
[ant:checkstyle] [WARN] /app/src/main/java/com/mgz/afp/modca/MMD_MapMediaDestination.java:29:1: Extra separation in import group before 'java.io.ByteArrayOutputStream' [CustomImportOrder]
[ant:checkstyle] [WARN] /app/src/main/java/com/mgz/afp/modca/MMD_MapMediaDestination.java:37:14: Abbreviation in name 'MMD_MapMediaDestination' must contain no more than '1' consecutive capital letters. [AbbreviationAsWordInName]
[ant:checkstyle] [WARN] /app/src/main/java/com/mgz/afp/modca/MMD_MapMediaDestination.java:37:14: Type name 'MMD_MapMediaDestination' must match pattern '^[A-Z][a-zA-Z0-9]*(?:[0-9](?:_[0-9]+)*)?$'. [TypeName]
[ant:checkstyle] [WARN] /app/src/main/java/com/mgz/afp/modca/MMD_MapMediaDestination.java:40: Line is longer than 100 characters (found 121). [LineLength]
[ant:checkstyle] [WARN] /app/src/main/java/com/mgz/afp/modca/MMD_MapMediaDestination.java:61:3: Missing a Javadoc comment. [MissingJavadocType]
[ant:checkstyle] [WARN] /app/src/main/java/com/mgz/afp/modca/MMD_MapMediaDestination.java:61:23: Abbreviation in name 'MMD_RepeatingGroup' must contain no more than '1' consecutive capital letters. [AbbreviationAsWordInName]
[ant:checkstyle] [WARN] /app/src/main/java/com/mgz/afp/modca/MMD_MapMediaDestination.java:61:23: Type name 'MMD_RepeatingGroup' must match pattern '^[A-Z][a-zA-Z0-9]*(?:[0-9](?:_[0-9]+)*)?$'. [TypeName]
[ant:checkstyle] [WARN] /app/src/main/java/com/mgz/afp/modca/IPS_IncludePageSegment.java:30:1: Extra separation in import group before 'java.io.ByteArrayOutputStream' [CustomImportOrder]
[ant:checkstyle] [WARN] /app/src/main/java/com/mgz/afp/modca/IPS_IncludePageSegment.java:46:14: Abbreviation in name 'IPS_IncludePageSegment' must contain no more than '1' consecutive capital letters. [AbbreviationAsWordInName]
[ant:checkstyle] [WARN] /app/src/main/java/com/mgz/afp/modca/IPS_IncludePageSegment.java:46:14: Type name 'IPS_IncludePageSegment' must match pattern '^[A-Z][a-zA-Z0-9]*(?:[0-9](?:_[0-9]+)*)?$'. [TypeName]
[ant:checkstyle] [WARN] /app/src/main/java/com/mgz/afp/modca/IPS_IncludePageSegment.java:48:7: Non-constant field name 'xOrigin' must start lowercase, be at least 2 chars, avoid single lowercase letter followed by uppercase, contain only letters, digits or underscores, with underscores allowed only between adjacent digits. [GoogleNonConstantFieldName]
[ant:checkstyle] [WARN] /app/src/main/java/com/mgz/afp/modca/IPS_IncludePageSegment.java:49:7: Non-constant field name 'yOrigin' must start lowercase, be at least 2 chars, avoid single lowercase letter followed by uppercase, contain only letters, digits or underscores, with underscores allowed only between adjacent digits. [GoogleNonConstantFieldName]
[ant:checkstyle] [WARN] /app/src/main/java/com/mgz/afp/modca/IPS_IncludePageSegment.java:52: Line is longer than 100 characters (found 121). [LineLength]
[ant:checkstyle] [WARN] /app/src/main/java/com/mgz/afp/modca/IPS_IncludePageSegment.java:68: Line is longer than 100 characters (found 128). [LineLength]
[ant:checkstyle] [WARN] /app/src/main/java/com/mgz/afp/modca/IPS_IncludePageSegment.java:87:3: Missing a Javadoc comment. [MissingJavadocMethod]
[ant:checkstyle] [WARN] /app/src/main/java/com/mgz/afp/modca/IPS_IncludePageSegment.java:91:3: Missing a Javadoc comment. [MissingJavadocMethod]
[ant:checkstyle] [WARN] /app/src/main/java/com/mgz/afp/modca/IPS_IncludePageSegment.java:91:30: Parameter name 'xOrigin' must match pattern '^[a-z]([a-z0-9][a-zA-Z0-9]*)?$'. [ParameterName]
[ant:checkstyle] [WARN] /app/src/main/java/com/mgz/afp/modca/IPS_IncludePageSegment.java:95:3: Missing a Javadoc comment. [MissingJavadocMethod]
[ant:checkstyle] [WARN] /app/src/main/java/com/mgz/afp/modca/IPS_IncludePageSegment.java:99:3: Missing a Javadoc comment. [MissingJavadocMethod]
[ant:checkstyle] [WARN] /app/src/main/java/com/mgz/afp/modca/IPS_IncludePageSegment.java:99:30: Parameter name 'yOrigin' must match pattern '^[a-z]([a-z0-9][a-zA-Z0-9]*)?$'. [ParameterName]
[ant:checkstyle] [WARN] /app/src/main/java/com/mgz/afp/modca/PGD_PageDescriptor.java:29:1: Extra separation in import group before 'java.io.ByteArrayOutputStream' [CustomImportOrder]
[ant:checkstyle] [WARN] /app/src/main/java/com/mgz/afp/modca/PGD_PageDescriptor.java:39:14: Abbreviation in name 'PGD_PageDescriptor' must contain no more than '1' consecutive capital letters. [AbbreviationAsWordInName]
[ant:checkstyle] [WARN] /app/src/main/java/com/mgz/afp/modca/PGD_PageDescriptor.java:39:14: Type name 'PGD_PageDescriptor' must match pattern '^[A-Z][a-zA-Z0-9]*(?:[0-9](?:_[0-9]+)*)?$'. [TypeName]
[ant:checkstyle] [WARN] /app/src/main/java/com/mgz/afp/modca/PGD_PageDescriptor.java:40:15: Non-constant field name 'xUnitBase' must start lowercase, be at least 2 chars, avoid single lowercase letter followed by uppercase, contain only letters, digits or underscores, with underscores allowed only between adjacent digits. [GoogleNonConstantFieldName]
[ant:checkstyle] [WARN] /app/src/main/java/com/mgz/afp/modca/PGD_PageDescriptor.java:41:15: Non-constant field name 'yUnitBase' must start lowercase, be at least 2 chars, avoid single lowercase letter followed by uppercase, contain only letters, digits or underscores, with underscores allowed only between adjacent digits. [GoogleNonConstantFieldName]
[ant:checkstyle] [WARN] /app/src/main/java/com/mgz/afp/modca/PGD_PageDescriptor.java:42:9: Non-constant field name 'xUnitsPerUnitBase' must start lowercase, be at least 2 chars, avoid single lowercase letter followed by uppercase, contain only letters, digits or underscores, with underscores allowed only between adjacent digits. [GoogleNonConstantFieldName]
[ant:checkstyle] [WARN] /app/src/main/java/com/mgz/afp/modca/PGD_PageDescriptor.java:43:9: Non-constant field name 'yUnitsPerUnitBase' must start lowercase, be at least 2 chars, avoid single lowercase letter followed by uppercase, contain only letters, digits or underscores, with underscores allowed only between adjacent digits. [GoogleNonConstantFieldName]
[ant:checkstyle] [WARN] /app/src/main/java/com/mgz/afp/modca/PGD_PageDescriptor.java:44:7: Non-constant field name 'xSize' must start lowercase, be at least 2 chars, avoid single lowercase letter followed by uppercase, contain only letters, digits or underscores, with underscores allowed only between adjacent digits. [GoogleNonConstantFieldName]
[ant:checkstyle] [WARN] /app/src/main/java/com/mgz/afp/modca/PGD_PageDescriptor.java:45:7: Non-constant field name 'ySize' must start lowercase, be at least 2 chars, avoid single lowercase letter followed by uppercase, contain only letters, digits or underscores, with underscores allowed only between adjacent digits. [GoogleNonConstantFieldName]
[ant:checkstyle] [WARN] /app/src/main/java/com/mgz/afp/modca/PGD_PageDescriptor.java:49: Line is longer than 100 characters (found 121). [LineLength]
[ant:checkstyle] [WARN] /app/src/main/java/com/mgz/afp/modca/PGD_PageDescriptor.java:89:3: Missing a Javadoc comment. [MissingJavadocMethod]
[ant:checkstyle] [WARN] /app/src/main/java/com/mgz/afp/modca/PGD_PageDescriptor.java:93:3: Missing a Javadoc comment. [MissingJavadocMethod]
[ant:checkstyle] [WARN] /app/src/main/java/com/mgz/afp/modca/PGD_PageDescriptor.java:93:40: Parameter name 'xUnitBase' must match pattern '^[a-z]([a-z0-9][a-zA-Z0-9]*)?$'. [ParameterName]
[ant:checkstyle] [WARN] /app/src/main/java/com/mgz/afp/modca/PGD_PageDescriptor.java:97:3: Missing a Javadoc comment. [MissingJavadocMethod]
[ant:checkstyle] [WARN] /app/src/main/java/com/mgz/afp/modca/PGD_PageDescriptor.java:101:3: Missing a Javadoc comment. [MissingJavadocMethod]
[ant:checkstyle] [WARN] /app/src/main/java/com/mgz/afp/modca/PGD_PageDescriptor.java:101:40: Parameter name 'yUnitBase' must match pattern '^[a-z]([a-z0-9][a-zA-Z0-9]*)?$'. [ParameterName]
[ant:checkstyle] [WARN] /app/src/main/java/com/mgz/afp/modca/PGD_PageDescriptor.java:105:3: Missing a Javadoc comment. [MissingJavadocMethod]
[ant:checkstyle] [WARN] /app/src/main/java/com/mgz/afp/modca/PGD_PageDescriptor.java:109:3: Missing a Javadoc comment. [MissingJavadocMethod]
[ant:checkstyle] [WARN] /app/src/main/java/com/mgz/afp/modca/PGD_PageDescriptor.java:109:42: Parameter name 'xUnitsPerUnitBase' must match pattern '^[a-z]([a-z0-9][a-zA-Z0-9]*)?$'. [ParameterName]
[ant:checkstyle] [WARN] /app/src/main/java/com/mgz/afp/modca/PGD_PageDescriptor.java:113:3: Missing a Javadoc comment. [MissingJavadocMethod]
[ant:checkstyle] [WARN] /app/src/main/java/com/mgz/afp/modca/PGD_PageDescriptor.java:117:3: Missing a Javadoc comment. [MissingJavadocMethod]
[ant:checkstyle] [WARN] /app/src/main/java/com/mgz/afp/modca/PGD_PageDescriptor.java:117:42: Parameter name 'yUnitsPerUnitBase' must match pattern '^[a-z]([a-z0-9][a-zA-Z0-9]*)?$'. [ParameterName]
[ant:checkstyle] [WARN] /app/src/main/java/com/mgz/afp/modca/PGD_PageDescriptor.java:121:3: Missing a Javadoc comment. [MissingJavadocMethod]
[ant:checkstyle] [WARN] /app/src/main/java/com/mgz/afp/modca/PGD_PageDescriptor.java:125:3: Missing a Javadoc comment. [MissingJavadocMethod]
[ant:checkstyle] [WARN] /app/src/main/java/com/mgz/afp/modca/PGD_PageDescriptor.java:125:28: Parameter name 'xSize' must match pattern '^[a-z]([a-z0-9][a-zA-Z0-9]*)?$'. [ParameterName]
[ant:checkstyle] [WARN] /app/src/main/java/com/mgz/afp/modca/PGD_PageDescriptor.java:129:3: Missing a Javadoc comment. [MissingJavadocMethod]
[ant:checkstyle] [WARN] /app/src/main/java/com/mgz/afp/modca/PGD_PageDescriptor.java:133:3: Missing a Javadoc comment. [MissingJavadocMethod]
[ant:checkstyle] [WARN] /app/src/main/java/com/mgz/afp/modca/PGD_PageDescriptor.java:133:28: Parameter name 'ySize' must match pattern '^[a-z]([a-z0-9][a-zA-Z0-9]*)?$'. [ParameterName]
[ant:checkstyle] [WARN] /app/src/main/java/com/mgz/afp/modca/PGD_PageDescriptor.java:141:39: Parameter name 'reserved12_14' must match pattern '^[a-z]([a-z0-9][a-zA-Z0-9]*)?$'. [ParameterName]
[ant:checkstyle] [WARN] /app/src/main/java/com/mgz/afp/modca/BIM_BeginImageObject.java:24:1: Missing a Javadoc comment. [MissingJavadocType]
[ant:checkstyle] [WARN] /app/src/main/java/com/mgz/afp/modca/BIM_BeginImageObject.java:24:14: Abbreviation in name 'BIM_BeginImageObject' must contain no more than '1' consecutive capital letters. [AbbreviationAsWordInName]
[ant:checkstyle] [WARN] /app/src/main/java/com/mgz/afp/modca/BIM_BeginImageObject.java:24:14: Type name 'BIM_BeginImageObject' must match pattern '^[A-Z][a-zA-Z0-9]*(?:[0-9](?:_[0-9]+)*)?$'. [TypeName]
[ant:checkstyle] [WARN] /app/src/main/java/com/mgz/afp/modca/MPG_MapPage.java:21:1: 'package' has more than 1 empty lines before. [EmptyLineSeparator]
[ant:checkstyle] [WARN] /app/src/main/java/com/mgz/afp/modca/MPG_MapPage.java:29:1: Extra separation in import group before 'java.io.ByteArrayOutputStream' [CustomImportOrder]
[ant:checkstyle] [WARN] /app/src/main/java/com/mgz/afp/modca/MPG_MapPage.java:37:14: Abbreviation in name 'MPG_MapPage' must contain no more than '1' consecutive capital letters. [AbbreviationAsWordInName]
[ant:checkstyle] [WARN] /app/src/main/java/com/mgz/afp/modca/MPG_MapPage.java:37:14: Type name 'MPG_MapPage' must match pattern '^[A-Z][a-zA-Z0-9]*(?:[0-9](?:_[0-9]+)*)?$'. [TypeName]
[ant:checkstyle] [WARN] /app/src/main/java/com/mgz/afp/modca/MPG_MapPage.java:40: Line is longer than 100 characters (found 121). [LineLength]
[ant:checkstyle] [WARN] /app/src/main/java/com/mgz/afp/modca/MPG_MapPage.java:60:3: Missing a Javadoc comment. [MissingJavadocType]
[ant:checkstyle] [WARN] /app/src/main/java/com/mgz/afp/modca/MPG_MapPage.java:60:23: Abbreviation in name 'MPG_RepeatingGroup' must contain no more than '1' consecutive capital letters. [AbbreviationAsWordInName]
[ant:checkstyle] [WARN] /app/src/main/java/com/mgz/afp/modca/MPG_MapPage.java:60:23: Type name 'MPG_RepeatingGroup' must match pattern '^[A-Z][a-zA-Z0-9]*(?:[0-9](?:_[0-9]+)*)?$'. [TypeName]
[ant:checkstyle] [WARN] /app/src/main/java/com/mgz/afp/modca/IRD_IMImageRasterData.java:24:1: Missing a Javadoc comment. [MissingJavadocType]
[ant:checkstyle] [WARN] /app/src/main/java/com/mgz/afp/modca/IRD_IMImageRasterData.java:24:14: Abbreviation in name 'IRD_IMImageRasterData' must contain no more than '1' consecutive capital letters. [AbbreviationAsWordInName]
[ant:checkstyle] [WARN] /app/src/main/java/com/mgz/afp/modca/IRD_IMImageRasterData.java:24:14: Type name 'IRD_IMImageRasterData' must match pattern '^[A-Z][a-zA-Z0-9]*(?:[0-9](?:_[0-9]+)*)?$'. [TypeName]
[ant:checkstyle] [WARN] /app/src/main/java/com/mgz/afp/modca/BRG_BeginResourceGroup.java:24:1: Missing a Javadoc comment. [MissingJavadocType]
[ant:checkstyle] [WARN] /app/src/main/java/com/mgz/afp/modca/BRG_BeginResourceGroup.java:24:14: Abbreviation in name 'BRG_BeginResourceGroup' must contain no more than '1' consecutive capital letters. [AbbreviationAsWordInName]
[ant:checkstyle] [WARN] /app/src/main/java/com/mgz/afp/modca/BRG_BeginResourceGroup.java:24:14: Type name 'BRG_BeginResourceGroup' must match pattern '^[A-Z][a-zA-Z0-9]*(?:[0-9](?:_[0-9]+)*)?$'. [TypeName]
[ant:checkstyle] [WARN] /app/src/main/java/com/mgz/afp/modca/IEL_IndexElement.java:24:1: Missing a Javadoc comment. [MissingJavadocType]
[ant:checkstyle] [WARN] /app/src/main/java/com/mgz/afp/modca/IEL_IndexElement.java:24:14: Abbreviation in name 'IEL_IndexElement' must contain no more than '1' consecutive capital letters. [AbbreviationAsWordInName]
[ant:checkstyle] [WARN] /app/src/main/java/com/mgz/afp/modca/IEL_IndexElement.java:24:14: Type name 'IEL_IndexElement' must match pattern '^[A-Z][a-zA-Z0-9]*(?:[0-9](?:_[0-9]+)*)?$'. [TypeName]
[ant:checkstyle] [WARN] /app/src/main/java/com/mgz/afp/modca/BDT_BeginDocument.java:32:1: Extra separation in import group before 'java.io.ByteArrayOutputStream' [CustomImportOrder]
[ant:checkstyle] [WARN] /app/src/main/java/com/mgz/afp/modca/BDT_BeginDocument.java:38:1: Missing a Javadoc comment. [MissingJavadocType]
[ant:checkstyle] [WARN] /app/src/main/java/com/mgz/afp/modca/BDT_BeginDocument.java:38:14: Abbreviation in name 'BDT_BeginDocument' must contain no more than '1' consecutive capital letters. [AbbreviationAsWordInName]
[ant:checkstyle] [WARN] /app/src/main/java/com/mgz/afp/modca/BDT_BeginDocument.java:38:14: Type name 'BDT_BeginDocument' must match pattern '^[A-Z][a-zA-Z0-9]*(?:[0-9](?:_[0-9]+)*)?$'. [TypeName]
[ant:checkstyle] [WARN] /app/src/main/java/com/mgz/afp/modca/BDT_BeginDocument.java:45: Line is longer than 100 characters (found 121). [LineLength]
[ant:checkstyle] [WARN] /app/src/main/java/com/mgz/afp/modca/BDT_BeginDocument.java:64: Line is longer than 100 characters (found 117). [LineLength]
[ant:checkstyle] [WARN] /app/src/main/java/com/mgz/afp/modca/EFM_EndFormMap.java:24:1: Missing a Javadoc comment. [MissingJavadocType]
[ant:checkstyle] [WARN] /app/src/main/java/com/mgz/afp/modca/EFM_EndFormMap.java:24:14: Abbreviation in name 'EFM_EndFormMap' must contain no more than '1' consecutive capital letters. [AbbreviationAsWordInName]
[ant:checkstyle] [WARN] /app/src/main/java/com/mgz/afp/modca/EFM_EndFormMap.java:24:14: Type name 'EFM_EndFormMap' must match pattern '^[A-Z][a-zA-Z0-9]*(?:[0-9](?:_[0-9]+)*)?$'. [TypeName]
[ant:checkstyle] [WARN] /app/src/main/java/com/mgz/afp/modca/MDD_MediumDescriptor.java:29:1: Extra separation in import group before 'java.io.ByteArrayOutputStream' [CustomImportOrder]
[ant:checkstyle] [WARN] /app/src/main/java/com/mgz/afp/modca/MDD_MediumDescriptor.java:38:14: Abbreviation in name 'MDD_MediumDescriptor' must contain no more than '1' consecutive capital letters. [AbbreviationAsWordInName]
[ant:checkstyle] [WARN] /app/src/main/java/com/mgz/afp/modca/MDD_MediumDescriptor.java:38:14: Type name 'MDD_MediumDescriptor' must match pattern '^[A-Z][a-zA-Z0-9]*(?:[0-9](?:_[0-9]+)*)?$'. [TypeName]
[ant:checkstyle] [WARN] /app/src/main/java/com/mgz/afp/modca/MDD_MediumDescriptor.java:39:15: Non-constant field name 'xUnitBase' must start lowercase, be at least 2 chars, avoid single lowercase letter followed by uppercase, contain only letters, digits or underscores, with underscores allowed only between adjacent digits. [GoogleNonConstantFieldName]
[ant:checkstyle] [WARN] /app/src/main/java/com/mgz/afp/modca/MDD_MediumDescriptor.java:40:15: Non-constant field name 'yUnitBase' must start lowercase, be at least 2 chars, avoid single lowercase letter followed by uppercase, contain only letters, digits or underscores, with underscores allowed only between adjacent digits. [GoogleNonConstantFieldName]
[ant:checkstyle] [WARN] /app/src/main/java/com/mgz/afp/modca/MDD_MediumDescriptor.java:41:9: Non-constant field name 'xUnitsPerUnitBase' must start lowercase, be at least 2 chars, avoid single lowercase letter followed by uppercase, contain only letters, digits or underscores, with underscores allowed only between adjacent digits. [GoogleNonConstantFieldName]
[ant:checkstyle] [WARN] /app/src/main/java/com/mgz/afp/modca/MDD_MediumDescriptor.java:42:9: Non-constant field name 'yUnitsPerUnitBase' must start lowercase, be at least 2 chars, avoid single lowercase letter followed by uppercase, contain only letters, digits or underscores, with underscores allowed only between adjacent digits. [GoogleNonConstantFieldName]
[ant:checkstyle] [WARN] /app/src/main/java/com/mgz/afp/modca/MDD_MediumDescriptor.java:43:7: Non-constant field name 'xMediumExtent' must start lowercase, be at least 2 chars, avoid single lowercase letter followed by uppercase, contain only letters, digits or underscores, with underscores allowed only between adjacent digits. [GoogleNonConstantFieldName]
[ant:checkstyle] [WARN] /app/src/main/java/com/mgz/afp/modca/MDD_MediumDescriptor.java:44:7: Non-constant field name 'yMediumExtent' must start lowercase, be at least 2 chars, avoid single lowercase letter followed by uppercase, contain only letters, digits or underscores, with underscores allowed only between adjacent digits. [GoogleNonConstantFieldName]
[ant:checkstyle] [WARN] /app/src/main/java/com/mgz/afp/modca/MDD_MediumDescriptor.java:48: Line is longer than 100 characters (found 121). [LineLength]
[ant:checkstyle] [WARN] /app/src/main/java/com/mgz/afp/modca/MDD_MediumDescriptor.java:84:3: Missing a Javadoc comment. [MissingJavadocMethod]
[ant:checkstyle] [WARN] /app/src/main/java/com/mgz/afp/modca/MDD_MediumDescriptor.java:88:3: Missing a Javadoc comment. [MissingJavadocMethod]
[ant:checkstyle] [WARN] /app/src/main/java/com/mgz/afp/modca/MDD_MediumDescriptor.java:88:40: Parameter name 'xUnitBase' must match pattern '^[a-z]([a-z0-9][a-zA-Z0-9]*)?$'. [ParameterName]
[ant:checkstyle] [WARN] /app/src/main/java/com/mgz/afp/modca/MDD_MediumDescriptor.java:92:3: Missing a Javadoc comment. [MissingJavadocMethod]
[ant:checkstyle] [WARN] /app/src/main/java/com/mgz/afp/modca/MDD_MediumDescriptor.java:96:3: Missing a Javadoc comment. [MissingJavadocMethod]
[ant:checkstyle] [WARN] /app/src/main/java/com/mgz/afp/modca/MDD_MediumDescriptor.java:96:40: Parameter name 'yUnitBase' must match pattern '^[a-z]([a-z0-9][a-zA-Z0-9]*)?$'. [ParameterName]
[ant:checkstyle] [WARN] /app/src/main/java/com/mgz/afp/modca/MDD_MediumDescriptor.java:100:3: Missing a Javadoc comment. [MissingJavadocMethod]
[ant:checkstyle] [WARN] /app/src/main/java/com/mgz/afp/modca/MDD_MediumDescriptor.java:104:3: Missing a Javadoc comment. [MissingJavadocMethod]
[ant:checkstyle] [WARN] /app/src/main/java/com/mgz/afp/modca/MDD_MediumDescriptor.java:104:42: Parameter name 'xUnitsPerUnitBase' must match pattern '^[a-z]([a-z0-9][a-zA-Z0-9]*)?$'. [ParameterName]
[ant:checkstyle] [WARN] /app/src/main/java/com/mgz/afp/modca/MDD_MediumDescriptor.java:108:3: Missing a Javadoc comment. [MissingJavadocMethod]
[ant:checkstyle] [WARN] /app/src/main/java/com/mgz/afp/modca/MDD_MediumDescriptor.java:112:3: Missing a Javadoc comment. [MissingJavadocMethod]
[ant:checkstyle] [WARN] /app/src/main/java/com/mgz/afp/modca/MDD_MediumDescriptor.java:112:42: Parameter name 'yUnitsPerUnitBase' must match pattern '^[a-z]([a-z0-9][a-zA-Z0-9]*)?$'. [ParameterName]
[ant:checkstyle] [WARN] /app/src/main/java/com/mgz/afp/modca/MDD_MediumDescriptor.java:116:3: Missing a Javadoc comment. [MissingJavadocMethod]
[ant:checkstyle] [WARN] /app/src/main/java/com/mgz/afp/modca/MDD_MediumDescriptor.java:120:3: Missing a Javadoc comment. [MissingJavadocMethod]
[ant:checkstyle] [WARN] /app/src/main/java/com/mgz/afp/modca/MDD_MediumDescriptor.java:120:36: Parameter name 'xMediumExtent' must match pattern '^[a-z]([a-z0-9][a-zA-Z0-9]*)?$'. [ParameterName]
[ant:checkstyle] [WARN] /app/src/main/java/com/mgz/afp/modca/MDD_MediumDescriptor.java:124:3: Missing a Javadoc comment. [MissingJavadocMethod]
[ant:checkstyle] [WARN] /app/src/main/java/com/mgz/afp/modca/MDD_MediumDescriptor.java:128:3: Missing a Javadoc comment. [MissingJavadocMethod]
[ant:checkstyle] [WARN] /app/src/main/java/com/mgz/afp/modca/MDD_MediumDescriptor.java:128:36: Parameter name 'yMediumExtent' must match pattern '^[a-z]([a-z0-9][a-zA-Z0-9]*)?$'. [ParameterName]
[ant:checkstyle] [WARN] /app/src/main/java/com/mgz/afp/modca/MDD_MediumDescriptor.java:140:3: Missing a Javadoc comment. [MissingJavadocType]
[ant:checkstyle] [WARN] /app/src/main/java/com/mgz/afp/modca/MDD_MediumDescriptor.java:140:15: Abbreviation in name 'MDD_Flag' must contain no more than '1' consecutive capital letters. [AbbreviationAsWordInName]
[ant:checkstyle] [WARN] /app/src/main/java/com/mgz/afp/modca/MDD_MediumDescriptor.java:140:15: Type name 'MDD_Flag' must match pattern '^[A-Z][a-zA-Z0-9]*$'. [TypeName]
[ant:checkstyle] [WARN] /app/src/main/java/com/mgz/afp/modca/MDD_MediumDescriptor.java:144:5: Missing a Javadoc comment. [MissingJavadocMethod]
[ant:checkstyle] [WARN] /app/src/main/java/com/mgz/afp/modca/MDD_MediumDescriptor.java:152:5: Missing a Javadoc comment. [MissingJavadocMethod]
[ant:checkstyle] [WARN] /app/src/main/java/com/mgz/afp/modca/BOG_BeginObjectEnvironmentGroup.java:24:1: Missing a Javadoc comment. [MissingJavadocType]
[ant:checkstyle] [WARN] /app/src/main/java/com/mgz/afp/modca/BOG_BeginObjectEnvironmentGroup.java:24:14: Abbreviation in name 'BOG_BeginObjectEnvironmentGroup' must contain no more than '1' consecutive capital letters. [AbbreviationAsWordInName]
[ant:checkstyle] [WARN] /app/src/main/java/com/mgz/afp/modca/BOG_BeginObjectEnvironmentGroup.java:24:14: Type name 'BOG_BeginObjectEnvironmentGroup' must match pattern '^[A-Z][a-zA-Z0-9]*(?:[0-9](?:_[0-9]+)*)?$'. [TypeName]
[ant:checkstyle] [WARN] /app/src/main/java/com/mgz/afp/modca/BNG_BeginNamedPageGroup.java:24:1: Missing a Javadoc comment. [MissingJavadocType]
[ant:checkstyle] [WARN] /app/src/main/java/com/mgz/afp/modca/BNG_BeginNamedPageGroup.java:24:14: Abbreviation in name 'BNG_BeginNamedPageGroup' must contain no more than '1' consecutive capital letters. [AbbreviationAsWordInName]
[ant:checkstyle] [WARN] /app/src/main/java/com/mgz/afp/modca/BNG_BeginNamedPageGroup.java:24:14: Type name 'BNG_BeginNamedPageGroup' must match pattern '^[A-Z][a-zA-Z0-9]*(?:[0-9](?:_[0-9]+)*)?$'. [TypeName]
[ant:checkstyle] [WARN] /app/src/main/java/com/mgz/afp/modca/MCD_MapContainerData.java:29:1: Extra separation in import group before 'java.io.ByteArrayOutputStream' [CustomImportOrder]
[ant:checkstyle] [WARN] /app/src/main/java/com/mgz/afp/modca/MCD_MapContainerData.java:33:1: Missing a Javadoc comment. [MissingJavadocType]
[ant:checkstyle] [WARN] /app/src/main/java/com/mgz/afp/modca/MCD_MapContainerData.java:33:14: Abbreviation in name 'MCD_MapContainerData' must contain no more than '1' consecutive capital letters. [AbbreviationAsWordInName]
[ant:checkstyle] [WARN] /app/src/main/java/com/mgz/afp/modca/MCD_MapContainerData.java:33:14: Type name 'MCD_MapContainerData' must match pattern '^[A-Z][a-zA-Z0-9]*(?:[0-9](?:_[0-9]+)*)?$'. [TypeName]
[ant:checkstyle] [WARN] /app/src/main/java/com/mgz/afp/modca/MCD_MapContainerData.java:38: Line is longer than 100 characters (found 121). [LineLength]
[ant:checkstyle] [WARN] /app/src/main/java/com/mgz/afp/modca/IPO_IncludePageOverlay.java:31:1: Extra separation in import group before 'java.io.ByteArrayOutputStream' [CustomImportOrder]
[ant:checkstyle] [WARN] /app/src/main/java/com/mgz/afp/modca/IPO_IncludePageOverlay.java:47:14: Abbreviation in name 'IPO_IncludePageOverlay' must contain no more than '1' consecutive capital letters. [AbbreviationAsWordInName]
[ant:checkstyle] [WARN] /app/src/main/java/com/mgz/afp/modca/IPO_IncludePageOverlay.java:47:14: Type name 'IPO_IncludePageOverlay' must match pattern '^[A-Z][a-zA-Z0-9]*(?:[0-9](?:_[0-9]+)*)?$'. [TypeName]
[ant:checkstyle] [WARN] /app/src/main/java/com/mgz/afp/modca/IPO_IncludePageOverlay.java:49:7: Non-constant field name 'xOrigin' must start lowercase, be at least 2 chars, avoid single lowercase letter followed by uppercase, contain only letters, digits or underscores, with underscores allowed only between adjacent digits. [GoogleNonConstantFieldName]
[ant:checkstyle] [WARN] /app/src/main/java/com/mgz/afp/modca/IPO_IncludePageOverlay.java:50:7: Non-constant field name 'yOrigin' must start lowercase, be at least 2 chars, avoid single lowercase letter followed by uppercase, contain only letters, digits or underscores, with underscores allowed only between adjacent digits. [GoogleNonConstantFieldName]
[ant:checkstyle] [WARN] /app/src/main/java/com/mgz/afp/modca/IPO_IncludePageOverlay.java:51:18: Non-constant field name 'xRotation' must start lowercase, be at least 2 chars, avoid single lowercase letter followed by uppercase, contain only letters, digits or underscores, with underscores allowed only between adjacent digits. [GoogleNonConstantFieldName]
[ant:checkstyle] [WARN] /app/src/main/java/com/mgz/afp/modca/IPO_IncludePageOverlay.java:54: Line is longer than 100 characters (found 121). [LineLength]
[ant:checkstyle] [WARN] /app/src/main/java/com/mgz/afp/modca/IPO_IncludePageOverlay.java:75: Line is longer than 100 characters (found 124). [LineLength]
[ant:checkstyle] [WARN] /app/src/main/java/com/mgz/afp/modca/IPO_IncludePageOverlay.java:97:3: Missing a Javadoc comment. [MissingJavadocMethod]
[ant:checkstyle] [WARN] /app/src/main/java/com/mgz/afp/modca/IPO_IncludePageOverlay.java:101:3: Missing a Javadoc comment. [MissingJavadocMethod]
[ant:checkstyle] [WARN] /app/src/main/java/com/mgz/afp/modca/IPO_IncludePageOverlay.java:101:30: Parameter name 'xOrigin' must match pattern '^[a-z]([a-z0-9][a-zA-Z0-9]*)?$'. [ParameterName]
[ant:checkstyle] [WARN] /app/src/main/java/com/mgz/afp/modca/IPO_IncludePageOverlay.java:105:3: Missing a Javadoc comment. [MissingJavadocMethod]
[ant:checkstyle] [WARN] /app/src/main/java/com/mgz/afp/modca/IPO_IncludePageOverlay.java:109:3: Missing a Javadoc comment. [MissingJavadocMethod]
[ant:checkstyle] [WARN] /app/src/main/java/com/mgz/afp/modca/IPO_IncludePageOverlay.java:109:30: Parameter name 'yOrigin' must match pattern '^[a-z]([a-z0-9][a-zA-Z0-9]*)?$'. [ParameterName]
[ant:checkstyle] [WARN] /app/src/main/java/com/mgz/afp/modca/IPO_IncludePageOverlay.java:113:3: Missing a Javadoc comment. [MissingJavadocMethod]
[ant:checkstyle] [WARN] /app/src/main/java/com/mgz/afp/modca/IPO_IncludePageOverlay.java:117:3: Missing a Javadoc comment. [MissingJavadocMethod]
[ant:checkstyle] [WARN] /app/src/main/java/com/mgz/afp/modca/IPO_IncludePageOverlay.java:117:43: Parameter name 'xRotation' must match pattern '^[a-z]([a-z0-9][a-zA-Z0-9]*)?$'. [ParameterName]
[ant:checkstyle] [WARN] /app/src/main/java/com/mgz/afp/modca/BPS_BeginPageSegment.java:32:1: Extra separation in import group before 'java.io.ByteArrayOutputStream' [CustomImportOrder]
[ant:checkstyle] [WARN] /app/src/main/java/com/mgz/afp/modca/BPS_BeginPageSegment.java:38:1: Missing a Javadoc comment. [MissingJavadocType]
[ant:checkstyle] [WARN] /app/src/main/java/com/mgz/afp/modca/BPS_BeginPageSegment.java:38:14: Abbreviation in name 'BPS_BeginPageSegment' must contain no more than '1' consecutive capital letters. [AbbreviationAsWordInName]
[ant:checkstyle] [WARN] /app/src/main/java/com/mgz/afp/modca/BPS_BeginPageSegment.java:38:14: Type name 'BPS_BeginPageSegment' must match pattern '^[A-Z][a-zA-Z0-9]*(?:[0-9](?:_[0-9]+)*)?$'. [TypeName]
[ant:checkstyle] [WARN] /app/src/main/java/com/mgz/afp/modca/BPS_BeginPageSegment.java:45: Line is longer than 100 characters (found 121). [LineLength]
[ant:checkstyle] [WARN] /app/src/main/java/com/mgz/afp/modca/BPS_BeginPageSegment.java:64: Line is longer than 100 characters (found 117). [LineLength]
[ant:checkstyle] [WARN] /app/src/main/java/com/mgz/afp/modca/EOG_EndObjectEnvironmentGroup.java:24:1: Missing a Javadoc comment. [MissingJavadocType]
[ant:checkstyle] [WARN] /app/src/main/java/com/mgz/afp/modca/EOG_EndObjectEnvironmentGroup.java:24:14: Abbreviation in name 'EOG_EndObjectEnvironmentGroup' must contain no more than '1' consecutive capital letters. [AbbreviationAsWordInName]
[ant:checkstyle] [WARN] /app/src/main/java/com/mgz/afp/modca/EOG_EndObjectEnvironmentGroup.java:24:14: Type name 'EOG_EndObjectEnvironmentGroup' must match pattern '^[A-Z][a-zA-Z0-9]*(?:[0-9](?:_[0-9]+)*)?$'. [TypeName]
[ant:checkstyle] [WARN] /app/src/main/java/com/mgz/afp/modca/CTC_ComposedTextControl.java:26:1: Extra separation in import group before 'java.io.IOException' [CustomImportOrder]
[ant:checkstyle] [WARN] /app/src/main/java/com/mgz/afp/modca/CTC_ComposedTextControl.java:29:1: Missing a Javadoc comment. [MissingJavadocType]
[ant:checkstyle] [WARN] /app/src/main/java/com/mgz/afp/modca/CTC_ComposedTextControl.java:29:14: Abbreviation in name 'CTC_ComposedTextControl' must contain no more than '1' consecutive capital letters. [AbbreviationAsWordInName]
[ant:checkstyle] [WARN] /app/src/main/java/com/mgz/afp/modca/CTC_ComposedTextControl.java:29:14: Type name 'CTC_ComposedTextControl' must match pattern '^[A-Z][a-zA-Z0-9]*(?:[0-9](?:_[0-9]+)*)?$'. [TypeName]
[ant:checkstyle] [WARN] /app/src/main/java/com/mgz/afp/modca/CTC_ComposedTextControl.java:33: Line is longer than 100 characters (found 121). [LineLength]
[ant:checkstyle] [WARN] /app/src/main/java/com/mgz/afp/modca/MPT_MapPresentationText.java:28:1: Extra separation in import group before 'java.io.ByteArrayOutputStream' [CustomImportOrder]
[ant:checkstyle] [WARN] /app/src/main/java/com/mgz/afp/modca/MPT_MapPresentationText.java:37:14: Abbreviation in name 'MPT_MapPresentationText' must contain no more than '1' consecutive capital letters. [AbbreviationAsWordInName]
[ant:checkstyle] [WARN] /app/src/main/java/com/mgz/afp/modca/MPT_MapPresentationText.java:37:14: Type name 'MPT_MapPresentationText' must match pattern '^[A-Z][a-zA-Z0-9]*(?:[0-9](?:_[0-9]+)*)?$'. [TypeName]
[ant:checkstyle] [WARN] /app/src/main/java/com/mgz/afp/modca/MPT_MapPresentationText.java:39: Line is longer than 100 characters (found 121). [LineLength]
[ant:checkstyle] [WARN] /app/src/main/java/com/mgz/afp/modca/MPT_MapPresentationText.java:63:3: Missing a Javadoc comment. [MissingJavadocType]
[ant:checkstyle] [WARN] /app/src/main/java/com/mgz/afp/modca/MPT_MapPresentationText.java:63:23: Abbreviation in name 'MPT_RepeatingGroup' must contain no more than '1' consecutive capital letters. [AbbreviationAsWordInName]
[ant:checkstyle] [WARN] /app/src/main/java/com/mgz/afp/modca/MPT_MapPresentationText.java:63:23: Type name 'MPT_RepeatingGroup' must match pattern '^[A-Z][a-zA-Z0-9]*(?:[0-9](?:_[0-9]+)*)?$'. [TypeName]
[ant:checkstyle] [WARN] /app/src/main/java/com/mgz/afp/modca/MMC_MediumModificationControl.java:21:1: 'package' has more than 1 empty lines before. [EmptyLineSeparator]
[ant:checkstyle] [WARN] /app/src/main/java/com/mgz/afp/modca/MMC_MediumModificationControl.java:29:1: Extra separation in import group before 'java.io.ByteArrayOutputStream' [CustomImportOrder]
[ant:checkstyle] [WARN] /app/src/main/java/com/mgz/afp/modca/MMC_MediumModificationControl.java:40:14: Abbreviation in name 'MMC_MediumModificationControl' must contain no more than '1' consecutive capital letters. [AbbreviationAsWordInName]
[ant:checkstyle] [WARN] /app/src/main/java/com/mgz/afp/modca/MMC_MediumModificationControl.java:40:14: Type name 'MMC_MediumModificationControl' must match pattern '^[A-Z][a-zA-Z0-9]*(?:[0-9](?:_[0-9]+)*)?$'. [TypeName]
[ant:checkstyle] [WARN] /app/src/main/java/com/mgz/afp/modca/MMC_MediumModificationControl.java:46: Line is longer than 100 characters (found 121). [LineLength]
[ant:checkstyle] [WARN] /app/src/main/java/com/mgz/afp/modca/MMC_MediumModificationControl.java:55: Line is longer than 100 characters (found 131). [LineLength]
[ant:checkstyle] [WARN] /app/src/main/java/com/mgz/afp/modca/MMC_MediumModificationControl.java:106:3: Missing a Javadoc comment. [MissingJavadocMethod]
[ant:checkstyle] [WARN] /app/src/main/java/com/mgz/afp/modca/MMC_MediumModificationControl.java:116:3: Missing a Javadoc comment. [MissingJavadocMethod]
[ant:checkstyle] [WARN] /app/src/main/java/com/mgz/afp/modca/MMC_MediumModificationControl.java:124:3: Missing a Javadoc comment. [MissingJavadocType]
[ant:checkstyle] [WARN] /app/src/main/java/com/mgz/afp/modca/MMC_MediumModificationControl.java:124:17: Abbreviation in name 'MMC_KeyWord' must contain no more than '1' consecutive capital letters. [AbbreviationAsWordInName]
[ant:checkstyle] [WARN] /app/src/main/java/com/mgz/afp/modca/MMC_MediumModificationControl.java:124:17: Type name 'MMC_KeyWord' must match pattern '^[A-Z][a-zA-Z0-9]*$'. [TypeName]
[ant:checkstyle] [WARN] /app/src/main/java/com/mgz/afp/modca/MMC_MediumModificationControl.java:124:53: Abbreviation in name 'keywordID' must contain no more than '1' consecutive capital letters. [AbbreviationAsWordInName]
[ant:checkstyle] [WARN] /app/src/main/java/com/mgz/afp/modca/MMC_MediumModificationControl.java:125:5: Missing a Javadoc comment. [MissingJavadocType]
[ant:checkstyle] [WARN] /app/src/main/java/com/mgz/afp/modca/MMC_MediumModificationControl.java:125:17: Abbreviation in name 'MMC_KeyWordID' must contain no more than '1' consecutive capital letters. [AbbreviationAsWordInName]
[ant:checkstyle] [WARN] /app/src/main/java/com/mgz/afp/modca/MMC_MediumModificationControl.java:125:17: Type name 'MMC_KeyWordID' must match pattern '^[A-Z][a-zA-Z0-9]*$'. [TypeName]
[ant:checkstyle] [WARN] /app/src/main/java/com/mgz/afp/modca/MMC_MediumModificationControl.java:153:7: Missing a Javadoc comment. [MissingJavadocMethod]
[ant:checkstyle] [WARN] /app/src/main/java/com/mgz/afp/modca/MMC_MediumModificationControl.java:162:7: Missing a Javadoc comment. [MissingJavadocMethod]
[ant:checkstyle] [WARN] /app/src/main/java/com/mgz/afp/modca/BAG_BeginActiveEnvironmentGroup.java:27:14: Abbreviation in name 'BAG_BeginActiveEnvironmentGroup' must contain no more than '1' consecutive capital letters. [AbbreviationAsWordInName]
[ant:checkstyle] [WARN] /app/src/main/java/com/mgz/afp/modca/BAG_BeginActiveEnvironmentGroup.java:27:14: Type name 'BAG_BeginActiveEnvironmentGroup' must match pattern '^[A-Z][a-zA-Z0-9]*(?:[0-9](?:_[0-9]+)*)?$'. [TypeName]
[ant:checkstyle] [WARN] /app/src/main/java/com/mgz/afp/modca/BII_BeginIMImageObject.java:24:1: Missing a Javadoc comment. [MissingJavadocType]
[ant:checkstyle] [WARN] /app/src/main/java/com/mgz/afp/modca/BII_BeginIMImageObject.java:24:14: Abbreviation in name 'BII_BeginIMImageObject' must contain no more than '1' consecutive capital letters. [AbbreviationAsWordInName]
[ant:checkstyle] [WARN] /app/src/main/java/com/mgz/afp/modca/BII_BeginIMImageObject.java:24:14: Type name 'BII_BeginIMImageObject' must match pattern '^[A-Z][a-zA-Z0-9]*(?:[0-9](?:_[0-9]+)*)?$'. [TypeName]
[ant:checkstyle] [WARN] /app/src/main/java/com/mgz/afp/modca/EMM_EndMediumMap.java:24:1: Missing a Javadoc comment. [MissingJavadocType]
[ant:checkstyle] [WARN] /app/src/main/java/com/mgz/afp/modca/EMM_EndMediumMap.java:24:14: Abbreviation in name 'EMM_EndMediumMap' must contain no more than '1' consecutive capital letters. [AbbreviationAsWordInName]
[ant:checkstyle] [WARN] /app/src/main/java/com/mgz/afp/modca/EMM_EndMediumMap.java:24:14: Type name 'EMM_EndMediumMap' must match pattern '^[A-Z][a-zA-Z0-9]*(?:[0-9](?:_[0-9]+)*)?$'. [TypeName]
[ant:checkstyle] [WARN] /app/src/main/java/com/mgz/afp/modca/EIM_EndImageObject.java:24:1: Missing a Javadoc comment. [MissingJavadocType]
[ant:checkstyle] [WARN] /app/src/main/java/com/mgz/afp/modca/EIM_EndImageObject.java:24:14: Abbreviation in name 'EIM_EndImageObject' must contain no more than '1' consecutive capital letters. [AbbreviationAsWordInName]
[ant:checkstyle] [WARN] /app/src/main/java/com/mgz/afp/modca/EIM_EndImageObject.java:24:14: Type name 'EIM_EndImageObject' must match pattern '^[A-Z][a-zA-Z0-9]*(?:[0-9](?:_[0-9]+)*)?$'. [TypeName]
[ant:checkstyle] [WARN] /app/src/main/java/com/mgz/afp/modca/BSG_BeginResourceEnvironmentGroup.java:24:1: Missing a Javadoc comment. [MissingJavadocType]
[ant:checkstyle] [WARN] /app/src/main/java/com/mgz/afp/modca/BSG_BeginResourceEnvironmentGroup.java:24:14: Abbreviation in name 'BSG_BeginResourceEnvironmentGroup' must contain no more than '1' consecutive capital letters. [AbbreviationAsWordInName]
[ant:checkstyle] [WARN] /app/src/main/java/com/mgz/afp/modca/BSG_BeginResourceEnvironmentGroup.java:24:14: Type name 'BSG_BeginResourceEnvironmentGroup' must match pattern '^[A-Z][a-zA-Z0-9]*(?:[0-9](?:_[0-9]+)*)?$'. [TypeName]
[ant:checkstyle] [WARN] /app/src/main/java/com/mgz/afp/modca/BMO_BeginOverlay.java:32:1: Extra separation in import group before 'java.io.ByteArrayOutputStream' [CustomImportOrder]
[ant:checkstyle] [WARN] /app/src/main/java/com/mgz/afp/modca/BMO_BeginOverlay.java:38:1: Missing a Javadoc comment. [MissingJavadocType]
[ant:checkstyle] [WARN] /app/src/main/java/com/mgz/afp/modca/BMO_BeginOverlay.java:38:14: Abbreviation in name 'BMO_BeginOverlay' must contain no more than '1' consecutive capital letters. [AbbreviationAsWordInName]
[ant:checkstyle] [WARN] /app/src/main/java/com/mgz/afp/modca/BMO_BeginOverlay.java:38:14: Type name 'BMO_BeginOverlay' must match pattern '^[A-Z][a-zA-Z0-9]*(?:[0-9](?:_[0-9]+)*)?$'. [TypeName]
[ant:checkstyle] [WARN] /app/src/main/java/com/mgz/afp/modca/BMO_BeginOverlay.java:45: Line is longer than 100 characters (found 121). [LineLength]
[ant:checkstyle] [WARN] /app/src/main/java/com/mgz/afp/modca/BMO_BeginOverlay.java:64: Line is longer than 100 characters (found 117). [LineLength]
[ant:checkstyle] [WARN] /app/src/main/java/com/mgz/afp/modca/PGP_PagePosition_Format2.java:21:1: 'package' has more than 1 empty lines before. [EmptyLineSeparator]
[ant:checkstyle] [WARN] /app/src/main/java/com/mgz/afp/modca/PGP_PagePosition_Format2.java:33:1: Extra separation in import group before 'java.io.ByteArrayOutputStream' [CustomImportOrder]
[ant:checkstyle] [WARN] /app/src/main/java/com/mgz/afp/modca/PGP_PagePosition_Format2.java:60:14: Abbreviation in name 'PGP_PagePosition_Format2' must contain no more than '1' consecutive capital letters. [AbbreviationAsWordInName]
[ant:checkstyle] [WARN] /app/src/main/java/com/mgz/afp/modca/PGP_PagePosition_Format2.java:60:14: Type name 'PGP_PagePosition_Format2' must match pattern '^[A-Z][a-zA-Z0-9]*(?:[0-9](?:_[0-9]+)*)?$'. [TypeName]
[ant:checkstyle] [WARN] /app/src/main/java/com/mgz/afp/modca/PGP_PagePosition_Format2.java:64: Line is longer than 100 characters (found 121). [LineLength]
[ant:checkstyle] [WARN] /app/src/main/java/com/mgz/afp/modca/PGP_PagePosition_Format2.java:95:3: Missing a Javadoc comment. [MissingJavadocType]
[ant:checkstyle] [WARN] /app/src/main/java/com/mgz/afp/modca/PGP_PagePosition_Format2.java:95:23: Abbreviation in name 'PGP_RepeatingGroup' must contain no more than '1' consecutive capital letters. [AbbreviationAsWordInName]
[ant:checkstyle] [WARN] /app/src/main/java/com/mgz/afp/modca/PGP_PagePosition_Format2.java:95:23: Type name 'PGP_RepeatingGroup' must match pattern '^[A-Z][a-zA-Z0-9]*(?:[0-9](?:_[0-9]+)*)?$'. [TypeName]
[ant:checkstyle] [WARN] /app/src/main/java/com/mgz/afp/modca/PGP_PagePosition_Format2.java:97:9: Non-constant field name 'xOrigin' must start lowercase, be at least 2 chars, avoid single lowercase letter followed by uppercase, contain only letters, digits or underscores, with underscores allowed only between adjacent digits. [GoogleNonConstantFieldName]
[ant:checkstyle] [WARN] /app/src/main/java/com/mgz/afp/modca/PGP_PagePosition_Format2.java:98:9: Non-constant field name 'yOrigin' must start lowercase, be at least 2 chars, avoid single lowercase letter followed by uppercase, contain only letters, digits or underscores, with underscores allowed only between adjacent digits. [GoogleNonConstantFieldName]
[ant:checkstyle] [WARN] /app/src/main/java/com/mgz/afp/modca/PGP_PagePosition_Format2.java:99:20: Non-constant field name 'xRotation' must start lowercase, be at least 2 chars, avoid single lowercase letter followed by uppercase, contain only letters, digits or underscores, with underscores allowed only between adjacent digits. [GoogleNonConstantFieldName]
[ant:checkstyle] [WARN] /app/src/main/java/com/mgz/afp/modca/PGP_PagePosition_Format2.java:102:10: Abbreviation in name 'pageModififationControlID' must contain no more than '1' consecutive capital letters. [AbbreviationAsWordInName]
[ant:checkstyle] [WARN] /app/src/main/java/com/mgz/afp/modca/PGP_PagePosition_Format2.java:105: Line is longer than 100 characters (found 123). [LineLength]
[ant:checkstyle] [WARN] /app/src/main/java/com/mgz/afp/modca/PGP_PagePosition_Format2.java:112: Line is longer than 100 characters (found 109). [LineLength]
[ant:checkstyle] [WARN] /app/src/main/java/com/mgz/afp/modca/PGP_PagePosition_Format2.java:117: Line is longer than 100 characters (found 140). [LineLength]
[ant:checkstyle] [WARN] /app/src/main/java/com/mgz/afp/modca/PGP_PagePosition_Format2.java:145:5: Missing a Javadoc comment. [MissingJavadocMethod]
[ant:checkstyle] [WARN] /app/src/main/java/com/mgz/afp/modca/PGP_PagePosition_Format2.java:149:5: Missing a Javadoc comment. [MissingJavadocMethod]
[ant:checkstyle] [WARN] /app/src/main/java/com/mgz/afp/modca/PGP_PagePosition_Format2.java:149:32: Parameter name 'xOrigin' must match pattern '^[a-z]([a-z0-9][a-zA-Z0-9]*)?$'. [ParameterName]
[ant:checkstyle] [WARN] /app/src/main/java/com/mgz/afp/modca/PGP_PagePosition_Format2.java:153:5: Missing a Javadoc comment. [MissingJavadocMethod]
[ant:checkstyle] [WARN] /app/src/main/java/com/mgz/afp/modca/PGP_PagePosition_Format2.java:157:5: Missing a Javadoc comment. [MissingJavadocMethod]
[ant:checkstyle] [WARN] /app/src/main/java/com/mgz/afp/modca/PGP_PagePosition_Format2.java:157:32: Parameter name 'yOrigin' must match pattern '^[a-z]([a-z0-9][a-zA-Z0-9]*)?$'. [ParameterName]
[ant:checkstyle] [WARN] /app/src/main/java/com/mgz/afp/modca/PGP_PagePosition_Format2.java:161:5: Missing a Javadoc comment. [MissingJavadocMethod]
[ant:checkstyle] [WARN] /app/src/main/java/com/mgz/afp/modca/PGP_PagePosition_Format2.java:165:5: Missing a Javadoc comment. [MissingJavadocMethod]
[ant:checkstyle] [WARN] /app/src/main/java/com/mgz/afp/modca/PGP_PagePosition_Format2.java:165:45: Parameter name 'xRotation' must match pattern '^[a-z]([a-z0-9][a-zA-Z0-9]*)?$'. [ParameterName]
[ant:checkstyle] [WARN] /app/src/main/java/com/mgz/afp/modca/PGP_PagePosition_Format2.java:186:17: Abbreviation in name 'getPageModififationControlID' must contain no more than '1' consecutive capital letters. [AbbreviationAsWordInName]
[ant:checkstyle] [WARN] /app/src/main/java/com/mgz/afp/modca/PGP_PagePosition_Format2.java:190:17: Abbreviation in name 'setPageModififationControlID' must contain no more than '1' consecutive capital letters. [AbbreviationAsWordInName]
[ant:checkstyle] [WARN] /app/src/main/java/com/mgz/afp/modca/PGP_PagePosition_Format2.java:190:51: Abbreviation in name 'pageModififationControlID' must contain no more than '1' consecutive capital letters. [AbbreviationAsWordInName]
[ant:checkstyle] [WARN] /app/src/main/java/com/mgz/afp/modca/PGP_PagePosition_Format2.java:194:5: Missing a Javadoc comment. [MissingJavadocType]
[ant:checkstyle] [WARN] /app/src/main/java/com/mgz/afp/modca/PGP_PagePosition_Format2.java:194:17: Abbreviation in name 'PGP_SheetSideAndPartitionSelection' must contain no more than '1' consecutive capital letters. [AbbreviationAsWordInName]
[ant:checkstyle] [WARN] /app/src/main/java/com/mgz/afp/modca/PGP_PagePosition_Format2.java:194:17: Type name 'PGP_SheetSideAndPartitionSelection' must match pattern '^[A-Z][a-zA-Z0-9]*$'. [TypeName]
[ant:checkstyle] [WARN] /app/src/main/java/com/mgz/afp/modca/PGP_PagePosition_Format2.java:211:7: Missing a Javadoc comment. [MissingJavadocMethod]
[ant:checkstyle] [WARN] /app/src/main/java/com/mgz/afp/modca/PGP_PagePosition_Format2.java:220:7: Missing a Javadoc comment. [MissingJavadocMethod]
[ant:checkstyle] [WARN] /app/src/main/java/com/mgz/afp/modca/PGP_PagePosition_Format2.java:225:5: Missing a Javadoc comment. [MissingJavadocType]
[ant:checkstyle] [WARN] /app/src/main/java/com/mgz/afp/modca/PGP_PagePosition_Format2.java:225:17: Abbreviation in name 'PGP_RGFlag' must contain no more than '1' consecutive capital letters. [AbbreviationAsWordInName]
[ant:checkstyle] [WARN] /app/src/main/java/com/mgz/afp/modca/PGP_PagePosition_Format2.java:225:17: Type name 'PGP_RGFlag' must match pattern '^[A-Z][a-zA-Z0-9]*$'. [TypeName]
[ant:checkstyle] [WARN] /app/src/main/java/com/mgz/afp/modca/PGP_PagePosition_Format2.java:234: Line is longer than 100 characters (found 127). [LineLength]
[ant:checkstyle] [WARN] /app/src/main/java/com/mgz/afp/modca/PGP_PagePosition_Format2.java:241:7: Missing a Javadoc comment. [MissingJavadocMethod]
[ant:checkstyle] [WARN] /app/src/main/java/com/mgz/afp/modca/PGP_PagePosition_Format2.java:245:7: Missing a Javadoc comment. [MissingJavadocMethod]
[ant:checkstyle] [WARN] /app/src/main/java/com/mgz/afp/modca/PGP_PagePosition_Format2.java:270:7: Missing a Javadoc comment. [MissingJavadocMethod]
[ant:checkstyle] [WARN] /app/src/main/java/com/mgz/afp/modca/ERS_EndResource.java:24:1: Missing a Javadoc comment. [MissingJavadocType]
[ant:checkstyle] [WARN] /app/src/main/java/com/mgz/afp/modca/ERS_EndResource.java:24:14: Abbreviation in name 'ERS_EndResource' must contain no more than '1' consecutive capital letters. [AbbreviationAsWordInName]
[ant:checkstyle] [WARN] /app/src/main/java/com/mgz/afp/modca/ERS_EndResource.java:24:14: Type name 'ERS_EndResource' must match pattern '^[A-Z][a-zA-Z0-9]*(?:[0-9](?:_[0-9]+)*)?$'. [TypeName]
[ant:checkstyle] [WARN] /app/src/main/java/com/mgz/afp/modca/EII_EndIMImageObject.java:24:1: Missing a Javadoc comment. [MissingJavadocType]
[ant:checkstyle] [WARN] /app/src/main/java/com/mgz/afp/modca/EII_EndIMImageObject.java:24:14: Abbreviation in name 'EII_EndIMImageObject' must contain no more than '1' consecutive capital letters. [AbbreviationAsWordInName]
[ant:checkstyle] [WARN] /app/src/main/java/com/mgz/afp/modca/EII_EndIMImageObject.java:24:14: Type name 'EII_EndIMImageObject' must match pattern '^[A-Z][a-zA-Z0-9]*(?:[0-9](?:_[0-9]+)*)?$'. [TypeName]
[ant:checkstyle] [WARN] /app/src/main/java/com/mgz/afp/modca/IOB_IncludeObject.java:33:1: Extra separation in import group before 'java.io.ByteArrayOutputStream' [CustomImportOrder]
[ant:checkstyle] [WARN] /app/src/main/java/com/mgz/afp/modca/IOB_IncludeObject.java:48:14: Abbreviation in name 'IOB_IncludeObject' must contain no more than '1' consecutive capital letters. [AbbreviationAsWordInName]
[ant:checkstyle] [WARN] /app/src/main/java/com/mgz/afp/modca/IOB_IncludeObject.java:48:14: Type name 'IOB_IncludeObject' must match pattern '^[A-Z][a-zA-Z0-9]*(?:[0-9](?:_[0-9]+)*)?$'. [TypeName]
[ant:checkstyle] [WARN] /app/src/main/java/com/mgz/afp/modca/IOB_IncludeObject.java:51:7: Non-constant field name 'xOrigin' must start lowercase, be at least 2 chars, avoid single lowercase letter followed by uppercase, contain only letters, digits or underscores, with underscores allowed only between adjacent digits. [GoogleNonConstantFieldName]
[ant:checkstyle] [WARN] /app/src/main/java/com/mgz/afp/modca/IOB_IncludeObject.java:52:7: Non-constant field name 'yOrigin' must start lowercase, be at least 2 chars, avoid single lowercase letter followed by uppercase, contain only letters, digits or underscores, with underscores allowed only between adjacent digits. [GoogleNonConstantFieldName]
[ant:checkstyle] [WARN] /app/src/main/java/com/mgz/afp/modca/IOB_IncludeObject.java:53:18: Non-constant field name 'xRotation' must start lowercase, be at least 2 chars, avoid single lowercase letter followed by uppercase, contain only letters, digits or underscores, with underscores allowed only between adjacent digits. [GoogleNonConstantFieldName]
[ant:checkstyle] [WARN] /app/src/main/java/com/mgz/afp/modca/IOB_IncludeObject.java:54:18: Non-constant field name 'yRotation' must start lowercase, be at least 2 chars, avoid single lowercase letter followed by uppercase, contain only letters, digits or underscores, with underscores allowed only between adjacent digits. [GoogleNonConstantFieldName]
[ant:checkstyle] [WARN] /app/src/main/java/com/mgz/afp/modca/IOB_IncludeObject.java:55:7: Non-constant field name 'xOriginOfContent' must start lowercase, be at least 2 chars, avoid single lowercase letter followed by uppercase, contain only letters, digits or underscores, with underscores allowed only between adjacent digits. [GoogleNonConstantFieldName]
[ant:checkstyle] [WARN] /app/src/main/java/com/mgz/afp/modca/IOB_IncludeObject.java:56:7: Non-constant field name 'yOriginOfContent' must start lowercase, be at least 2 chars, avoid single lowercase letter followed by uppercase, contain only letters, digits or underscores, with underscores allowed only between adjacent digits. [GoogleNonConstantFieldName]
[ant:checkstyle] [WARN] /app/src/main/java/com/mgz/afp/modca/IOB_IncludeObject.java:61: Line is longer than 100 characters (found 121). [LineLength]
[ant:checkstyle] [WARN] /app/src/main/java/com/mgz/afp/modca/IOB_IncludeObject.java:62:5: Distance between variable 'actualLength' declaration and its first usage is 12, but allowed 3.  Consider making that variable final if you still need to store its value in advance (before method calls that might have side effects on the original value). [VariableDeclarationUsageDistance]
[ant:checkstyle] [WARN] /app/src/main/java/com/mgz/afp/modca/IOB_IncludeObject.java:82: Line is longer than 100 characters (found 122). [LineLength]
[ant:checkstyle] [WARN] /app/src/main/java/com/mgz/afp/modca/IOB_IncludeObject.java:116:3: Missing a Javadoc comment. [MissingJavadocMethod]
[ant:checkstyle] [WARN] /app/src/main/java/com/mgz/afp/modca/IOB_IncludeObject.java:120:3: Missing a Javadoc comment. [MissingJavadocMethod]
[ant:checkstyle] [WARN] /app/src/main/java/com/mgz/afp/modca/IOB_IncludeObject.java:120:30: Parameter name 'xOrigin' must match pattern '^[a-z]([a-z0-9][a-zA-Z0-9]*)?$'. [ParameterName]
[ant:checkstyle] [WARN] /app/src/main/java/com/mgz/afp/modca/IOB_IncludeObject.java:124:3: Missing a Javadoc comment. [MissingJavadocMethod]
[ant:checkstyle] [WARN] /app/src/main/java/com/mgz/afp/modca/IOB_IncludeObject.java:128:3: Missing a Javadoc comment. [MissingJavadocMethod]
[ant:checkstyle] [WARN] /app/src/main/java/com/mgz/afp/modca/IOB_IncludeObject.java:128:30: Parameter name 'yOrigin' must match pattern '^[a-z]([a-z0-9][a-zA-Z0-9]*)?$'. [ParameterName]
[ant:checkstyle] [WARN] /app/src/main/java/com/mgz/afp/modca/IOB_IncludeObject.java:132:3: Missing a Javadoc comment. [MissingJavadocMethod]
[ant:checkstyle] [WARN] /app/src/main/java/com/mgz/afp/modca/IOB_IncludeObject.java:136:3: Missing a Javadoc comment. [MissingJavadocMethod]
[ant:checkstyle] [WARN] /app/src/main/java/com/mgz/afp/modca/IOB_IncludeObject.java:136:43: Parameter name 'xRotation' must match pattern '^[a-z]([a-z0-9][a-zA-Z0-9]*)?$'. [ParameterName]
[ant:checkstyle] [WARN] /app/src/main/java/com/mgz/afp/modca/IOB_IncludeObject.java:140:3: Missing a Javadoc comment. [MissingJavadocMethod]
[ant:checkstyle] [WARN] /app/src/main/java/com/mgz/afp/modca/IOB_IncludeObject.java:144:3: Missing a Javadoc comment. [MissingJavadocMethod]
[ant:checkstyle] [WARN] /app/src/main/java/com/mgz/afp/modca/IOB_IncludeObject.java:144:43: Parameter name 'yRotation' must match pattern '^[a-z]([a-z0-9][a-zA-Z0-9]*)?$'. [ParameterName]
[ant:checkstyle] [WARN] /app/src/main/java/com/mgz/afp/modca/IOB_IncludeObject.java:148:3: Missing a Javadoc comment. [MissingJavadocMethod]
[ant:checkstyle] [WARN] /app/src/main/java/com/mgz/afp/modca/IOB_IncludeObject.java:152:3: Missing a Javadoc comment. [MissingJavadocMethod]
[ant:checkstyle] [WARN] /app/src/main/java/com/mgz/afp/modca/IOB_IncludeObject.java:152:39: Parameter name 'xOriginOfContent' must match pattern '^[a-z]([a-z0-9][a-zA-Z0-9]*)?$'. [ParameterName]
[ant:checkstyle] [WARN] /app/src/main/java/com/mgz/afp/modca/IOB_IncludeObject.java:156:3: Missing a Javadoc comment. [MissingJavadocMethod]
[ant:checkstyle] [WARN] /app/src/main/java/com/mgz/afp/modca/IOB_IncludeObject.java:160:3: Missing a Javadoc comment. [MissingJavadocMethod]
[ant:checkstyle] [WARN] /app/src/main/java/com/mgz/afp/modca/IOB_IncludeObject.java:160:39: Parameter name 'yOriginOfContent' must match pattern '^[a-z]([a-z0-9][a-zA-Z0-9]*)?$'. [ParameterName]
[ant:checkstyle] [WARN] /app/src/main/java/com/mgz/afp/modca/IOB_IncludeObject.java:180:3: Missing a Javadoc comment. [MissingJavadocMethod]
[ant:checkstyle] [WARN] /app/src/main/java/com/mgz/afp/modca/IOB_IncludeObject.java:190:3: Missing a Javadoc comment. [MissingJavadocMethod]
[ant:checkstyle] [WARN] /app/src/main/java/com/mgz/afp/modca/BDI_BeginDocumentIndex.java:24:1: Missing a Javadoc comment. [MissingJavadocType]
[ant:checkstyle] [WARN] /app/src/main/java/com/mgz/afp/modca/BDI_BeginDocumentIndex.java:24:14: Abbreviation in name 'BDI_BeginDocumentIndex' must contain no more than '1' consecutive capital letters. [AbbreviationAsWordInName]
[ant:checkstyle] [WARN] /app/src/main/java/com/mgz/afp/modca/BDI_BeginDocumentIndex.java:24:14: Type name 'BDI_BeginDocumentIndex' must match pattern '^[A-Z][a-zA-Z0-9]*(?:[0-9](?:_[0-9]+)*)?$'. [TypeName]
[ant:checkstyle] [WARN] /app/src/main/java/com/mgz/afp/modca/FGD_FormEnvironmentGroupDescriptor.java:26:1: Extra separation in import group before 'java.io.IOException' [CustomImportOrder]
[ant:checkstyle] [WARN] /app/src/main/java/com/mgz/afp/modca/FGD_FormEnvironmentGroupDescriptor.java:29:1: Missing a Javadoc comment. [MissingJavadocType]
[ant:checkstyle] [WARN] /app/src/main/java/com/mgz/afp/modca/FGD_FormEnvironmentGroupDescriptor.java:29:14: Abbreviation in name 'FGD_FormEnvironmentGroupDescriptor' must contain no more than '1' consecutive capital letters. [AbbreviationAsWordInName]
[ant:checkstyle] [WARN] /app/src/main/java/com/mgz/afp/modca/FGD_FormEnvironmentGroupDescriptor.java:29:14: Type name 'FGD_FormEnvironmentGroupDescriptor' must match pattern '^[A-Z][a-zA-Z0-9]*(?:[0-9](?:_[0-9]+)*)?$'. [TypeName]
[ant:checkstyle] [WARN] /app/src/main/java/com/mgz/afp/modca/FGD_FormEnvironmentGroupDescriptor.java:33: Line is longer than 100 characters (found 121). [LineLength]
[ant:checkstyle] [WARN] /app/src/main/java/com/mgz/afp/modca/MFC_MediumFinishingControl.java:27:1: Extra separation in import group before 'java.io.ByteArrayOutputStream' [CustomImportOrder]
[ant:checkstyle] [WARN] /app/src/main/java/com/mgz/afp/modca/MFC_MediumFinishingControl.java:39:14: Abbreviation in name 'MFC_MediumFinishingControl' must contain no more than '1' consecutive capital letters. [AbbreviationAsWordInName]
[ant:checkstyle] [WARN] /app/src/main/java/com/mgz/afp/modca/MFC_MediumFinishingControl.java:39:14: Type name 'MFC_MediumFinishingControl' must match pattern '^[A-Z][a-zA-Z0-9]*(?:[0-9](?:_[0-9]+)*)?$'. [TypeName]
[ant:checkstyle] [WARN] /app/src/main/java/com/mgz/afp/modca/MFC_MediumFinishingControl.java:46: Line is longer than 100 characters (found 121). [LineLength]
[ant:checkstyle] [WARN] /app/src/main/java/com/mgz/afp/modca/MFC_MediumFinishingControl.java:49: Line is longer than 100 characters (found 110). [LineLength]
[ant:checkstyle] [WARN] /app/src/main/java/com/mgz/afp/modca/MFC_MediumFinishingControl.java:102:3: Missing a Javadoc comment. [MissingJavadocType]
[ant:checkstyle] [WARN] /app/src/main/java/com/mgz/afp/modca/MFC_MediumFinishingControl.java:102:15: Abbreviation in name 'MFC_Flag' must contain no more than '1' consecutive capital letters. [AbbreviationAsWordInName]
[ant:checkstyle] [WARN] /app/src/main/java/com/mgz/afp/modca/MFC_MediumFinishingControl.java:102:15: Type name 'MFC_Flag' must match pattern '^[A-Z][a-zA-Z0-9]*$'. [TypeName]
[ant:checkstyle] [WARN] /app/src/main/java/com/mgz/afp/modca/MFC_MediumFinishingControl.java:106:5: Missing a Javadoc comment. [MissingJavadocMethod]
[ant:checkstyle] [WARN] /app/src/main/java/com/mgz/afp/modca/MFC_MediumFinishingControl.java:114:5: Missing a Javadoc comment. [MissingJavadocMethod]
[ant:checkstyle] [WARN] /app/src/main/java/com/mgz/afp/modca/MFC_MediumFinishingControl.java:123:3: Missing a Javadoc comment. [MissingJavadocType]
[ant:checkstyle] [WARN] /app/src/main/java/com/mgz/afp/modca/MFC_MediumFinishingControl.java:123:15: Abbreviation in name 'MFC_BoundaryConditionForSheetCollection' must contain no more than '1' consecutive capital letters. [AbbreviationAsWordInName]
[ant:checkstyle] [WARN] /app/src/main/java/com/mgz/afp/modca/MFC_MediumFinishingControl.java:123:15: Type name 'MFC_BoundaryConditionForSheetCollection' must match pattern '^[A-Z][a-zA-Z0-9]*$'. [TypeName]
[ant:checkstyle] [WARN] /app/src/main/java/com/mgz/afp/modca/MFC_MediumFinishingControl.java:128:5: Missing a Javadoc comment. [MissingJavadocMethod]
[ant:checkstyle] [WARN] /app/src/main/java/com/mgz/afp/modca/MFC_MediumFinishingControl.java:137:5: Missing a Javadoc comment. [MissingJavadocMethod]
[ant:checkstyle] [WARN] /app/src/main/java/com/mgz/afp/modca/MFC_MediumFinishingControl.java:142:3: Missing a Javadoc comment. [MissingJavadocType]
[ant:checkstyle] [WARN] /app/src/main/java/com/mgz/afp/modca/MFC_MediumFinishingControl.java:142:15: Abbreviation in name 'MFC_Scope' must contain no more than '1' consecutive capital letters. [AbbreviationAsWordInName]
[ant:checkstyle] [WARN] /app/src/main/java/com/mgz/afp/modca/MFC_MediumFinishingControl.java:142:15: Type name 'MFC_Scope' must match pattern '^[A-Z][a-zA-Z0-9]*$'. [TypeName]
[ant:checkstyle] [WARN] /app/src/main/java/com/mgz/afp/modca/MFC_MediumFinishingControl.java:150:5: Missing a Javadoc comment. [MissingJavadocMethod]
[ant:checkstyle] [WARN] /app/src/main/java/com/mgz/afp/modca/MFC_MediumFinishingControl.java:159:5: Missing a Javadoc comment. [MissingJavadocMethod]
[ant:checkstyle] [WARN] /app/src/main/java/com/mgz/afp/modca/MIO_MapImageObject.java:21:1: 'package' has more than 1 empty lines before. [EmptyLineSeparator]
[ant:checkstyle] [WARN] /app/src/main/java/com/mgz/afp/modca/MIO_MapImageObject.java:29:1: Extra separation in import group before 'java.io.ByteArrayOutputStream' [CustomImportOrder]
[ant:checkstyle] [WARN] /app/src/main/java/com/mgz/afp/modca/MIO_MapImageObject.java:37:14: Abbreviation in name 'MIO_MapImageObject' must contain no more than '1' consecutive capital letters. [AbbreviationAsWordInName]
[ant:checkstyle] [WARN] /app/src/main/java/com/mgz/afp/modca/MIO_MapImageObject.java:37:14: Type name 'MIO_MapImageObject' must match pattern '^[A-Z][a-zA-Z0-9]*(?:[0-9](?:_[0-9]+)*)?$'. [TypeName]
[ant:checkstyle] [WARN] /app/src/main/java/com/mgz/afp/modca/MIO_MapImageObject.java:40: Line is longer than 100 characters (found 121). [LineLength]
[ant:checkstyle] [WARN] /app/src/main/java/com/mgz/afp/modca/MIO_MapImageObject.java:55:3: Missing a Javadoc comment. [MissingJavadocType]
[ant:checkstyle] [WARN] /app/src/main/java/com/mgz/afp/modca/MIO_MapImageObject.java:55:23: Abbreviation in name 'MIO_RepeatingGroup' must contain no more than '1' consecutive capital letters. [AbbreviationAsWordInName]
[ant:checkstyle] [WARN] /app/src/main/java/com/mgz/afp/modca/MIO_MapImageObject.java:55:23: Type name 'MIO_RepeatingGroup' must match pattern '^[A-Z][a-zA-Z0-9]*(?:[0-9](?:_[0-9]+)*)?$'. [TypeName]
[ant:checkstyle] [WARN] /app/src/main/java/com/mgz/afp/modca/EMO_EndOverlay.java:24:1: Missing a Javadoc comment. [MissingJavadocType]
[ant:checkstyle] [WARN] /app/src/main/java/com/mgz/afp/modca/EMO_EndOverlay.java:24:14: Abbreviation in name 'EMO_EndOverlay' must contain no more than '1' consecutive capital letters. [AbbreviationAsWordInName]
[ant:checkstyle] [WARN] /app/src/main/java/com/mgz/afp/modca/EMO_EndOverlay.java:24:14: Type name 'EMO_EndOverlay' must match pattern '^[A-Z][a-zA-Z0-9]*(?:[0-9](?:_[0-9]+)*)?$'. [TypeName]
[ant:checkstyle] [WARN] /app/src/main/java/com/mgz/afp/modca/BDG_BeginDocumentEnvironmentGroup.java:24:1: Missing a Javadoc comment. [MissingJavadocType]
[ant:checkstyle] [WARN] /app/src/main/java/com/mgz/afp/modca/BDG_BeginDocumentEnvironmentGroup.java:24:14: Abbreviation in name 'BDG_BeginDocumentEnvironmentGroup' must contain no more than '1' consecutive capital letters. [AbbreviationAsWordInName]
[ant:checkstyle] [WARN] /app/src/main/java/com/mgz/afp/modca/BDG_BeginDocumentEnvironmentGroup.java:24:14: Type name 'BDG_BeginDocumentEnvironmentGroup' must match pattern '^[A-Z][a-zA-Z0-9]*(?:[0-9](?:_[0-9]+)*)?$'. [TypeName]
[ant:checkstyle] [WARN] /app/src/main/java/com/mgz/afp/modca/EPF_EndPrintFile.java:24:1: Missing a Javadoc comment. [MissingJavadocType]
[ant:checkstyle] [WARN] /app/src/main/java/com/mgz/afp/modca/EPF_EndPrintFile.java:24:14: Abbreviation in name 'EPF_EndPrintFile' must contain no more than '1' consecutive capital letters. [AbbreviationAsWordInName]
[ant:checkstyle] [WARN] /app/src/main/java/com/mgz/afp/modca/EPF_EndPrintFile.java:24:14: Type name 'EPF_EndPrintFile' must match pattern '^[A-Z][a-zA-Z0-9]*(?:[0-9](?:_[0-9]+)*)?$'. [TypeName]
[ant:checkstyle] [WARN] /app/src/main/java/com/mgz/afp/modca/PFC_PresentationFidelityControl.java:27:1: Extra separation in import group before 'java.io.ByteArrayOutputStream' [CustomImportOrder]
[ant:checkstyle] [WARN] /app/src/main/java/com/mgz/afp/modca/PFC_PresentationFidelityControl.java:45:14: Abbreviation in name 'PFC_PresentationFidelityControl' must contain no more than '1' consecutive capital letters. [AbbreviationAsWordInName]
[ant:checkstyle] [WARN] /app/src/main/java/com/mgz/afp/modca/PFC_PresentationFidelityControl.java:45:14: Type name 'PFC_PresentationFidelityControl' must match pattern '^[A-Z][a-zA-Z0-9]*(?:[0-9](?:_[0-9]+)*)?$'. [TypeName]
[ant:checkstyle] [WARN] /app/src/main/java/com/mgz/afp/modca/PFC_PresentationFidelityControl.java:51: Line is longer than 100 characters (found 121). [LineLength]
[ant:checkstyle] [WARN] /app/src/main/java/com/mgz/afp/modca/PFC_PresentationFidelityControl.java:99:37: Parameter name 'reserved2_3' must match pattern '^[a-z]([a-z0-9][a-zA-Z0-9]*)?$'. [ParameterName]
[ant:checkstyle] [WARN] /app/src/main/java/com/mgz/afp/modca/PFC_PresentationFidelityControl.java:103:3: Missing a Javadoc comment. [MissingJavadocType]
[ant:checkstyle] [WARN] /app/src/main/java/com/mgz/afp/modca/PFC_PresentationFidelityControl.java:103:15: Abbreviation in name 'PFC_Flag' must contain no more than '1' consecutive capital letters. [AbbreviationAsWordInName]
[ant:checkstyle] [WARN] /app/src/main/java/com/mgz/afp/modca/PFC_PresentationFidelityControl.java:103:15: Type name 'PFC_Flag' must match pattern '^[A-Z][a-zA-Z0-9]*$'. [TypeName]
[ant:checkstyle] [WARN] /app/src/main/java/com/mgz/afp/modca/PFC_PresentationFidelityControl.java:107:5: Missing a Javadoc comment. [MissingJavadocMethod]
[ant:checkstyle] [WARN] /app/src/main/java/com/mgz/afp/modca/PFC_PresentationFidelityControl.java:115:5: Missing a Javadoc comment. [MissingJavadocMethod]
[ant:checkstyle] [WARN] /app/src/main/java/com/mgz/afp/modca/BMM_BeginMediumMap.java:24:1: Missing a Javadoc comment. [MissingJavadocType]
[ant:checkstyle] [WARN] /app/src/main/java/com/mgz/afp/modca/BMM_BeginMediumMap.java:24:14: Abbreviation in name 'BMM_BeginMediumMap' must contain no more than '1' consecutive capital letters. [AbbreviationAsWordInName]
[ant:checkstyle] [WARN] /app/src/main/java/com/mgz/afp/modca/BMM_BeginMediumMap.java:24:14: Type name 'BMM_BeginMediumMap' must match pattern '^[A-Z][a-zA-Z0-9]*(?:[0-9](?:_[0-9]+)*)?$'. [TypeName]
[ant:checkstyle] [WARN] /app/src/main/java/com/mgz/afp/modca/BRS_BeginResource.java:30:1: Extra separation in import group before 'java.io.ByteArrayOutputStream' [CustomImportOrder]
[ant:checkstyle] [WARN] /app/src/main/java/com/mgz/afp/modca/BRS_BeginResource.java:36:1: Missing a Javadoc comment. [MissingJavadocType]
[ant:checkstyle] [WARN] /app/src/main/java/com/mgz/afp/modca/BRS_BeginResource.java:36:14: Abbreviation in name 'BRS_BeginResource' must contain no more than '1' consecutive capital letters. [AbbreviationAsWordInName]
[ant:checkstyle] [WARN] /app/src/main/java/com/mgz/afp/modca/BRS_BeginResource.java:36:14: Type name 'BRS_BeginResource' must match pattern '^[A-Z][a-zA-Z0-9]*(?:[0-9](?:_[0-9]+)*)?$'. [TypeName]
[ant:checkstyle] [WARN] /app/src/main/java/com/mgz/afp/modca/BRS_BeginResource.java:41: Line is longer than 100 characters (found 121). [LineLength]
[ant:checkstyle] [WARN] /app/src/main/java/com/mgz/afp/modca/BRS_BeginResource.java:60: Line is longer than 100 characters (found 117). [LineLength]
[ant:checkstyle] [WARN] /app/src/main/java/com/mgz/afp/modca/BRS_BeginResource.java:80:3: Missing a Javadoc comment. [MissingJavadocMethod]
[ant:checkstyle] [WARN] /app/src/main/java/com/mgz/afp/modca/BRS_BeginResource.java:90:3: Missing a Javadoc comment. [MissingJavadocMethod]
[ant:checkstyle] [WARN] /app/src/main/java/com/mgz/afp/modca/EOC_EndObjectContainer.java:24:1: Missing a Javadoc comment. [MissingJavadocType]
[ant:checkstyle] [WARN] /app/src/main/java/com/mgz/afp/modca/EOC_EndObjectContainer.java:24:14: Abbreviation in name 'EOC_EndObjectContainer' must contain no more than '1' consecutive capital letters. [AbbreviationAsWordInName]
[ant:checkstyle] [WARN] /app/src/main/java/com/mgz/afp/modca/EOC_EndObjectContainer.java:24:14: Type name 'EOC_EndObjectContainer' must match pattern '^[A-Z][a-zA-Z0-9]*(?:[0-9](?:_[0-9]+)*)?$'. [TypeName]
[ant:checkstyle] [WARN] /app/src/main/java/com/mgz/afp/modca/BFM_BeginFormMap.java:24:1: Missing a Javadoc comment. [MissingJavadocType]
[ant:checkstyle] [WARN] /app/src/main/java/com/mgz/afp/modca/BFM_BeginFormMap.java:24:14: Abbreviation in name 'BFM_BeginFormMap' must contain no more than '1' consecutive capital letters. [AbbreviationAsWordInName]
[ant:checkstyle] [WARN] /app/src/main/java/com/mgz/afp/modca/BFM_BeginFormMap.java:24:14: Type name 'BFM_BeginFormMap' must match pattern '^[A-Z][a-zA-Z0-9]*(?:[0-9](?:_[0-9]+)*)?$'. [TypeName]
[ant:checkstyle] [WARN] /app/src/main/java/com/mgz/afp/modca/MPS_MapPageSegment.java:21:1: 'package' has more than 1 empty lines before. [EmptyLineSeparator]
[ant:checkstyle] [WARN] /app/src/main/java/com/mgz/afp/modca/MPS_MapPageSegment.java:32:1: Extra separation in import group before 'java.io.ByteArrayOutputStream' [CustomImportOrder]
[ant:checkstyle] [WARN] /app/src/main/java/com/mgz/afp/modca/MPS_MapPageSegment.java:40:14: Abbreviation in name 'MPS_MapPageSegment' must contain no more than '1' consecutive capital letters. [AbbreviationAsWordInName]
[ant:checkstyle] [WARN] /app/src/main/java/com/mgz/afp/modca/MPS_MapPageSegment.java:40:14: Type name 'MPS_MapPageSegment' must match pattern '^[A-Z][a-zA-Z0-9]*(?:[0-9](?:_[0-9]+)*)?$'. [TypeName]
[ant:checkstyle] [WARN] /app/src/main/java/com/mgz/afp/modca/MPS_MapPageSegment.java:45: Line is longer than 100 characters (found 121). [LineLength]
[ant:checkstyle] [WARN] /app/src/main/java/com/mgz/afp/modca/MPS_MapPageSegment.java:53: Line is longer than 100 characters (found 101). [LineLength]
[ant:checkstyle] [WARN] /app/src/main/java/com/mgz/afp/modca/MPS_MapPageSegment.java:96:37: Parameter name 'reserved1_3' must match pattern '^[a-z]([a-z0-9][a-zA-Z0-9]*)?$'. [ParameterName]
[ant:checkstyle] [WARN] /app/src/main/java/com/mgz/afp/modca/MPS_MapPageSegment.java:100:3: Missing a Javadoc comment. [MissingJavadocType]
[ant:checkstyle] [WARN] /app/src/main/java/com/mgz/afp/modca/MPS_MapPageSegment.java:100:23: Abbreviation in name 'MPS_RepeatingGroup' must contain no more than '1' consecutive capital letters. [AbbreviationAsWordInName]
[ant:checkstyle] [WARN] /app/src/main/java/com/mgz/afp/modca/MPS_MapPageSegment.java:100:23: Type name 'MPS_RepeatingGroup' must match pattern '^[A-Z][a-zA-Z0-9]*(?:[0-9](?:_[0-9]+)*)?$'. [TypeName]
[ant:checkstyle] [WARN] /app/src/main/java/com/mgz/afp/modca/MPS_MapPageSegment.java:111: Line is longer than 100 characters (found 123). [LineLength]
[ant:checkstyle] [WARN] /app/src/main/java/com/mgz/afp/modca/MPS_MapPageSegment.java:121: Line is longer than 100 characters (found 130). [LineLength]
[ant:checkstyle] [WARN] /app/src/main/java/com/mgz/afp/modca/IOC_IMImageOutputControl.java:28:1: Extra separation in import group before 'java.io.ByteArrayOutputStream' [CustomImportOrder]
[ant:checkstyle] [WARN] /app/src/main/java/com/mgz/afp/modca/IOC_IMImageOutputControl.java:32:1: Missing a Javadoc comment. [MissingJavadocType]
[ant:checkstyle] [WARN] /app/src/main/java/com/mgz/afp/modca/IOC_IMImageOutputControl.java:32:14: Abbreviation in name 'IOC_IMImageOutputControl' must contain no more than '1' consecutive capital letters. [AbbreviationAsWordInName]
[ant:checkstyle] [WARN] /app/src/main/java/com/mgz/afp/modca/IOC_IMImageOutputControl.java:32:14: Type name 'IOC_IMImageOutputControl' must match pattern '^[A-Z][a-zA-Z0-9]*(?:[0-9](?:_[0-9]+)*)?$'. [TypeName]
[ant:checkstyle] [WARN] /app/src/main/java/com/mgz/afp/modca/IOC_IMImageOutputControl.java:33:7: Non-constant field name 'xOrigin' must start lowercase, be at least 2 chars, avoid single lowercase letter followed by uppercase, contain only letters, digits or underscores, with underscores allowed only between adjacent digits. [GoogleNonConstantFieldName]
[ant:checkstyle] [WARN] /app/src/main/java/com/mgz/afp/modca/IOC_IMImageOutputControl.java:34:7: Non-constant field name 'yOrigin' must start lowercase, be at least 2 chars, avoid single lowercase letter followed by uppercase, contain only letters, digits or underscores, with underscores allowed only between adjacent digits. [GoogleNonConstantFieldName]
[ant:checkstyle] [WARN] /app/src/main/java/com/mgz/afp/modca/IOC_IMImageOutputControl.java:35:18: Non-constant field name 'xRotation' must start lowercase, be at least 2 chars, avoid single lowercase letter followed by uppercase, contain only letters, digits or underscores, with underscores allowed only between adjacent digits. [GoogleNonConstantFieldName]
[ant:checkstyle] [WARN] /app/src/main/java/com/mgz/afp/modca/IOC_IMImageOutputControl.java:36:18: Non-constant field name 'yRotation' must start lowercase, be at least 2 chars, avoid single lowercase letter followed by uppercase, contain only letters, digits or underscores, with underscores allowed only between adjacent digits. [GoogleNonConstantFieldName]
[ant:checkstyle] [WARN] /app/src/main/java/com/mgz/afp/modca/IOC_IMImageOutputControl.java:38:16: Non-constant field name 'xImageMapping' must start lowercase, be at least 2 chars, avoid single lowercase letter followed by uppercase, contain only letters, digits or underscores, with underscores allowed only between adjacent digits. [GoogleNonConstantFieldName]
[ant:checkstyle] [WARN] /app/src/main/java/com/mgz/afp/modca/IOC_IMImageOutputControl.java:39:16: Non-constant field name 'yImageMapping' must start lowercase, be at least 2 chars, avoid single lowercase letter followed by uppercase, contain only letters, digits or underscores, with underscores allowed only between adjacent digits. [GoogleNonConstantFieldName]
[ant:checkstyle] [WARN] /app/src/main/java/com/mgz/afp/modca/IOC_IMImageOutputControl.java:43: Line is longer than 100 characters (found 121). [LineLength]
[ant:checkstyle] [WARN] /app/src/main/java/com/mgz/afp/modca/IOC_IMImageOutputControl.java:79:3: Missing a Javadoc comment. [MissingJavadocMethod]
[ant:checkstyle] [WARN] /app/src/main/java/com/mgz/afp/modca/IOC_IMImageOutputControl.java:83:3: Missing a Javadoc comment. [MissingJavadocMethod]
[ant:checkstyle] [WARN] /app/src/main/java/com/mgz/afp/modca/IOC_IMImageOutputControl.java:83:30: Parameter name 'xOrigin' must match pattern '^[a-z]([a-z0-9][a-zA-Z0-9]*)?$'. [ParameterName]
[ant:checkstyle] [WARN] /app/src/main/java/com/mgz/afp/modca/IOC_IMImageOutputControl.java:87:3: Missing a Javadoc comment. [MissingJavadocMethod]
[ant:checkstyle] [WARN] /app/src/main/java/com/mgz/afp/modca/IOC_IMImageOutputControl.java:91:3: Missing a Javadoc comment. [MissingJavadocMethod]
[ant:checkstyle] [WARN] /app/src/main/java/com/mgz/afp/modca/IOC_IMImageOutputControl.java:91:30: Parameter name 'yOrigin' must match pattern '^[a-z]([a-z0-9][a-zA-Z0-9]*)?$'. [ParameterName]
[ant:checkstyle] [WARN] /app/src/main/java/com/mgz/afp/modca/IOC_IMImageOutputControl.java:95:3: Missing a Javadoc comment. [MissingJavadocMethod]
[ant:checkstyle] [WARN] /app/src/main/java/com/mgz/afp/modca/IOC_IMImageOutputControl.java:99:3: Missing a Javadoc comment. [MissingJavadocMethod]
[ant:checkstyle] [WARN] /app/src/main/java/com/mgz/afp/modca/IOC_IMImageOutputControl.java:99:43: Parameter name 'xRotation' must match pattern '^[a-z]([a-z0-9][a-zA-Z0-9]*)?$'. [ParameterName]
[ant:checkstyle] [WARN] /app/src/main/java/com/mgz/afp/modca/IOC_IMImageOutputControl.java:103:3: Missing a Javadoc comment. [MissingJavadocMethod]
[ant:checkstyle] [WARN] /app/src/main/java/com/mgz/afp/modca/IOC_IMImageOutputControl.java:107:3: Missing a Javadoc comment. [MissingJavadocMethod]
[ant:checkstyle] [WARN] /app/src/main/java/com/mgz/afp/modca/IOC_IMImageOutputControl.java:107:43: Parameter name 'yRotation' must match pattern '^[a-z]([a-z0-9][a-zA-Z0-9]*)?$'. [ParameterName]
[ant:checkstyle] [WARN] /app/src/main/java/com/mgz/afp/modca/IOC_IMImageOutputControl.java:115:43: Parameter name 'constantData10_17' must match pattern '^[a-z]([a-z0-9][a-zA-Z0-9]*)?$'. [ParameterName]
[ant:checkstyle] [WARN] /app/src/main/java/com/mgz/afp/modca/IOC_IMImageOutputControl.java:119:3: Missing a Javadoc comment. [MissingJavadocMethod]
[ant:checkstyle] [WARN] /app/src/main/java/com/mgz/afp/modca/IOC_IMImageOutputControl.java:123:3: Missing a Javadoc comment. [MissingJavadocMethod]
[ant:checkstyle] [WARN] /app/src/main/java/com/mgz/afp/modca/IOC_IMImageOutputControl.java:123:45: Parameter name 'xImageMapping' must match pattern '^[a-z]([a-z0-9][a-zA-Z0-9]*)?$'. [ParameterName]
[ant:checkstyle] [WARN] /app/src/main/java/com/mgz/afp/modca/IOC_IMImageOutputControl.java:127:3: Missing a Javadoc comment. [MissingJavadocMethod]
[ant:checkstyle] [WARN] /app/src/main/java/com/mgz/afp/modca/IOC_IMImageOutputControl.java:131:3: Missing a Javadoc comment. [MissingJavadocMethod]
[ant:checkstyle] [WARN] /app/src/main/java/com/mgz/afp/modca/IOC_IMImageOutputControl.java:131:45: Parameter name 'yImageMapping' must match pattern '^[a-z]([a-z0-9][a-zA-Z0-9]*)?$'. [ParameterName]
[ant:checkstyle] [WARN] /app/src/main/java/com/mgz/afp/modca/IOC_IMImageOutputControl.java:139:43: Parameter name 'constantData22_23' must match pattern '^[a-z]([a-z0-9][a-zA-Z0-9]*)?$'. [ParameterName]
[ant:checkstyle] [WARN] /app/src/main/java/com/mgz/afp/modca/IOC_IMImageOutputControl.java:143:3: Missing a Javadoc comment. [MissingJavadocType]
[ant:checkstyle] [WARN] /app/src/main/java/com/mgz/afp/modca/IOC_IMImageOutputControl.java:152:5: Missing a Javadoc comment. [MissingJavadocMethod]
[ant:checkstyle] [WARN] /app/src/main/java/com/mgz/afp/modca/IOC_IMImageOutputControl.java:161:5: Missing a Javadoc comment. [MissingJavadocMethod]
[ant:checkstyle] [WARN] /app/src/main/java/com/mgz/afp/modca/EPG_EndPage.java:24:1: Missing a Javadoc comment. [MissingJavadocType]
[ant:checkstyle] [WARN] /app/src/main/java/com/mgz/afp/modca/EPG_EndPage.java:24:14: Abbreviation in name 'EPG_EndPage' must contain no more than '1' consecutive capital letters. [AbbreviationAsWordInName]
[ant:checkstyle] [WARN] /app/src/main/java/com/mgz/afp/modca/EPG_EndPage.java:24:14: Type name 'EPG_EndPage' must match pattern '^[A-Z][a-zA-Z0-9]*(?:[0-9](?:_[0-9]+)*)?$'. [TypeName]
[ant:checkstyle] [WARN] /app/src/main/java/com/mgz/afp/modca/MMT_MapMediaType.java:21:1: 'package' has more than 1 empty lines before. [EmptyLineSeparator]
[ant:checkstyle] [WARN] /app/src/main/java/com/mgz/afp/modca/MMT_MapMediaType.java:29:1: Wrong lexicographical order for 'com.mgz.afp.parser.TripletParser' import. Should be before 'com.mgz.util.UtilBinaryDecoding'. [CustomImportOrder]
[ant:checkstyle] [WARN] /app/src/main/java/com/mgz/afp/modca/MMT_MapMediaType.java:30:1: Wrong lexicographical order for 'com.mgz.afp.triplets.Triplet' import. Should be before 'com.mgz.util.UtilBinaryDecoding'. [CustomImportOrder]
[ant:checkstyle] [WARN] /app/src/main/java/com/mgz/afp/modca/MMT_MapMediaType.java:32:1: Extra separation in import group before 'java.io.ByteArrayOutputStream' [CustomImportOrder]
[ant:checkstyle] [WARN] /app/src/main/java/com/mgz/afp/modca/MMT_MapMediaType.java:41:14: Abbreviation in name 'MMT_MapMediaType' must contain no more than '1' consecutive capital letters. [AbbreviationAsWordInName]
[ant:checkstyle] [WARN] /app/src/main/java/com/mgz/afp/modca/MMT_MapMediaType.java:41:14: Type name 'MMT_MapMediaType' must match pattern '^[A-Z][a-zA-Z0-9]*(?:[0-9](?:_[0-9]+)*)?$'. [TypeName]
[ant:checkstyle] [WARN] /app/src/main/java/com/mgz/afp/modca/MMT_MapMediaType.java:44: Line is longer than 100 characters (found 121). [LineLength]
[ant:checkstyle] [WARN] /app/src/main/java/com/mgz/afp/modca/MMT_MapMediaType.java:66:3: Missing a Javadoc comment. [MissingJavadocType]
[ant:checkstyle] [WARN] /app/src/main/java/com/mgz/afp/modca/MMT_MapMediaType.java:66:23: Abbreviation in name 'MMT_RepeatingGroup' must contain no more than '1' consecutive capital letters. [AbbreviationAsWordInName]
[ant:checkstyle] [WARN] /app/src/main/java/com/mgz/afp/modca/MMT_MapMediaType.java:66:23: Type name 'MMT_RepeatingGroup' must match pattern '^[A-Z][a-zA-Z0-9]*(?:[0-9](?:_[0-9]+)*)?$'. [TypeName]
[ant:checkstyle] [WARN] /app/src/main/java/com/mgz/afp/modca/MMT_MapMediaType.java:68: Line is longer than 100 characters (found 123). [LineLength]
[ant:checkstyle] [WARN] /app/src/main/java/com/mgz/afp/modca/MMT_MapMediaType.java:71: Line is longer than 100 characters (found 101). [LineLength]
[ant:checkstyle] [WARN] /app/src/main/java/com/mgz/afp/modca/TLE_TagLogicalElement.java:24:1: Missing a Javadoc comment. [MissingJavadocType]
[ant:checkstyle] [WARN] /app/src/main/java/com/mgz/afp/modca/TLE_TagLogicalElement.java:24:14: Abbreviation in name 'TLE_TagLogicalElement' must contain no more than '1' consecutive capital letters. [AbbreviationAsWordInName]
[ant:checkstyle] [WARN] /app/src/main/java/com/mgz/afp/modca/TLE_TagLogicalElement.java:24:14: Type name 'TLE_TagLogicalElement' must match pattern '^[A-Z][a-zA-Z0-9]*(?:[0-9](?:_[0-9]+)*)?$'. [TypeName]
[ant:checkstyle] [WARN] /app/src/main/java/com/mgz/afp/modca/IID_IMImageInputDescriptor.java:29:1: Extra separation in import group before 'java.io.ByteArrayOutputStream' [CustomImportOrder]
[ant:checkstyle] [WARN] /app/src/main/java/com/mgz/afp/modca/IID_IMImageInputDescriptor.java:33:1: Missing a Javadoc comment. [MissingJavadocType]
[ant:checkstyle] [WARN] /app/src/main/java/com/mgz/afp/modca/IID_IMImageInputDescriptor.java:33:14: Abbreviation in name 'IID_IMImageInputDescriptor' must contain no more than '1' consecutive capital letters. [AbbreviationAsWordInName]
[ant:checkstyle] [WARN] /app/src/main/java/com/mgz/afp/modca/IID_IMImageInputDescriptor.java:33:14: Type name 'IID_IMImageInputDescriptor' must match pattern '^[A-Z][a-zA-Z0-9]*(?:[0-9](?:_[0-9]+)*)?$'. [TypeName]
[ant:checkstyle] [WARN] /app/src/main/java/com/mgz/afp/modca/IID_IMImageInputDescriptor.java:35:15: Non-constant field name 'xUnitBase' must start lowercase, be at least 2 chars, avoid single lowercase letter followed by uppercase, contain only letters, digits or underscores, with underscores allowed only between adjacent digits. [GoogleNonConstantFieldName]
[ant:checkstyle] [WARN] /app/src/main/java/com/mgz/afp/modca/IID_IMImageInputDescriptor.java:36:15: Non-constant field name 'yUnitBase' must start lowercase, be at least 2 chars, avoid single lowercase letter followed by uppercase, contain only letters, digits or underscores, with underscores allowed only between adjacent digits. [GoogleNonConstantFieldName]
[ant:checkstyle] [WARN] /app/src/main/java/com/mgz/afp/modca/IID_IMImageInputDescriptor.java:37:9: Non-constant field name 'xUnitsPerUnitBase' must start lowercase, be at least 2 chars, avoid single lowercase letter followed by uppercase, contain only letters, digits or underscores, with underscores allowed only between adjacent digits. [GoogleNonConstantFieldName]
[ant:checkstyle] [WARN] /app/src/main/java/com/mgz/afp/modca/IID_IMImageInputDescriptor.java:38:9: Non-constant field name 'yUnitsPerUnitBase' must start lowercase, be at least 2 chars, avoid single lowercase letter followed by uppercase, contain only letters, digits or underscores, with underscores allowed only between adjacent digits. [GoogleNonConstantFieldName]
[ant:checkstyle] [WARN] /app/src/main/java/com/mgz/afp/modca/IID_IMImageInputDescriptor.java:39:9: Non-constant field name 'xSize' must start lowercase, be at least 2 chars, avoid single lowercase letter followed by uppercase, contain only letters, digits or underscores, with underscores allowed only between adjacent digits. [GoogleNonConstantFieldName]
[ant:checkstyle] [WARN] /app/src/main/java/com/mgz/afp/modca/IID_IMImageInputDescriptor.java:40:9: Non-constant field name 'ySize' must start lowercase, be at least 2 chars, avoid single lowercase letter followed by uppercase, contain only letters, digits or underscores, with underscores allowed only between adjacent digits. [GoogleNonConstantFieldName]
[ant:checkstyle] [WARN] /app/src/main/java/com/mgz/afp/modca/IID_IMImageInputDescriptor.java:42:9: Non-constant field name 'xDefaultCellSize' must start lowercase, be at least 2 chars, avoid single lowercase letter followed by uppercase, contain only letters, digits or underscores, with underscores allowed only between adjacent digits. [GoogleNonConstantFieldName]
[ant:checkstyle] [WARN] /app/src/main/java/com/mgz/afp/modca/IID_IMImageInputDescriptor.java:43:9: Non-constant field name 'yDefaultCellSize' must start lowercase, be at least 2 chars, avoid single lowercase letter followed by uppercase, contain only letters, digits or underscores, with underscores allowed only between adjacent digits. [GoogleNonConstantFieldName]
[ant:checkstyle] [WARN] /app/src/main/java/com/mgz/afp/modca/IID_IMImageInputDescriptor.java:48: Line is longer than 100 characters (found 121). [LineLength]
[ant:checkstyle] [WARN] /app/src/main/java/com/mgz/afp/modca/IID_IMImageInputDescriptor.java:105:3: Missing a Javadoc comment. [MissingJavadocMethod]
[ant:checkstyle] [WARN] /app/src/main/java/com/mgz/afp/modca/IID_IMImageInputDescriptor.java:109:3: Missing a Javadoc comment. [MissingJavadocMethod]
[ant:checkstyle] [WARN] /app/src/main/java/com/mgz/afp/modca/IID_IMImageInputDescriptor.java:113:3: Missing a Javadoc comment. [MissingJavadocMethod]
[ant:checkstyle] [WARN] /app/src/main/java/com/mgz/afp/modca/IID_IMImageInputDescriptor.java:117:3: Missing a Javadoc comment. [MissingJavadocMethod]
[ant:checkstyle] [WARN] /app/src/main/java/com/mgz/afp/modca/IID_IMImageInputDescriptor.java:121:3: Missing a Javadoc comment. [MissingJavadocMethod]
[ant:checkstyle] [WARN] /app/src/main/java/com/mgz/afp/modca/IID_IMImageInputDescriptor.java:125:3: Missing a Javadoc comment. [MissingJavadocMethod]
[ant:checkstyle] [WARN] /app/src/main/java/com/mgz/afp/modca/IID_IMImageInputDescriptor.java:133:3: Missing a Javadoc comment. [MissingJavadocMethod]
[ant:checkstyle] [WARN] /app/src/main/java/com/mgz/afp/modca/IID_IMImageInputDescriptor.java:137:3: Missing a Javadoc comment. [MissingJavadocMethod]
[ant:checkstyle] [WARN] /app/src/main/java/com/mgz/afp/modca/OBP_ObjectAreaPosition.java:29:1: Extra separation in import group before 'java.io.ByteArrayOutputStream' [CustomImportOrder]
[ant:checkstyle] [WARN] /app/src/main/java/com/mgz/afp/modca/OBP_ObjectAreaPosition.java:37:14: Abbreviation in name 'OBP_ObjectAreaPosition' must contain no more than '1' consecutive capital letters. [AbbreviationAsWordInName]
[ant:checkstyle] [WARN] /app/src/main/java/com/mgz/afp/modca/OBP_ObjectAreaPosition.java:37:14: Type name 'OBP_ObjectAreaPosition' must match pattern '^[A-Z][a-zA-Z0-9]*(?:[0-9](?:_[0-9]+)*)?$'. [TypeName]
[ant:checkstyle] [WARN] /app/src/main/java/com/mgz/afp/modca/OBP_ObjectAreaPosition.java:38:8: Abbreviation in name 'objectAreaPositionID' must contain no more than '1' consecutive capital letters. [AbbreviationAsWordInName]
[ant:checkstyle] [WARN] /app/src/main/java/com/mgz/afp/modca/OBP_ObjectAreaPosition.java:42: Line is longer than 100 characters (found 121). [LineLength]
[ant:checkstyle] [WARN] /app/src/main/java/com/mgz/afp/modca/OBP_ObjectAreaPosition.java:45: Line is longer than 100 characters (found 102). [LineLength]
[ant:checkstyle] [WARN] /app/src/main/java/com/mgz/afp/modca/OBP_ObjectAreaPosition.java:57:15: Abbreviation in name 'getObjectAreaPositionID' must contain no more than '1' consecutive capital letters. [AbbreviationAsWordInName]
[ant:checkstyle] [WARN] /app/src/main/java/com/mgz/afp/modca/OBP_ObjectAreaPosition.java:61:15: Abbreviation in name 'setObjectAreaPositionID' must contain no more than '1' consecutive capital letters. [AbbreviationAsWordInName]
[ant:checkstyle] [WARN] /app/src/main/java/com/mgz/afp/modca/OBP_ObjectAreaPosition.java:61:44: Abbreviation in name 'objectAreaPositionID' must contain no more than '1' consecutive capital letters. [AbbreviationAsWordInName]
[ant:checkstyle] [WARN] /app/src/main/java/com/mgz/afp/modca/OBP_ObjectAreaPosition.java:73:3: Missing a Javadoc comment. [MissingJavadocType]
[ant:checkstyle] [WARN] /app/src/main/java/com/mgz/afp/modca/OBP_ObjectAreaPosition.java:73:23: Abbreviation in name 'OBP_RepeatingGroup' must contain no more than '1' consecutive capital letters. [AbbreviationAsWordInName]
[ant:checkstyle] [WARN] /app/src/main/java/com/mgz/afp/modca/OBP_ObjectAreaPosition.java:73:23: Type name 'OBP_RepeatingGroup' must match pattern '^[A-Z][a-zA-Z0-9]*(?:[0-9](?:_[0-9]+)*)?$'. [TypeName]
[ant:checkstyle] [WARN] /app/src/main/java/com/mgz/afp/modca/OBP_ObjectAreaPosition.java:75:9: Non-constant field name 'xOrigin' must start lowercase, be at least 2 chars, avoid single lowercase letter followed by uppercase, contain only letters, digits or underscores, with underscores allowed only between adjacent digits. [GoogleNonConstantFieldName]
[ant:checkstyle] [WARN] /app/src/main/java/com/mgz/afp/modca/OBP_ObjectAreaPosition.java:76:9: Non-constant field name 'yOrigin' must start lowercase, be at least 2 chars, avoid single lowercase letter followed by uppercase, contain only letters, digits or underscores, with underscores allowed only between adjacent digits. [GoogleNonConstantFieldName]
[ant:checkstyle] [WARN] /app/src/main/java/com/mgz/afp/modca/OBP_ObjectAreaPosition.java:77:20: Non-constant field name 'xRotation' must start lowercase, be at least 2 chars, avoid single lowercase letter followed by uppercase, contain only letters, digits or underscores, with underscores allowed only between adjacent digits. [GoogleNonConstantFieldName]
[ant:checkstyle] [WARN] /app/src/main/java/com/mgz/afp/modca/OBP_ObjectAreaPosition.java:78:20: Non-constant field name 'yRotation' must start lowercase, be at least 2 chars, avoid single lowercase letter followed by uppercase, contain only letters, digits or underscores, with underscores allowed only between adjacent digits. [GoogleNonConstantFieldName]
[ant:checkstyle] [WARN] /app/src/main/java/com/mgz/afp/modca/OBP_ObjectAreaPosition.java:80:9: Non-constant field name 'xOriginOfContent' must start lowercase, be at least 2 chars, avoid single lowercase letter followed by uppercase, contain only letters, digits or underscores, with underscores allowed only between adjacent digits. [GoogleNonConstantFieldName]
[ant:checkstyle] [WARN] /app/src/main/java/com/mgz/afp/modca/OBP_ObjectAreaPosition.java:81:9: Non-constant field name 'yOriginOfContent' must start lowercase, be at least 2 chars, avoid single lowercase letter followed by uppercase, contain only letters, digits or underscores, with underscores allowed only between adjacent digits. [GoogleNonConstantFieldName]
[ant:checkstyle] [WARN] /app/src/main/java/com/mgz/afp/modca/OBP_ObjectAreaPosition.java:82:20: Non-constant field name 'xRotationOfContent' must start lowercase, be at least 2 chars, avoid single lowercase letter followed by uppercase, contain only letters, digits or underscores, with underscores allowed only between adjacent digits. [GoogleNonConstantFieldName]
[ant:checkstyle] [WARN] /app/src/main/java/com/mgz/afp/modca/OBP_ObjectAreaPosition.java:83:20: Non-constant field name 'yRotationOfContent' must start lowercase, be at least 2 chars, avoid single lowercase letter followed by uppercase, contain only letters, digits or underscores, with underscores allowed only between adjacent digits. [GoogleNonConstantFieldName]
[ant:checkstyle] [WARN] /app/src/main/java/com/mgz/afp/modca/OBP_ObjectAreaPosition.java:86: Line is longer than 100 characters (found 123). [LineLength]
[ant:checkstyle] [WARN] /app/src/main/java/com/mgz/afp/modca/OBP_ObjectAreaPosition.java:86:5: Missing a Javadoc comment. [MissingJavadocMethod]
[ant:checkstyle] [WARN] /app/src/main/java/com/mgz/afp/modca/OBP_ObjectAreaPosition.java:86:17: Abbreviation in name 'decodeAFP' must contain no more than '1' consecutive capital letters. [AbbreviationAsWordInName]
[ant:checkstyle] [WARN] /app/src/main/java/com/mgz/afp/modca/OBP_ObjectAreaPosition.java:95: Line is longer than 100 characters (found 105). [LineLength]
[ant:checkstyle] [WARN] /app/src/main/java/com/mgz/afp/modca/OBP_ObjectAreaPosition.java:96: Line is longer than 100 characters (found 105). [LineLength]
[ant:checkstyle] [WARN] /app/src/main/java/com/mgz/afp/modca/OBP_ObjectAreaPosition.java:100:5: Missing a Javadoc comment. [MissingJavadocMethod]
[ant:checkstyle] [WARN] /app/src/main/java/com/mgz/afp/modca/OBP_ObjectAreaPosition.java:100:17: Abbreviation in name 'writeAFP' must contain no more than '1' consecutive capital letters. [AbbreviationAsWordInName]
[ant:checkstyle] [WARN] /app/src/main/java/com/mgz/afp/modca/OBP_ObjectAreaPosition.java:122:5: Missing a Javadoc comment. [MissingJavadocMethod]
[ant:checkstyle] [WARN] /app/src/main/java/com/mgz/afp/modca/OBP_ObjectAreaPosition.java:126:5: Missing a Javadoc comment. [MissingJavadocMethod]
[ant:checkstyle] [WARN] /app/src/main/java/com/mgz/afp/modca/OBP_ObjectAreaPosition.java:126:32: Parameter name 'xOrigin' must match pattern '^[a-z]([a-z0-9][a-zA-Z0-9]*)?$'. [ParameterName]
[ant:checkstyle] [WARN] /app/src/main/java/com/mgz/afp/modca/OBP_ObjectAreaPosition.java:130:5: Missing a Javadoc comment. [MissingJavadocMethod]
[ant:checkstyle] [WARN] /app/src/main/java/com/mgz/afp/modca/OBP_ObjectAreaPosition.java:134:5: Missing a Javadoc comment. [MissingJavadocMethod]
[ant:checkstyle] [WARN] /app/src/main/java/com/mgz/afp/modca/OBP_ObjectAreaPosition.java:134:32: Parameter name 'yOrigin' must match pattern '^[a-z]([a-z0-9][a-zA-Z0-9]*)?$'. [ParameterName]
[ant:checkstyle] [WARN] /app/src/main/java/com/mgz/afp/modca/OBP_ObjectAreaPosition.java:138:5: Missing a Javadoc comment. [MissingJavadocMethod]
[ant:checkstyle] [WARN] /app/src/main/java/com/mgz/afp/modca/OBP_ObjectAreaPosition.java:142:5: Missing a Javadoc comment. [MissingJavadocMethod]
[ant:checkstyle] [WARN] /app/src/main/java/com/mgz/afp/modca/OBP_ObjectAreaPosition.java:142:45: Parameter name 'xRotation' must match pattern '^[a-z]([a-z0-9][a-zA-Z0-9]*)?$'. [ParameterName]
[ant:checkstyle] [WARN] /app/src/main/java/com/mgz/afp/modca/OBP_ObjectAreaPosition.java:146:5: Missing a Javadoc comment. [MissingJavadocMethod]
[ant:checkstyle] [WARN] /app/src/main/java/com/mgz/afp/modca/OBP_ObjectAreaPosition.java:150:5: Missing a Javadoc comment. [MissingJavadocMethod]
[ant:checkstyle] [WARN] /app/src/main/java/com/mgz/afp/modca/OBP_ObjectAreaPosition.java:150:45: Parameter name 'yRotation' must match pattern '^[a-z]([a-z0-9][a-zA-Z0-9]*)?$'. [ParameterName]
[ant:checkstyle] [WARN] /app/src/main/java/com/mgz/afp/modca/OBP_ObjectAreaPosition.java:162:5: Missing a Javadoc comment. [MissingJavadocMethod]
[ant:checkstyle] [WARN] /app/src/main/java/com/mgz/afp/modca/OBP_ObjectAreaPosition.java:166:5: Missing a Javadoc comment. [MissingJavadocMethod]
[ant:checkstyle] [WARN] /app/src/main/java/com/mgz/afp/modca/OBP_ObjectAreaPosition.java:166:41: Parameter name 'xOriginOfContent' must match pattern '^[a-z]([a-z0-9][a-zA-Z0-9]*)?$'. [ParameterName]
[ant:checkstyle] [WARN] /app/src/main/java/com/mgz/afp/modca/OBP_ObjectAreaPosition.java:170:5: Missing a Javadoc comment. [MissingJavadocMethod]
[ant:checkstyle] [WARN] /app/src/main/java/com/mgz/afp/modca/OBP_ObjectAreaPosition.java:174:5: Missing a Javadoc comment. [MissingJavadocMethod]
[ant:checkstyle] [WARN] /app/src/main/java/com/mgz/afp/modca/OBP_ObjectAreaPosition.java:174:41: Parameter name 'yOriginOfContent' must match pattern '^[a-z]([a-z0-9][a-zA-Z0-9]*)?$'. [ParameterName]
[ant:checkstyle] [WARN] /app/src/main/java/com/mgz/afp/modca/OBP_ObjectAreaPosition.java:178:5: Missing a Javadoc comment. [MissingJavadocMethod]
[ant:checkstyle] [WARN] /app/src/main/java/com/mgz/afp/modca/OBP_ObjectAreaPosition.java:182:5: Missing a Javadoc comment. [MissingJavadocMethod]
[ant:checkstyle] [WARN] /app/src/main/java/com/mgz/afp/modca/OBP_ObjectAreaPosition.java:182:54: Parameter name 'xRotationOfContent' must match pattern '^[a-z]([a-z0-9][a-zA-Z0-9]*)?$'. [ParameterName]
[ant:checkstyle] [WARN] /app/src/main/java/com/mgz/afp/modca/OBP_ObjectAreaPosition.java:186:5: Missing a Javadoc comment. [MissingJavadocMethod]
[ant:checkstyle] [WARN] /app/src/main/java/com/mgz/afp/modca/OBP_ObjectAreaPosition.java:190:5: Missing a Javadoc comment. [MissingJavadocMethod]
[ant:checkstyle] [WARN] /app/src/main/java/com/mgz/afp/modca/OBP_ObjectAreaPosition.java:190:54: Parameter name 'yRotationOfContent' must match pattern '^[a-z]([a-z0-9][a-zA-Z0-9]*)?$'. [ParameterName]
[ant:checkstyle] [WARN] /app/src/main/java/com/mgz/afp/lineData/XMD_XMLDescriptor.java:20:9: Package name 'com.mgz.afp.lineData' must match pattern '^[a-z]+(\.[a-z][a-z0-9]*)*$'. [PackageName]
[ant:checkstyle] [WARN] /app/src/main/java/com/mgz/afp/lineData/XMD_XMLDescriptor.java:32:1: Extra separation in import group before 'java.io.ByteArrayOutputStream' [CustomImportOrder]
[ant:checkstyle] [WARN] /app/src/main/java/com/mgz/afp/lineData/XMD_XMLDescriptor.java:37:1: Missing a Javadoc comment. [MissingJavadocType]
[ant:checkstyle] [WARN] /app/src/main/java/com/mgz/afp/lineData/XMD_XMLDescriptor.java:37:14: Abbreviation in name 'XMD_XMLDescriptor' must contain no more than '1' consecutive capital letters. [AbbreviationAsWordInName]
[ant:checkstyle] [WARN] /app/src/main/java/com/mgz/afp/lineData/XMD_XMLDescriptor.java:37:14: Type name 'XMD_XMLDescriptor' must match pattern '^[A-Z][a-zA-Z0-9]*(?:[0-9](?:_[0-9]+)*)?$'. [TypeName]
[ant:checkstyle] [WARN] /app/src/main/java/com/mgz/afp/lineData/XMD_XMLDescriptor.java:42: Line is longer than 100 characters (found 114). [LineLength]
[ant:checkstyle] [WARN] /app/src/main/java/com/mgz/afp/lineData/XMD_XMLDescriptor.java:46:7: Abbreviation in name 'fieldXMDPointer' must contain no more than '1' consecutive capital letters. [AbbreviationAsWordInName]
[ant:checkstyle] [WARN] /app/src/main/java/com/mgz/afp/lineData/XMD_XMLDescriptor.java:52:7: Abbreviation in name 'conditionalProcessingRCDPointer' must contain no more than '1' consecutive capital letters. [AbbreviationAsWordInName]
[ant:checkstyle] [WARN] /app/src/main/java/com/mgz/afp/lineData/XMD_XMLDescriptor.java:53:8: Abbreviation in name 'subpageID' must contain no more than '1' consecutive capital letters. [AbbreviationAsWordInName]
[ant:checkstyle] [WARN] /app/src/main/java/com/mgz/afp/lineData/XMD_XMLDescriptor.java:64: Line is longer than 100 characters (found 121). [LineLength]
[ant:checkstyle] [WARN] /app/src/main/java/com/mgz/afp/lineData/XMD_XMLDescriptor.java:75: Line is longer than 100 characters (found 102). [LineLength]
[ant:checkstyle] [WARN] /app/src/main/java/com/mgz/afp/lineData/XMD_XMLDescriptor.java:115: Line is longer than 100 characters (found 133). [LineLength]
[ant:checkstyle] [WARN] /app/src/main/java/com/mgz/afp/lineData/XMD_XMLDescriptor.java:202:14: Abbreviation in name 'getFieldXMDPointer' must contain no more than '1' consecutive capital letters. [AbbreviationAsWordInName]
[ant:checkstyle] [WARN] /app/src/main/java/com/mgz/afp/lineData/XMD_XMLDescriptor.java:206:15: Abbreviation in name 'setFieldXMDPointer' must contain no more than '1' consecutive capital letters. [AbbreviationAsWordInName]
[ant:checkstyle] [WARN] /app/src/main/java/com/mgz/afp/lineData/XMD_XMLDescriptor.java:206:38: Abbreviation in name 'fieldXMDPointer' must contain no more than '1' consecutive capital letters. [AbbreviationAsWordInName]
[ant:checkstyle] [WARN] /app/src/main/java/com/mgz/afp/lineData/XMD_XMLDescriptor.java:214:39: Parameter name 'reserved16_17' must match pattern '^[a-z]([a-z0-9][a-zA-Z0-9]*)?$'. [ParameterName]
[ant:checkstyle] [WARN] /app/src/main/java/com/mgz/afp/lineData/XMD_XMLDescriptor.java:250:14: Abbreviation in name 'getConditionalProcessingRCDPointer' must contain no more than '1' consecutive capital letters. [AbbreviationAsWordInName]
[ant:checkstyle] [WARN] /app/src/main/java/com/mgz/afp/lineData/XMD_XMLDescriptor.java:254:15: Abbreviation in name 'setConditionalProcessingRCDPointer' must contain no more than '1' consecutive capital letters. [AbbreviationAsWordInName]
[ant:checkstyle] [WARN] /app/src/main/java/com/mgz/afp/lineData/XMD_XMLDescriptor.java:255:11: Abbreviation in name 'conditionalProcessingRCDPointer' must contain no more than '1' consecutive capital letters. [AbbreviationAsWordInName]
[ant:checkstyle] [WARN] /app/src/main/java/com/mgz/afp/lineData/XMD_XMLDescriptor.java:259:15: Abbreviation in name 'getSubpageID' must contain no more than '1' consecutive capital letters. [AbbreviationAsWordInName]
[ant:checkstyle] [WARN] /app/src/main/java/com/mgz/afp/lineData/XMD_XMLDescriptor.java:263:15: Abbreviation in name 'setSubpageID' must contain no more than '1' consecutive capital letters. [AbbreviationAsWordInName]
[ant:checkstyle] [WARN] /app/src/main/java/com/mgz/afp/lineData/XMD_XMLDescriptor.java:263:33: Abbreviation in name 'subpageID' must contain no more than '1' consecutive capital letters. [AbbreviationAsWordInName]
[ant:checkstyle] [WARN] /app/src/main/java/com/mgz/afp/lineData/XMD_XMLDescriptor.java:327:39: Parameter name 'reserved48_61' must match pattern '^[a-z]([a-z0-9][a-zA-Z0-9]*)?$'. [ParameterName]
[ant:checkstyle] [WARN] /app/src/main/java/com/mgz/afp/lineData/XMD_XMLDescriptor.java:331:3: Missing a Javadoc comment. [MissingJavadocType]
[ant:checkstyle] [WARN] /app/src/main/java/com/mgz/afp/lineData/XMD_XMLDescriptor.java:331:15: Abbreviation in name 'XMD_Flag' must contain no more than '1' consecutive capital letters. [AbbreviationAsWordInName]
[ant:checkstyle] [WARN] /app/src/main/java/com/mgz/afp/lineData/XMD_XMLDescriptor.java:331:15: Type name 'XMD_Flag' must match pattern '^[A-Z][a-zA-Z0-9]*$'. [TypeName]
[ant:checkstyle] [WARN] /app/src/main/java/com/mgz/afp/lineData/XMD_XMLDescriptor.java:373: Line is longer than 100 characters (found 123). [LineLength]
[ant:checkstyle] [WARN] /app/src/main/java/com/mgz/afp/lineData/XMD_XMLDescriptor.java:380:5: Missing a Javadoc comment. [MissingJavadocMethod]
[ant:checkstyle] [WARN] /app/src/main/java/com/mgz/afp/lineData/XMD_XMLDescriptor.java:475:5: Missing a Javadoc comment. [MissingJavadocMethod]
[ant:checkstyle] [WARN] /app/src/main/java/com/mgz/afp/lineData/XMD_XMLDescriptor.java:538:5: Missing a Javadoc comment. [MissingJavadocMethod]
[ant:checkstyle] [WARN] /app/src/main/java/com/mgz/afp/lineData/DXD_DataMapTransmitionSubcaseDescriptor.java:20:9: Package name 'com.mgz.afp.lineData' must match pattern '^[a-z]+(\.[a-z][a-z0-9]*)*$'. [PackageName]
[ant:checkstyle] [WARN] /app/src/main/java/com/mgz/afp/lineData/DXD_DataMapTransmitionSubcaseDescriptor.java:28:1: Extra separation in import group before 'java.io.IOException' [CustomImportOrder]
[ant:checkstyle] [WARN] /app/src/main/java/com/mgz/afp/lineData/DXD_DataMapTransmitionSubcaseDescriptor.java:34:14: Abbreviation in name 'DXD_DataMapTransmitionSubcaseDescriptor' must contain no more than '1' consecutive capital letters. [AbbreviationAsWordInName]
[ant:checkstyle] [WARN] /app/src/main/java/com/mgz/afp/lineData/DXD_DataMapTransmitionSubcaseDescriptor.java:34:14: Type name 'DXD_DataMapTransmitionSubcaseDescriptor' must match pattern '^[A-Z][a-zA-Z0-9]*(?:[0-9](?:_[0-9]+)*)?$'. [TypeName]
[ant:checkstyle] [WARN] /app/src/main/java/com/mgz/afp/lineData/DXD_DataMapTransmitionSubcaseDescriptor.java:39: Line is longer than 100 characters (found 121). [LineLength]
[ant:checkstyle] [WARN] /app/src/main/java/com/mgz/afp/lineData/EPM_EndPageMap.java:20:9: Package name 'com.mgz.afp.lineData' must match pattern '^[a-z]+(\.[a-z][a-z0-9]*)*$'. [PackageName]
[ant:checkstyle] [WARN] /app/src/main/java/com/mgz/afp/lineData/EPM_EndPageMap.java:24:1: Missing a Javadoc comment. [MissingJavadocType]
[ant:checkstyle] [WARN] /app/src/main/java/com/mgz/afp/lineData/EPM_EndPageMap.java:24:14: Abbreviation in name 'EPM_EndPageMap' must contain no more than '1' consecutive capital letters. [AbbreviationAsWordInName]
[ant:checkstyle] [WARN] /app/src/main/java/com/mgz/afp/lineData/EPM_EndPageMap.java:24:14: Type name 'EPM_EndPageMap' must match pattern '^[A-Z][a-zA-Z0-9]*(?:[0-9](?:_[0-9]+)*)?$'. [TypeName]
[ant:checkstyle] [WARN] /app/src/main/java/com/mgz/afp/lineData/FDS_FixedDataSize.java:20:9: Package name 'com.mgz.afp.lineData' must match pattern '^[a-z]+(\.[a-z][a-z0-9]*)*$'. [PackageName]
[ant:checkstyle] [WARN] /app/src/main/java/com/mgz/afp/lineData/FDS_FixedDataSize.java:27:1: Extra separation in import group before 'java.io.IOException' [CustomImportOrder]
[ant:checkstyle] [WARN] /app/src/main/java/com/mgz/afp/lineData/FDS_FixedDataSize.java:35:14: Abbreviation in name 'FDS_FixedDataSize' must contain no more than '1' consecutive capital letters. [AbbreviationAsWordInName]
[ant:checkstyle] [WARN] /app/src/main/java/com/mgz/afp/lineData/FDS_FixedDataSize.java:35:14: Type name 'FDS_FixedDataSize' must match pattern '^[A-Z][a-zA-Z0-9]*(?:[0-9](?:_[0-9]+)*)?$'. [TypeName]
[ant:checkstyle] [WARN] /app/src/main/java/com/mgz/afp/lineData/FDS_FixedDataSize.java:36:7: Abbreviation in name 'numberOfDataBytesInFollowingFDX' must contain no more than '1' consecutive capital letters. [AbbreviationAsWordInName]
[ant:checkstyle] [WARN] /app/src/main/java/com/mgz/afp/lineData/FDS_FixedDataSize.java:39: Line is longer than 100 characters (found 121). [LineLength]
[ant:checkstyle] [WARN] /app/src/main/java/com/mgz/afp/lineData/FDS_FixedDataSize.java:46: Line is longer than 100 characters (found 104). [LineLength]
[ant:checkstyle] [WARN] /app/src/main/java/com/mgz/afp/lineData/FDS_FixedDataSize.java:54:14: Abbreviation in name 'getNumberOfDataBytesInFollowingFDX' must contain no more than '1' consecutive capital letters. [AbbreviationAsWordInName]
[ant:checkstyle] [WARN] /app/src/main/java/com/mgz/afp/lineData/FDS_FixedDataSize.java:61:15: Abbreviation in name 'setNumberOfDataBytesInFollowingFDX' must contain no more than '1' consecutive capital letters. [AbbreviationAsWordInName]
[ant:checkstyle] [WARN] /app/src/main/java/com/mgz/afp/lineData/FDS_FixedDataSize.java:62:11: Abbreviation in name 'numberOfDataBytesInFollowingFDX' must contain no more than '1' consecutive capital letters. [AbbreviationAsWordInName]
[ant:checkstyle] [WARN] /app/src/main/java/com/mgz/afp/lineData/FDX_FixedDataText.java:20:9: Package name 'com.mgz.afp.lineData' must match pattern '^[a-z]+(\.[a-z][a-z0-9]*)*$'. [PackageName]
[ant:checkstyle] [WARN] /app/src/main/java/com/mgz/afp/lineData/FDX_FixedDataText.java:27:1: Extra separation in import group before 'java.io.IOException' [CustomImportOrder]
[ant:checkstyle] [WARN] /app/src/main/java/com/mgz/afp/lineData/FDX_FixedDataText.java:38:14: Abbreviation in name 'FDX_FixedDataText' must contain no more than '1' consecutive capital letters. [AbbreviationAsWordInName]
[ant:checkstyle] [WARN] /app/src/main/java/com/mgz/afp/lineData/FDX_FixedDataText.java:38:14: Type name 'FDX_FixedDataText' must match pattern '^[A-Z][a-zA-Z0-9]*(?:[0-9](?:_[0-9]+)*)?$'. [TypeName]
[ant:checkstyle] [WARN] /app/src/main/java/com/mgz/afp/lineData/FDX_FixedDataText.java:43: Line is longer than 100 characters (found 121). [LineLength]
[ant:checkstyle] [WARN] /app/src/main/java/com/mgz/afp/lineData/LND_LineDescriptor.java:20:9: Package name 'com.mgz.afp.lineData' must match pattern '^[a-z]+(\.[a-z][a-z0-9]*)*$'. [PackageName]
[ant:checkstyle] [WARN] /app/src/main/java/com/mgz/afp/lineData/LND_LineDescriptor.java:34:1: Extra separation in import group before 'java.io.ByteArrayOutputStream' [CustomImportOrder]
[ant:checkstyle] [WARN] /app/src/main/java/com/mgz/afp/lineData/LND_LineDescriptor.java:44:14: Abbreviation in name 'LND_LineDescriptor' must contain no more than '1' consecutive capital letters. [AbbreviationAsWordInName]
[ant:checkstyle] [WARN] /app/src/main/java/com/mgz/afp/lineData/LND_LineDescriptor.java:44:14: Type name 'LND_LineDescriptor' must match pattern '^[A-Z][a-zA-Z0-9]*(?:[0-9](?:_[0-9]+)*)?$'. [TypeName]
[ant:checkstyle] [WARN] /app/src/main/java/com/mgz/afp/lineData/LND_LineDescriptor.java:47: Line is longer than 100 characters (found 115). [LineLength]
[ant:checkstyle] [WARN] /app/src/main/java/com/mgz/afp/lineData/LND_LineDescriptor.java:52:7: Abbreviation in name 'nextLNDIfSkipping' must contain no more than '1' consecutive capital letters. [AbbreviationAsWordInName]
[ant:checkstyle] [WARN] /app/src/main/java/com/mgz/afp/lineData/LND_LineDescriptor.java:53:7: Abbreviation in name 'nextLNDIfSpacing' must contain no more than '1' consecutive capital letters. [AbbreviationAsWordInName]
[ant:checkstyle] [WARN] /app/src/main/java/com/mgz/afp/lineData/LND_LineDescriptor.java:54:7: Abbreviation in name 'nextLNDIfReusingData' must contain no more than '1' consecutive capital letters. [AbbreviationAsWordInName]
[ant:checkstyle] [WARN] /app/src/main/java/com/mgz/afp/lineData/LND_LineDescriptor.java:56:8: Abbreviation in name 'shiftOutLocalFontID' must contain no more than '1' consecutive capital letters. [AbbreviationAsWordInName]
[ant:checkstyle] [WARN] /app/src/main/java/com/mgz/afp/lineData/LND_LineDescriptor.java:60:7: Abbreviation in name 'nextLNDIfConditionalProcessing' must contain no more than '1' consecutive capital letters. [AbbreviationAsWordInName]
[ant:checkstyle] [WARN] /app/src/main/java/com/mgz/afp/lineData/LND_LineDescriptor.java:61:9: Abbreviation in name 'subpageID' must contain no more than '1' consecutive capital letters. [AbbreviationAsWordInName]
[ant:checkstyle] [WARN] /app/src/main/java/com/mgz/afp/lineData/LND_LineDescriptor.java:65: Line is longer than 100 characters (found 121). [LineLength]
[ant:checkstyle] [WARN] /app/src/main/java/com/mgz/afp/lineData/LND_LineDescriptor.java:69: Line is longer than 100 characters (found 118). [LineLength]
[ant:checkstyle] [WARN] /app/src/main/java/com/mgz/afp/lineData/LND_LineDescriptor.java:71: Line is longer than 100 characters (found 117). [LineLength]
[ant:checkstyle] [WARN] /app/src/main/java/com/mgz/afp/lineData/LND_LineDescriptor.java:74: Line is longer than 100 characters (found 101). [LineLength]
[ant:checkstyle] [WARN] /app/src/main/java/com/mgz/afp/lineData/LND_LineDescriptor.java:102: Line is longer than 100 characters (found 161). [LineLength]
[ant:checkstyle] [WARN] /app/src/main/java/com/mgz/afp/lineData/LND_LineDescriptor.java:110: Line is longer than 100 characters (found 133). [LineLength]
[ant:checkstyle] [WARN] /app/src/main/java/com/mgz/afp/lineData/LND_LineDescriptor.java:168:14: Abbreviation in name 'getNextLNDIfSkipping' must contain no more than '1' consecutive capital letters. [AbbreviationAsWordInName]
[ant:checkstyle] [WARN] /app/src/main/java/com/mgz/afp/lineData/LND_LineDescriptor.java:172:15: Abbreviation in name 'setNextLNDIfSkipping' must contain no more than '1' consecutive capital letters. [AbbreviationAsWordInName]
[ant:checkstyle] [WARN] /app/src/main/java/com/mgz/afp/lineData/LND_LineDescriptor.java:172:40: Abbreviation in name 'nextLNDIfSkipping' must contain no more than '1' consecutive capital letters. [AbbreviationAsWordInName]
[ant:checkstyle] [WARN] /app/src/main/java/com/mgz/afp/lineData/LND_LineDescriptor.java:176:14: Abbreviation in name 'getNextLNDIfSpacing' must contain no more than '1' consecutive capital letters. [AbbreviationAsWordInName]
[ant:checkstyle] [WARN] /app/src/main/java/com/mgz/afp/lineData/LND_LineDescriptor.java:180:15: Abbreviation in name 'setNextLNDIfSpacing' must contain no more than '1' consecutive capital letters. [AbbreviationAsWordInName]
[ant:checkstyle] [WARN] /app/src/main/java/com/mgz/afp/lineData/LND_LineDescriptor.java:180:39: Abbreviation in name 'nextLNDIfSpacing' must contain no more than '1' consecutive capital letters. [AbbreviationAsWordInName]
[ant:checkstyle] [WARN] /app/src/main/java/com/mgz/afp/lineData/LND_LineDescriptor.java:184:14: Abbreviation in name 'getNextLNDIfReusingData' must contain no more than '1' consecutive capital letters. [AbbreviationAsWordInName]
[ant:checkstyle] [WARN] /app/src/main/java/com/mgz/afp/lineData/LND_LineDescriptor.java:188:15: Abbreviation in name 'setNextLNDIfReusingData' must contain no more than '1' consecutive capital letters. [AbbreviationAsWordInName]
[ant:checkstyle] [WARN] /app/src/main/java/com/mgz/afp/lineData/LND_LineDescriptor.java:188:43: Abbreviation in name 'nextLNDIfReusingData' must contain no more than '1' consecutive capital letters. [AbbreviationAsWordInName]
[ant:checkstyle] [WARN] /app/src/main/java/com/mgz/afp/lineData/LND_LineDescriptor.java:200:15: Abbreviation in name 'getShiftOutLocalFontID' must contain no more than '1' consecutive capital letters. [AbbreviationAsWordInName]
[ant:checkstyle] [WARN] /app/src/main/java/com/mgz/afp/lineData/LND_LineDescriptor.java:204:15: Abbreviation in name 'setShiftOutLocalFontID' must contain no more than '1' consecutive capital letters. [AbbreviationAsWordInName]
[ant:checkstyle] [WARN] /app/src/main/java/com/mgz/afp/lineData/LND_LineDescriptor.java:204:43: Abbreviation in name 'shiftOutLocalFontID' must contain no more than '1' consecutive capital letters. [AbbreviationAsWordInName]
[ant:checkstyle] [WARN] /app/src/main/java/com/mgz/afp/lineData/LND_LineDescriptor.java:232:14: Abbreviation in name 'getNextLNDIfConditionalProcessing' must contain no more than '1' consecutive capital letters. [AbbreviationAsWordInName]
[ant:checkstyle] [WARN] /app/src/main/java/com/mgz/afp/lineData/LND_LineDescriptor.java:236:15: Abbreviation in name 'setNextLNDIfConditionalProcessing' must contain no more than '1' consecutive capital letters. [AbbreviationAsWordInName]
[ant:checkstyle] [WARN] /app/src/main/java/com/mgz/afp/lineData/LND_LineDescriptor.java:236:53: Abbreviation in name 'nextLNDIfConditionalProcessing' must contain no more than '1' consecutive capital letters. [AbbreviationAsWordInName]
[ant:checkstyle] [WARN] /app/src/main/java/com/mgz/afp/lineData/LND_LineDescriptor.java:240:16: Abbreviation in name 'getSubpageID' must contain no more than '1' consecutive capital letters. [AbbreviationAsWordInName]
[ant:checkstyle] [WARN] /app/src/main/java/com/mgz/afp/lineData/LND_LineDescriptor.java:244:15: Abbreviation in name 'setSubpageID' must contain no more than '1' consecutive capital letters. [AbbreviationAsWordInName]
[ant:checkstyle] [WARN] /app/src/main/java/com/mgz/afp/lineData/LND_LineDescriptor.java:244:34: Abbreviation in name 'subpageID' must contain no more than '1' consecutive capital letters. [AbbreviationAsWordInName]
[ant:checkstyle] [WARN] /app/src/main/java/com/mgz/afp/lineData/LND_LineDescriptor.java:272:3: Missing a Javadoc comment. [MissingJavadocType]
[ant:checkstyle] [WARN] /app/src/main/java/com/mgz/afp/lineData/LND_LineDescriptor.java:272:15: Abbreviation in name 'LND_Flag' must contain no more than '1' consecutive capital letters. [AbbreviationAsWordInName]
[ant:checkstyle] [WARN] /app/src/main/java/com/mgz/afp/lineData/LND_LineDescriptor.java:272:15: Type name 'LND_Flag' must match pattern '^[A-Z][a-zA-Z0-9]*$'. [TypeName]
[ant:checkstyle] [WARN] /app/src/main/java/com/mgz/afp/lineData/LND_LineDescriptor.java:299: Line is longer than 100 characters (found 123). [LineLength]
[ant:checkstyle] [WARN] /app/src/main/java/com/mgz/afp/lineData/LND_LineDescriptor.java:306:5: Missing a Javadoc comment. [MissingJavadocMethod]
[ant:checkstyle] [WARN] /app/src/main/java/com/mgz/afp/lineData/LND_LineDescriptor.java:379:5: Missing a Javadoc comment. [MissingJavadocMethod]
[ant:checkstyle] [WARN] /app/src/main/java/com/mgz/afp/lineData/LND_LineDescriptor.java:426:5: Missing a Javadoc comment. [MissingJavadocMethod]
[ant:checkstyle] [WARN] /app/src/main/java/com/mgz/afp/lineData/RCD_XMD_RecordTypeElementType.java:20:9: Package name 'com.mgz.afp.lineData' must match pattern '^[a-z]+(\.[a-z][a-z0-9]*)*$'. [PackageName]
[ant:checkstyle] [WARN] /app/src/main/java/com/mgz/afp/lineData/RCD_XMD_RecordTypeElementType.java:22:1: Missing a Javadoc comment. [MissingJavadocType]
[ant:checkstyle] [WARN] /app/src/main/java/com/mgz/afp/lineData/RCD_XMD_RecordTypeElementType.java:22:13: Abbreviation in name 'RCD_XMD_RecordTypeElementType' must contain no more than '1' consecutive capital letters. [AbbreviationAsWordInName]
[ant:checkstyle] [WARN] /app/src/main/java/com/mgz/afp/lineData/RCD_XMD_RecordTypeElementType.java:22:13: Type name 'RCD_XMD_RecordTypeElementType' must match pattern '^[A-Z][a-zA-Z0-9]*$'. [TypeName]
[ant:checkstyle] [WARN] /app/src/main/java/com/mgz/afp/lineData/RCD_XMD_RecordTypeElementType.java:28:3: Missing a Javadoc comment. [MissingJavadocMethod]
[ant:checkstyle] [WARN] /app/src/main/java/com/mgz/afp/lineData/RCD_XMD_RecordTypeElementType.java:37:3: Missing a Javadoc comment. [MissingJavadocMethod]
[ant:checkstyle] [WARN] /app/src/main/java/com/mgz/afp/lineData/EDX_EndDataMapTransmitionSubcase.java:20:9: Package name 'com.mgz.afp.lineData' must match pattern '^[a-z]+(\.[a-z][a-z0-9]*)*$'. [PackageName]
[ant:checkstyle] [WARN] /app/src/main/java/com/mgz/afp/lineData/EDX_EndDataMapTransmitionSubcase.java:24:1: Missing a Javadoc comment. [MissingJavadocType]
[ant:checkstyle] [WARN] /app/src/main/java/com/mgz/afp/lineData/EDX_EndDataMapTransmitionSubcase.java:24:14: Abbreviation in name 'EDX_EndDataMapTransmitionSubcase' must contain no more than '1' consecutive capital letters. [AbbreviationAsWordInName]
[ant:checkstyle] [WARN] /app/src/main/java/com/mgz/afp/lineData/EDX_EndDataMapTransmitionSubcase.java:24:14: Type name 'EDX_EndDataMapTransmitionSubcase' must match pattern '^[A-Z][a-zA-Z0-9]*(?:[0-9](?:_[0-9]+)*)?$'. [TypeName]
[ant:checkstyle] [WARN] /app/src/main/java/com/mgz/afp/lineData/RCD_RecordDescriptor.java:20:9: Package name 'com.mgz.afp.lineData' must match pattern '^[a-z]+(\.[a-z][a-z0-9]*)*$'. [PackageName]
[ant:checkstyle] [WARN] /app/src/main/java/com/mgz/afp/lineData/RCD_RecordDescriptor.java:32:1: Extra separation in import group before 'java.io.ByteArrayOutputStream' [CustomImportOrder]
[ant:checkstyle] [WARN] /app/src/main/java/com/mgz/afp/lineData/RCD_RecordDescriptor.java:43:14: Abbreviation in name 'RCD_RecordDescriptor' must contain no more than '1' consecutive capital letters. [AbbreviationAsWordInName]
[ant:checkstyle] [WARN] /app/src/main/java/com/mgz/afp/lineData/RCD_RecordDescriptor.java:43:14: Type name 'RCD_RecordDescriptor' must match pattern '^[A-Z][a-zA-Z0-9]*(?:[0-9](?:_[0-9]+)*)?$'. [TypeName]
[ant:checkstyle] [WARN] /app/src/main/java/com/mgz/afp/lineData/RCD_RecordDescriptor.java:44:10: Abbreviation in name 'recordDescriptorID' must contain no more than '1' consecutive capital letters. [AbbreviationAsWordInName]
[ant:checkstyle] [WARN] /app/src/main/java/com/mgz/afp/lineData/RCD_RecordDescriptor.java:49: Line is longer than 100 characters (found 115). [LineLength]
[ant:checkstyle] [WARN] /app/src/main/java/com/mgz/afp/lineData/RCD_RecordDescriptor.java:53:7: Abbreviation in name 'fieldRCDPointer' must contain no more than '1' consecutive capital letters. [AbbreviationAsWordInName]
[ant:checkstyle] [WARN] /app/src/main/java/com/mgz/afp/lineData/RCD_RecordDescriptor.java:55:9: Abbreviation in name 'shiftOutFontLocalID' must contain no more than '1' consecutive capital letters. [AbbreviationAsWordInName]
[ant:checkstyle] [WARN] /app/src/main/java/com/mgz/afp/lineData/RCD_RecordDescriptor.java:58:7: Abbreviation in name 'conditionalProcessingRCDPointer' must contain no more than '1' consecutive capital letters. [AbbreviationAsWordInName]
[ant:checkstyle] [WARN] /app/src/main/java/com/mgz/afp/lineData/RCD_RecordDescriptor.java:59:8: Abbreviation in name 'subpageID' must contain no more than '1' consecutive capital letters. [AbbreviationAsWordInName]
[ant:checkstyle] [WARN] /app/src/main/java/com/mgz/afp/lineData/RCD_RecordDescriptor.java:70: Line is longer than 100 characters (found 121). [LineLength]
[ant:checkstyle] [WARN] /app/src/main/java/com/mgz/afp/lineData/RCD_RecordDescriptor.java:82: Line is longer than 100 characters (found 102). [LineLength]
[ant:checkstyle] [WARN] /app/src/main/java/com/mgz/afp/lineData/RCD_RecordDescriptor.java:112: Line is longer than 100 characters (found 132). [LineLength]
[ant:checkstyle] [WARN] /app/src/main/java/com/mgz/afp/lineData/RCD_RecordDescriptor.java:122: Line is longer than 100 characters (found 133). [LineLength]
[ant:checkstyle] [WARN] /app/src/main/java/com/mgz/afp/lineData/RCD_RecordDescriptor.java:145:17: Abbreviation in name 'getRecordDescriptorID' must contain no more than '1' consecutive capital letters. [AbbreviationAsWordInName]
[ant:checkstyle] [WARN] /app/src/main/java/com/mgz/afp/lineData/RCD_RecordDescriptor.java:149:15: Abbreviation in name 'setRecordDescriptorID' must contain no more than '1' consecutive capital letters. [AbbreviationAsWordInName]
[ant:checkstyle] [WARN] /app/src/main/java/com/mgz/afp/lineData/RCD_RecordDescriptor.java:149:44: Abbreviation in name 'recordDescriptorID' must contain no more than '1' consecutive capital letters. [AbbreviationAsWordInName]
[ant:checkstyle] [WARN] /app/src/main/java/com/mgz/afp/lineData/RCD_RecordDescriptor.java:217:14: Abbreviation in name 'getFieldRCDPointer' must contain no more than '1' consecutive capital letters. [AbbreviationAsWordInName]
[ant:checkstyle] [WARN] /app/src/main/java/com/mgz/afp/lineData/RCD_RecordDescriptor.java:221:15: Abbreviation in name 'setFieldRCDPointer' must contain no more than '1' consecutive capital letters. [AbbreviationAsWordInName]
[ant:checkstyle] [WARN] /app/src/main/java/com/mgz/afp/lineData/RCD_RecordDescriptor.java:221:38: Abbreviation in name 'fieldRCDPointer' must contain no more than '1' consecutive capital letters. [AbbreviationAsWordInName]
[ant:checkstyle] [WARN] /app/src/main/java/com/mgz/afp/lineData/RCD_RecordDescriptor.java:233:16: Abbreviation in name 'getShiftOutFontLocalID' must contain no more than '1' consecutive capital letters. [AbbreviationAsWordInName]
[ant:checkstyle] [WARN] /app/src/main/java/com/mgz/afp/lineData/RCD_RecordDescriptor.java:237:15: Abbreviation in name 'setShiftOutFontLocalID' must contain no more than '1' consecutive capital letters. [AbbreviationAsWordInName]
[ant:checkstyle] [WARN] /app/src/main/java/com/mgz/afp/lineData/RCD_RecordDescriptor.java:237:44: Abbreviation in name 'shiftOutFontLocalID' must contain no more than '1' consecutive capital letters. [AbbreviationAsWordInName]
[ant:checkstyle] [WARN] /app/src/main/java/com/mgz/afp/lineData/RCD_RecordDescriptor.java:257:14: Abbreviation in name 'getConditionalProcessingRCDPointer' must contain no more than '1' consecutive capital letters. [AbbreviationAsWordInName]
[ant:checkstyle] [WARN] /app/src/main/java/com/mgz/afp/lineData/RCD_RecordDescriptor.java:261:15: Abbreviation in name 'setConditionalProcessingRCDPointer' must contain no more than '1' consecutive capital letters. [AbbreviationAsWordInName]
[ant:checkstyle] [WARN] /app/src/main/java/com/mgz/afp/lineData/RCD_RecordDescriptor.java:262:11: Abbreviation in name 'conditionalProcessingRCDPointer' must contain no more than '1' consecutive capital letters. [AbbreviationAsWordInName]
[ant:checkstyle] [WARN] /app/src/main/java/com/mgz/afp/lineData/RCD_RecordDescriptor.java:266:15: Abbreviation in name 'getSubpageID' must contain no more than '1' consecutive capital letters. [AbbreviationAsWordInName]
[ant:checkstyle] [WARN] /app/src/main/java/com/mgz/afp/lineData/RCD_RecordDescriptor.java:270:15: Abbreviation in name 'setSubpageID' must contain no more than '1' consecutive capital letters. [AbbreviationAsWordInName]
[ant:checkstyle] [WARN] /app/src/main/java/com/mgz/afp/lineData/RCD_RecordDescriptor.java:270:33: Abbreviation in name 'subpageID' must contain no more than '1' consecutive capital letters. [AbbreviationAsWordInName]
[ant:checkstyle] [WARN] /app/src/main/java/com/mgz/afp/lineData/RCD_RecordDescriptor.java:334:39: Parameter name 'reserved57_69' must match pattern '^[a-z]([a-z0-9][a-zA-Z0-9]*)?$'. [ParameterName]
[ant:checkstyle] [WARN] /app/src/main/java/com/mgz/afp/lineData/RCD_RecordDescriptor.java:338:3: Missing a Javadoc comment. [MissingJavadocType]
[ant:checkstyle] [WARN] /app/src/main/java/com/mgz/afp/lineData/RCD_RecordDescriptor.java:338:15: Abbreviation in name 'RCD_Flag' must contain no more than '1' consecutive capital letters. [AbbreviationAsWordInName]
[ant:checkstyle] [WARN] /app/src/main/java/com/mgz/afp/lineData/RCD_RecordDescriptor.java:338:15: Type name 'RCD_Flag' must match pattern '^[A-Z][a-zA-Z0-9]*$'. [TypeName]
[ant:checkstyle] [WARN] /app/src/main/java/com/mgz/afp/lineData/RCD_RecordDescriptor.java:378: Line is longer than 100 characters (found 123). [LineLength]
[ant:checkstyle] [WARN] /app/src/main/java/com/mgz/afp/lineData/RCD_RecordDescriptor.java:385:5: Missing a Javadoc comment. [MissingJavadocMethod]
[ant:checkstyle] [WARN] /app/src/main/java/com/mgz/afp/lineData/RCD_RecordDescriptor.java:470:5: Missing a Javadoc comment. [MissingJavadocMethod]
[ant:checkstyle] [WARN] /app/src/main/java/com/mgz/afp/lineData/RCD_RecordDescriptor.java:476: Line is longer than 100 characters (found 105). [LineLength]
[ant:checkstyle] [WARN] /app/src/main/java/com/mgz/afp/lineData/RCD_RecordDescriptor.java:479: Line is longer than 100 characters (found 107). [LineLength]
[ant:checkstyle] [WARN] /app/src/main/java/com/mgz/afp/lineData/RCD_RecordDescriptor.java:482: Line is longer than 100 characters (found 101). [LineLength]
[ant:checkstyle] [WARN] /app/src/main/java/com/mgz/afp/lineData/RCD_RecordDescriptor.java:485: Line is longer than 100 characters (found 109). [LineLength]
[ant:checkstyle] [WARN] /app/src/main/java/com/mgz/afp/lineData/RCD_RecordDescriptor.java:497: Line is longer than 100 characters (found 107). [LineLength]
[ant:checkstyle] [WARN] /app/src/main/java/com/mgz/afp/lineData/RCD_RecordDescriptor.java:501: Line is longer than 100 characters (found 112). [LineLength]
[ant:checkstyle] [WARN] /app/src/main/java/com/mgz/afp/lineData/RCD_RecordDescriptor.java:515: Line is longer than 100 characters (found 112). [LineLength]
[ant:checkstyle] [WARN] /app/src/main/java/com/mgz/afp/lineData/RCD_RecordDescriptor.java:521: Line is longer than 100 characters (found 102). [LineLength]
[ant:checkstyle] [WARN] /app/src/main/java/com/mgz/afp/lineData/RCD_RecordDescriptor.java:529:5: Missing a Javadoc comment. [MissingJavadocMethod]
[ant:checkstyle] [WARN] /app/src/main/java/com/mgz/afp/lineData/BDX_BeginDataMapTransmitionSubcase.java:20:9: Package name 'com.mgz.afp.lineData' must match pattern '^[a-z]+(\.[a-z][a-z0-9]*)*$'. [PackageName]
[ant:checkstyle] [WARN] /app/src/main/java/com/mgz/afp/lineData/BDX_BeginDataMapTransmitionSubcase.java:29:14: Abbreviation in name 'BDX_BeginDataMapTransmitionSubcase' must contain no more than '1' consecutive capital letters. [AbbreviationAsWordInName]
[ant:checkstyle] [WARN] /app/src/main/java/com/mgz/afp/lineData/BDX_BeginDataMapTransmitionSubcase.java:29:14: Type name 'BDX_BeginDataMapTransmitionSubcase' must match pattern '^[A-Z][a-zA-Z0-9]*(?:[0-9](?:_[0-9]+)*)?$'. [TypeName]
[ant:checkstyle] [WARN] /app/src/main/java/com/mgz/afp/lineData/BDM_BeginDataMap.java:20:9: Package name 'com.mgz.afp.lineData' must match pattern '^[a-z]+(\.[a-z][a-z0-9]*)*$'. [PackageName]
[ant:checkstyle] [WARN] /app/src/main/java/com/mgz/afp/lineData/BDM_BeginDataMap.java:30:1: Extra separation in import group before 'java.io.ByteArrayOutputStream' [CustomImportOrder]
[ant:checkstyle] [WARN] /app/src/main/java/com/mgz/afp/lineData/BDM_BeginDataMap.java:38:14: Abbreviation in name 'BDM_BeginDataMap' must contain no more than '1' consecutive capital letters. [AbbreviationAsWordInName]
[ant:checkstyle] [WARN] /app/src/main/java/com/mgz/afp/lineData/BDM_BeginDataMap.java:38:14: Type name 'BDM_BeginDataMap' must match pattern '^[A-Z][a-zA-Z0-9]*(?:[0-9](?:_[0-9]+)*)?$'. [TypeName]
[ant:checkstyle] [WARN] /app/src/main/java/com/mgz/afp/lineData/BDM_BeginDataMap.java:43: Line is longer than 100 characters (found 121). [LineLength]
[ant:checkstyle] [WARN] /app/src/main/java/com/mgz/afp/lineData/BDM_BeginDataMap.java:63: Line is longer than 100 characters (found 117). [LineLength]
[ant:checkstyle] [WARN] /app/src/main/java/com/mgz/afp/lineData/BDM_BeginDataMap.java:107:15: Abbreviation in name 'BDM_DataFormat' must contain no more than '1' consecutive capital letters. [AbbreviationAsWordInName]
[ant:checkstyle] [WARN] /app/src/main/java/com/mgz/afp/lineData/BDM_BeginDataMap.java:107:15: Type name 'BDM_DataFormat' must match pattern '^[A-Z][a-zA-Z0-9]*$'. [TypeName]
[ant:checkstyle] [WARN] /app/src/main/java/com/mgz/afp/lineData/BDM_BeginDataMap.java:112:5: Missing a Javadoc comment. [MissingJavadocMethod]
[ant:checkstyle] [WARN] /app/src/main/java/com/mgz/afp/lineData/BDM_BeginDataMap.java:121:5: Missing a Javadoc comment. [MissingJavadocMethod]
[ant:checkstyle] [WARN] /app/src/main/java/com/mgz/afp/lineData/CCP_ConditionalProcessingControl.java:20:9: Package name 'com.mgz.afp.lineData' must match pattern '^[a-z]+(\.[a-z][a-z0-9]*)*$'. [PackageName]
[ant:checkstyle] [WARN] /app/src/main/java/com/mgz/afp/lineData/CCP_ConditionalProcessingControl.java:29:1: Extra separation in import group before 'com.fasterxml.jackson.dataformat.xml.annotation.JacksonXmlProperty' [CustomImportOrder]
[ant:checkstyle] [WARN] /app/src/main/java/com/mgz/afp/lineData/CCP_ConditionalProcessingControl.java:29:1: Wrong lexicographical order for 'com.fasterxml.jackson.dataformat.xml.annotation.JacksonXmlProperty' import. Should be before 'com.mgz.util.UtilCharacterEncoding'. [CustomImportOrder]
[ant:checkstyle] [WARN] /app/src/main/java/com/mgz/afp/lineData/CCP_ConditionalProcessingControl.java:46:14: Abbreviation in name 'CCP_ConditionalProcessingControl' must contain no more than '1' consecutive capital letters. [AbbreviationAsWordInName]
[ant:checkstyle] [WARN] /app/src/main/java/com/mgz/afp/lineData/CCP_ConditionalProcessingControl.java:46:14: Type name 'CCP_ConditionalProcessingControl' must match pattern '^[A-Z][a-zA-Z0-9]*(?:[0-9](?:_[0-9]+)*)?$'. [TypeName]
[ant:checkstyle] [WARN] /app/src/main/java/com/mgz/afp/lineData/CCP_ConditionalProcessingControl.java:57: Line is longer than 100 characters (found 121). [LineLength]
[ant:checkstyle] [WARN] /app/src/main/java/com/mgz/afp/lineData/CCP_ConditionalProcessingControl.java:159:3: Missing a Javadoc comment. [MissingJavadocType]
[ant:checkstyle] [WARN] /app/src/main/java/com/mgz/afp/lineData/CCP_ConditionalProcessingControl.java:159:15: Abbreviation in name 'CCP_Flag' must contain no more than '1' consecutive capital letters. [AbbreviationAsWordInName]
[ant:checkstyle] [WARN] /app/src/main/java/com/mgz/afp/lineData/CCP_ConditionalProcessingControl.java:159:15: Type name 'CCP_Flag' must match pattern '^[A-Z][a-zA-Z0-9]*$'. [TypeName]
[ant:checkstyle] [WARN] /app/src/main/java/com/mgz/afp/lineData/CCP_ConditionalProcessingControl.java:169:5: Missing a Javadoc comment. [MissingJavadocMethod]
[ant:checkstyle] [WARN] /app/src/main/java/com/mgz/afp/lineData/CCP_ConditionalProcessingControl.java:179:5: Missing a Javadoc comment. [MissingJavadocMethod]
[ant:checkstyle] [WARN] /app/src/main/java/com/mgz/afp/lineData/CCP_ConditionalProcessingControl.java:189:23: Abbreviation in name 'CCP_RepeatingGroup' must contain no more than '1' consecutive capital letters. [AbbreviationAsWordInName]
[ant:checkstyle] [WARN] /app/src/main/java/com/mgz/afp/lineData/CCP_ConditionalProcessingControl.java:189:23: Type name 'CCP_RepeatingGroup' must match pattern '^[A-Z][a-zA-Z0-9]*(?:[0-9](?:_[0-9]+)*)?$'. [TypeName]
[ant:checkstyle] [WARN] /app/src/main/java/com/mgz/afp/lineData/CCP_ConditionalProcessingControl.java:199: Line is longer than 100 characters (found 123). [LineLength]
[ant:checkstyle] [WARN] /app/src/main/java/com/mgz/afp/lineData/CCP_ConditionalProcessingControl.java:232: Line is longer than 100 characters (found 102). [LineLength]
[ant:checkstyle] [WARN] /app/src/main/java/com/mgz/afp/lineData/CCP_ConditionalProcessingControl.java:247: Line is longer than 100 characters (found 141). [LineLength]
[ant:checkstyle] [WARN] /app/src/main/java/com/mgz/afp/lineData/CCP_ConditionalProcessingControl.java:253: Line is longer than 100 characters (found 139). [LineLength]
[ant:checkstyle] [WARN] /app/src/main/java/com/mgz/afp/lineData/CCP_ConditionalProcessingControl.java:324:5: Missing a Javadoc comment. [MissingJavadocType]
[ant:checkstyle] [WARN] /app/src/main/java/com/mgz/afp/lineData/CCP_ConditionalProcessingControl.java:324:17: Abbreviation in name 'CCP_TimingOfAction' must contain no more than '1' consecutive capital letters. [AbbreviationAsWordInName]
[ant:checkstyle] [WARN] /app/src/main/java/com/mgz/afp/lineData/CCP_ConditionalProcessingControl.java:324:17: Type name 'CCP_TimingOfAction' must match pattern '^[A-Z][a-zA-Z0-9]*$'. [TypeName]
[ant:checkstyle] [WARN] /app/src/main/java/com/mgz/afp/lineData/CCP_ConditionalProcessingControl.java:337:7: Missing a Javadoc comment. [MissingJavadocMethod]
[ant:checkstyle] [WARN] /app/src/main/java/com/mgz/afp/lineData/CCP_ConditionalProcessingControl.java:346:7: Missing a Javadoc comment. [MissingJavadocMethod]
[ant:checkstyle] [WARN] /app/src/main/java/com/mgz/afp/lineData/CCP_ConditionalProcessingControl.java:351:5: Missing a Javadoc comment. [MissingJavadocType]
[ant:checkstyle] [WARN] /app/src/main/java/com/mgz/afp/lineData/CCP_ConditionalProcessingControl.java:351:17: Abbreviation in name 'CCP_MediumMapAction' must contain no more than '1' consecutive capital letters. [AbbreviationAsWordInName]
[ant:checkstyle] [WARN] /app/src/main/java/com/mgz/afp/lineData/CCP_ConditionalProcessingControl.java:351:17: Type name 'CCP_MediumMapAction' must match pattern '^[A-Z][a-zA-Z0-9]*$'. [TypeName]
[ant:checkstyle] [WARN] /app/src/main/java/com/mgz/afp/lineData/CCP_ConditionalProcessingControl.java:358:7: Missing a Javadoc comment. [MissingJavadocMethod]
[ant:checkstyle] [WARN] /app/src/main/java/com/mgz/afp/lineData/CCP_ConditionalProcessingControl.java:367:7: Missing a Javadoc comment. [MissingJavadocMethod]
[ant:checkstyle] [WARN] /app/src/main/java/com/mgz/afp/lineData/CCP_ConditionalProcessingControl.java:372:5: Missing a Javadoc comment. [MissingJavadocType]
[ant:checkstyle] [WARN] /app/src/main/java/com/mgz/afp/lineData/CCP_ConditionalProcessingControl.java:372:17: Abbreviation in name 'CCP_DataMapAction' must contain no more than '1' consecutive capital letters. [AbbreviationAsWordInName]
[ant:checkstyle] [WARN] /app/src/main/java/com/mgz/afp/lineData/CCP_ConditionalProcessingControl.java:372:17: Type name 'CCP_DataMapAction' must match pattern '^[A-Z][a-zA-Z0-9]*$'. [TypeName]
[ant:checkstyle] [WARN] /app/src/main/java/com/mgz/afp/lineData/CCP_ConditionalProcessingControl.java:379:7: Missing a Javadoc comment. [MissingJavadocMethod]
[ant:checkstyle] [WARN] /app/src/main/java/com/mgz/afp/lineData/CCP_ConditionalProcessingControl.java:388:7: Missing a Javadoc comment. [MissingJavadocMethod]
[ant:checkstyle] [WARN] /app/src/main/java/com/mgz/afp/lineData/CCP_ConditionalProcessingControl.java:393:5: Missing a Javadoc comment. [MissingJavadocType]
[ant:checkstyle] [WARN] /app/src/main/java/com/mgz/afp/lineData/CCP_ConditionalProcessingControl.java:393:17: Abbreviation in name 'CCP_Comparison' must contain no more than '1' consecutive capital letters. [AbbreviationAsWordInName]
[ant:checkstyle] [WARN] /app/src/main/java/com/mgz/afp/lineData/CCP_ConditionalProcessingControl.java:393:17: Type name 'CCP_Comparison' must match pattern '^[A-Z][a-zA-Z0-9]*$'. [TypeName]
[ant:checkstyle] [WARN] /app/src/main/java/com/mgz/afp/lineData/CCP_ConditionalProcessingControl.java:403:7: Missing a Javadoc comment. [MissingJavadocMethod]
[ant:checkstyle] [WARN] /app/src/main/java/com/mgz/afp/lineData/CCP_ConditionalProcessingControl.java:412:7: Missing a Javadoc comment. [MissingJavadocMethod]
[ant:checkstyle] [WARN] /app/src/main/java/com/mgz/afp/lineData/LNC_LineDescriptorCount.java:20:9: Package name 'com.mgz.afp.lineData' must match pattern '^[a-z]+(\.[a-z][a-z0-9]*)*$'. [PackageName]
[ant:checkstyle] [WARN] /app/src/main/java/com/mgz/afp/lineData/LNC_LineDescriptorCount.java:27:1: Extra separation in import group before 'java.io.IOException' [CustomImportOrder]
[ant:checkstyle] [WARN] /app/src/main/java/com/mgz/afp/lineData/LNC_LineDescriptorCount.java:34:14: Abbreviation in name 'LNC_LineDescriptorCount' must contain no more than '1' consecutive capital letters. [AbbreviationAsWordInName]
[ant:checkstyle] [WARN] /app/src/main/java/com/mgz/afp/lineData/LNC_LineDescriptorCount.java:34:14: Type name 'LNC_LineDescriptorCount' must match pattern '^[A-Z][a-zA-Z0-9]*(?:[0-9](?:_[0-9]+)*)?$'. [TypeName]
[ant:checkstyle] [WARN] /app/src/main/java/com/mgz/afp/lineData/LNC_LineDescriptorCount.java:35:7: Abbreviation in name 'numberOfSFInBDX' must contain no more than '1' consecutive capital letters. [AbbreviationAsWordInName]
[ant:checkstyle] [WARN] /app/src/main/java/com/mgz/afp/lineData/LNC_LineDescriptorCount.java:38: Line is longer than 100 characters (found 121). [LineLength]
[ant:checkstyle] [WARN] /app/src/main/java/com/mgz/afp/lineData/LNC_LineDescriptorCount.java:47:14: Abbreviation in name 'getNumberOfSFInBDX' must contain no more than '1' consecutive capital letters. [AbbreviationAsWordInName]
[ant:checkstyle] [WARN] /app/src/main/java/com/mgz/afp/lineData/LNC_LineDescriptorCount.java:51:15: Abbreviation in name 'setNumberOfSFInBDX' must contain no more than '1' consecutive capital letters. [AbbreviationAsWordInName]
[ant:checkstyle] [WARN] /app/src/main/java/com/mgz/afp/lineData/LNC_LineDescriptorCount.java:51:38: Abbreviation in name 'numberSFInBDX' must contain no more than '1' consecutive capital letters. [AbbreviationAsWordInName]
[ant:checkstyle] [WARN] /app/src/main/java/com/mgz/afp/lineData/IDM_InvokeDataMap.java:20:9: Package name 'com.mgz.afp.lineData' must match pattern '^[a-z]+(\.[a-z][a-z0-9]*)*$'. [PackageName]
[ant:checkstyle] [WARN] /app/src/main/java/com/mgz/afp/lineData/IDM_InvokeDataMap.java:34:14: Abbreviation in name 'IDM_InvokeDataMap' must contain no more than '1' consecutive capital letters. [AbbreviationAsWordInName]
[ant:checkstyle] [WARN] /app/src/main/java/com/mgz/afp/lineData/IDM_InvokeDataMap.java:34:14: Type name 'IDM_InvokeDataMap' must match pattern '^[A-Z][a-zA-Z0-9]*(?:[0-9](?:_[0-9]+)*)?$'. [TypeName]
[ant:checkstyle] [WARN] /app/src/main/java/com/mgz/afp/lineData/EDM_EndDataMap.java:20:9: Package name 'com.mgz.afp.lineData' must match pattern '^[a-z]+(\.[a-z][a-z0-9]*)*$'. [PackageName]
[ant:checkstyle] [WARN] /app/src/main/java/com/mgz/afp/lineData/EDM_EndDataMap.java:24:1: Missing a Javadoc comment. [MissingJavadocType]
[ant:checkstyle] [WARN] /app/src/main/java/com/mgz/afp/lineData/EDM_EndDataMap.java:24:14: Abbreviation in name 'EDM_EndDataMap' must contain no more than '1' consecutive capital letters. [AbbreviationAsWordInName]
[ant:checkstyle] [WARN] /app/src/main/java/com/mgz/afp/lineData/EDM_EndDataMap.java:24:14: Type name 'EDM_EndDataMap' must match pattern '^[A-Z][a-zA-Z0-9]*(?:[0-9](?:_[0-9]+)*)?$'. [TypeName]
[ant:checkstyle] [WARN] /app/src/main/java/com/mgz/afp/lineData/BPM_BeginPageMap.java:20:9: Package name 'com.mgz.afp.lineData' must match pattern '^[a-z]+(\.[a-z][a-z0-9]*)*$'. [PackageName]
[ant:checkstyle] [WARN] /app/src/main/java/com/mgz/afp/lineData/BPM_BeginPageMap.java:24:1: Missing a Javadoc comment. [MissingJavadocType]
[ant:checkstyle] [WARN] /app/src/main/java/com/mgz/afp/lineData/BPM_BeginPageMap.java:24:14: Abbreviation in name 'BPM_BeginPageMap' must contain no more than '1' consecutive capital letters. [AbbreviationAsWordInName]
[ant:checkstyle] [WARN] /app/src/main/java/com/mgz/afp/lineData/BPM_BeginPageMap.java:24:14: Type name 'BPM_BeginPageMap' must match pattern '^[A-Z][a-zA-Z0-9]*(?:[0-9](?:_[0-9]+)*)?$'. [TypeName]
[ant:checkstyle] [WARN] /app/src/main/java/com/mgz/afp/exceptions/IAFPDecodeableWriteable.java:24:1: Extra separation in import group before 'java.io.IOException' [CustomImportOrder]
[ant:checkstyle] [WARN] /app/src/main/java/com/mgz/afp/exceptions/IAFPDecodeableWriteable.java:32:18: Abbreviation in name 'IAFPDecodeableWriteable' must contain no more than '1' consecutive capital letters. [AbbreviationAsWordInName]
[ant:checkstyle] [WARN] /app/src/main/java/com/mgz/afp/exceptions/IAFPDecodeableWriteable.java:44: Line is longer than 100 characters (found 120). [LineLength]
[ant:checkstyle] [WARN] /app/src/main/java/com/mgz/afp/exceptions/IAFPDecodeableWriteable.java:44:15: Abbreviation in name 'decodeAFP' must contain no more than '1' consecutive capital letters. [AbbreviationAsWordInName]
[ant:checkstyle] [WARN] /app/src/main/java/com/mgz/afp/exceptions/IAFPDecodeableWriteable.java:57: Line is longer than 100 characters (found 133). [LineLength]
[ant:checkstyle] [WARN] /app/src/main/java/com/mgz/afp/exceptions/IAFPDecodeableWriteable.java:57:23: Abbreviation in name 'decodeAFP' must contain no more than '1' consecutive capital letters. [AbbreviationAsWordInName]
[ant:checkstyle] [WARN] /app/src/main/java/com/mgz/afp/exceptions/IAFPDecodeableWriteable.java:74:15: Abbreviation in name 'writeAFP' must contain no more than '1' consecutive capital letters. [AbbreviationAsWordInName]
[ant:checkstyle] [WARN] /app/src/main/java/com/mgz/afp/exceptions/AFPException.java:25:14: Abbreviation in name 'AFPException' must contain no more than '1' consecutive capital letters. [AbbreviationAsWordInName]
[ant:checkstyle] [WARN] /app/src/main/java/com/mgz/afp/exceptions/AFPValidationException.java:25:14: Abbreviation in name 'AFPValidationException' must contain no more than '1' consecutive capital letters. [AbbreviationAsWordInName]
[ant:checkstyle] [WARN] /app/src/main/java/com/mgz/afp/exceptions/AFPParserException.java:27:14: Abbreviation in name 'AFPParserException' must contain no more than '1' consecutive capital letters. [AbbreviationAsWordInName]
[ant:checkstyle] [WARN] /app/src/main/java/com/mgz/afp/foca/FNM_FontPatternsMap.java:28:1: Extra separation in import group before 'java.io.ByteArrayOutputStream' [CustomImportOrder]
[ant:checkstyle] [WARN] /app/src/main/java/com/mgz/afp/foca/FNM_FontPatternsMap.java:37:14: Abbreviation in name 'FNM_FontPatternsMap' must contain no more than '1' consecutive capital letters. [AbbreviationAsWordInName]
[ant:checkstyle] [WARN] /app/src/main/java/com/mgz/afp/foca/FNM_FontPatternsMap.java:37:14: Type name 'FNM_FontPatternsMap' must match pattern '^[A-Z][a-zA-Z0-9]*(?:[0-9](?:_[0-9]+)*)?$'. [TypeName]
[ant:checkstyle] [WARN] /app/src/main/java/com/mgz/afp/foca/FNM_FontPatternsMap.java:43: Line is longer than 100 characters (found 121). [LineLength]
[ant:checkstyle] [WARN] /app/src/main/java/com/mgz/afp/foca/FNM_FontPatternsMap.java:104:23: Abbreviation in name 'FNM_RepeatingGroup' must contain no more than '1' consecutive capital letters. [AbbreviationAsWordInName]
[ant:checkstyle] [WARN] /app/src/main/java/com/mgz/afp/foca/FNM_FontPatternsMap.java:104:23: Type name 'FNM_RepeatingGroup' must match pattern '^[A-Z][a-zA-Z0-9]*(?:[0-9](?:_[0-9]+)*)?$'. [TypeName]
[ant:checkstyle] [WARN] /app/src/main/java/com/mgz/afp/foca/CPI_CodePageIndex.java:31:1: Extra separation in import group before 'java.io.ByteArrayOutputStream' [CustomImportOrder]
[ant:checkstyle] [WARN] /app/src/main/java/com/mgz/afp/foca/CPI_CodePageIndex.java:41:14: Abbreviation in name 'CPI_CodePageIndex' must contain no more than '1' consecutive capital letters. [AbbreviationAsWordInName]
[ant:checkstyle] [WARN] /app/src/main/java/com/mgz/afp/foca/CPI_CodePageIndex.java:41:14: Type name 'CPI_CodePageIndex' must match pattern '^[A-Z][a-zA-Z0-9]*(?:[0-9](?:_[0-9]+)*)?$'. [TypeName]
[ant:checkstyle] [WARN] /app/src/main/java/com/mgz/afp/foca/CPI_CodePageIndex.java:47: Line is longer than 100 characters (found 121). [LineLength]
[ant:checkstyle] [WARN] /app/src/main/java/com/mgz/afp/foca/CPI_CodePageIndex.java:53:9: Abbreviation in name 'cpiRGLen' must contain no more than '1' consecutive capital letters. [AbbreviationAsWordInName]
[ant:checkstyle] [WARN] /app/src/main/java/com/mgz/afp/foca/CPI_CodePageIndex.java:55:9: Abbreviation in name 'baseRGSize' must contain no more than '1' consecutive capital letters. [AbbreviationAsWordInName]
[ant:checkstyle] [WARN] /app/src/main/java/com/mgz/afp/foca/CPI_CodePageIndex.java:64: Line is longer than 100 characters (found 103). [LineLength]
[ant:checkstyle] [WARN] /app/src/main/java/com/mgz/afp/foca/CPI_CodePageIndex.java:65: Line is longer than 100 characters (found 106). [LineLength]
[ant:checkstyle] [WARN] /app/src/main/java/com/mgz/afp/foca/CPI_CodePageIndex.java:100:9: Abbreviation in name 'cpiRGLen' must contain no more than '1' consecutive capital letters. [AbbreviationAsWordInName]
[ant:checkstyle] [WARN] /app/src/main/java/com/mgz/afp/foca/CPI_CodePageIndex.java:106: Line is longer than 100 characters (found 139). [LineLength]
[ant:checkstyle] [WARN] /app/src/main/java/com/mgz/afp/foca/CPI_CodePageIndex.java:150:5: Missing a Javadoc comment. [MissingJavadocMethod]
[ant:checkstyle] [WARN] /app/src/main/java/com/mgz/afp/foca/CPI_CodePageIndex.java:166:5: Missing a Javadoc comment. [MissingJavadocMethod]
[ant:checkstyle] [WARN] /app/src/main/java/com/mgz/afp/foca/CPI_CodePageIndex.java:189:23: Abbreviation in name 'CPI_RepeatingGroup' must contain no more than '1' consecutive capital letters. [AbbreviationAsWordInName]
[ant:checkstyle] [WARN] /app/src/main/java/com/mgz/afp/foca/CPI_CodePageIndex.java:189:23: Type name 'CPI_RepeatingGroup' must match pattern '^[A-Z][a-zA-Z0-9]*(?:[0-9](?:_[0-9]+)*)?$'. [TypeName]
[ant:checkstyle] [WARN] /app/src/main/java/com/mgz/afp/foca/CPI_CodePageIndex.java:191:20: Abbreviation in name 'graphicCharacterGID' must contain no more than '1' consecutive capital letters. [AbbreviationAsWordInName]
[ant:checkstyle] [WARN] /app/src/main/java/com/mgz/afp/foca/CPI_CodePageIndex.java:202:19: Abbreviation in name 'getGraphicCharacterGID' must contain no more than '1' consecutive capital letters. [AbbreviationAsWordInName]
[ant:checkstyle] [WARN] /app/src/main/java/com/mgz/afp/foca/CPI_CodePageIndex.java:206:17: Abbreviation in name 'setGraphicCharacterGID' must contain no more than '1' consecutive capital letters. [AbbreviationAsWordInName]
[ant:checkstyle] [WARN] /app/src/main/java/com/mgz/afp/foca/CPI_CodePageIndex.java:206:47: Abbreviation in name 'graphicCharacterGID' must contain no more than '1' consecutive capital letters. [AbbreviationAsWordInName]
[ant:checkstyle] [WARN] /app/src/main/java/com/mgz/afp/foca/CFC_CodedFontControl.java:30:1: Extra separation in import group before 'java.io.ByteArrayOutputStream' [CustomImportOrder]
[ant:checkstyle] [WARN] /app/src/main/java/com/mgz/afp/foca/CFC_CodedFontControl.java:40:14: Abbreviation in name 'CFC_CodedFontControl' must contain no more than '1' consecutive capital letters. [AbbreviationAsWordInName]
[ant:checkstyle] [WARN] /app/src/main/java/com/mgz/afp/foca/CFC_CodedFontControl.java:40:14: Type name 'CFC_CodedFontControl' must match pattern '^[A-Z][a-zA-Z0-9]*(?:[0-9](?:_[0-9]+)*)?$'. [TypeName]
[ant:checkstyle] [WARN] /app/src/main/java/com/mgz/afp/foca/CFC_CodedFontControl.java:65: Line is longer than 100 characters (found 121). [LineLength]
[ant:checkstyle] [WARN] /app/src/main/java/com/mgz/afp/foca/CFC_CodedFontControl.java:98:3: Missing a Javadoc comment. [MissingJavadocMethod]
[ant:checkstyle] [WARN] /app/src/main/java/com/mgz/afp/foca/CFC_CodedFontControl.java:108:3: Missing a Javadoc comment. [MissingJavadocMethod]
[ant:checkstyle] [WARN] /app/src/main/java/com/mgz/afp/foca/FNI_FontIndex.java:29:1: Extra separation in import group before 'java.io.ByteArrayOutputStream' [CustomImportOrder]
[ant:checkstyle] [WARN] /app/src/main/java/com/mgz/afp/foca/FNI_FontIndex.java:38:14: Abbreviation in name 'FNI_FontIndex' must contain no more than '1' consecutive capital letters. [AbbreviationAsWordInName]
[ant:checkstyle] [WARN] /app/src/main/java/com/mgz/afp/foca/FNI_FontIndex.java:38:14: Type name 'FNI_FontIndex' must match pattern '^[A-Z][a-zA-Z0-9]*(?:[0-9](?:_[0-9]+)*)?$'. [TypeName]
[ant:checkstyle] [WARN] /app/src/main/java/com/mgz/afp/foca/FNI_FontIndex.java:44: Line is longer than 100 characters (found 121). [LineLength]
[ant:checkstyle] [WARN] /app/src/main/java/com/mgz/afp/foca/FNI_FontIndex.java:89: Line is longer than 100 characters (found 111). [LineLength]
[ant:checkstyle] [WARN] /app/src/main/java/com/mgz/afp/foca/FNI_FontIndex.java:89:104: 'typecast' is not followed by whitespace. [WhitespaceAfter]
[ant:checkstyle] [WARN] /app/src/main/java/com/mgz/afp/foca/FNI_FontIndex.java:126:23: Abbreviation in name 'FNI_RepeatingGroup' must contain no more than '1' consecutive capital letters. [AbbreviationAsWordInName]
[ant:checkstyle] [WARN] /app/src/main/java/com/mgz/afp/foca/FNI_FontIndex.java:126:23: Type name 'FNI_RepeatingGroup' must match pattern '^[A-Z][a-zA-Z0-9]*(?:[0-9](?:_[0-9]+)*)?$'. [TypeName]
[ant:checkstyle] [WARN] /app/src/main/java/com/mgz/afp/foca/FNI_FontIndex.java:140:19: Non-constant field name 'aSpace' must start lowercase, be at least 2 chars, avoid single lowercase letter followed by uppercase, contain only letters, digits or underscores, with underscores allowed only between adjacent digits. [GoogleNonConstantFieldName]
[ant:checkstyle] [WARN] /app/src/main/java/com/mgz/afp/foca/FNI_FontIndex.java:142:19: Non-constant field name 'bSpace' must start lowercase, be at least 2 chars, avoid single lowercase letter followed by uppercase, contain only letters, digits or underscores, with underscores allowed only between adjacent digits. [GoogleNonConstantFieldName]
[ant:checkstyle] [WARN] /app/src/main/java/com/mgz/afp/foca/FNI_FontIndex.java:144:19: Non-constant field name 'cSpace' must start lowercase, be at least 2 chars, avoid single lowercase letter followed by uppercase, contain only letters, digits or underscores, with underscores allowed only between adjacent digits. [GoogleNonConstantFieldName]
[ant:checkstyle] [WARN] /app/src/main/java/com/mgz/afp/foca/FNI_FontIndex.java:200:18: Abbreviation in name 'getASpace' must contain no more than '1' consecutive capital letters. [AbbreviationAsWordInName]
[ant:checkstyle] [WARN] /app/src/main/java/com/mgz/afp/foca/FNI_FontIndex.java:204:17: Abbreviation in name 'setASpace' must contain no more than '1' consecutive capital letters. [AbbreviationAsWordInName]
[ant:checkstyle] [WARN] /app/src/main/java/com/mgz/afp/foca/FNI_FontIndex.java:204:33: Parameter name 'aSpace' must match pattern '^[a-z]([a-z0-9][a-zA-Z0-9]*)?$'. [ParameterName]
[ant:checkstyle] [WARN] /app/src/main/java/com/mgz/afp/foca/FNI_FontIndex.java:208:18: Abbreviation in name 'getBSpace' must contain no more than '1' consecutive capital letters. [AbbreviationAsWordInName]
[ant:checkstyle] [WARN] /app/src/main/java/com/mgz/afp/foca/FNI_FontIndex.java:212:17: Abbreviation in name 'setBSpace' must contain no more than '1' consecutive capital letters. [AbbreviationAsWordInName]
[ant:checkstyle] [WARN] /app/src/main/java/com/mgz/afp/foca/FNI_FontIndex.java:212:33: Parameter name 'bSpace' must match pattern '^[a-z]([a-z0-9][a-zA-Z0-9]*)?$'. [ParameterName]
[ant:checkstyle] [WARN] /app/src/main/java/com/mgz/afp/foca/FNI_FontIndex.java:216:18: Abbreviation in name 'getCSpace' must contain no more than '1' consecutive capital letters. [AbbreviationAsWordInName]
[ant:checkstyle] [WARN] /app/src/main/java/com/mgz/afp/foca/FNI_FontIndex.java:220:17: Abbreviation in name 'setCSpace' must contain no more than '1' consecutive capital letters. [AbbreviationAsWordInName]
[ant:checkstyle] [WARN] /app/src/main/java/com/mgz/afp/foca/FNI_FontIndex.java:220:33: Parameter name 'cSpace' must match pattern '^[a-z]([a-z0-9][a-zA-Z0-9]*)?$'. [ParameterName]
[ant:checkstyle] [WARN] /app/src/main/java/com/mgz/afp/foca/EFN_EndFont.java:24:1: Missing a Javadoc comment. [MissingJavadocType]
[ant:checkstyle] [WARN] /app/src/main/java/com/mgz/afp/foca/EFN_EndFont.java:24:14: Abbreviation in name 'EFN_EndFont' must contain no more than '1' consecutive capital letters. [AbbreviationAsWordInName]
[ant:checkstyle] [WARN] /app/src/main/java/com/mgz/afp/foca/EFN_EndFont.java:24:14: Type name 'EFN_EndFont' must match pattern '^[A-Z][a-zA-Z0-9]*(?:[0-9](?:_[0-9]+)*)?$'. [TypeName]
[ant:checkstyle] [WARN] /app/src/main/java/com/mgz/afp/foca/FNO_FontOrientation.java:29:1: Extra separation in import group before 'java.io.ByteArrayOutputStream' [CustomImportOrder]
[ant:checkstyle] [WARN] /app/src/main/java/com/mgz/afp/foca/FNO_FontOrientation.java:39:14: Abbreviation in name 'FNO_FontOrientation' must contain no more than '1' consecutive capital letters. [AbbreviationAsWordInName]
[ant:checkstyle] [WARN] /app/src/main/java/com/mgz/afp/foca/FNO_FontOrientation.java:39:14: Type name 'FNO_FontOrientation' must match pattern '^[A-Z][a-zA-Z0-9]*(?:[0-9](?:_[0-9]+)*)?$'. [TypeName]
[ant:checkstyle] [WARN] /app/src/main/java/com/mgz/afp/foca/FNO_FontOrientation.java:45: Line is longer than 100 characters (found 121). [LineLength]
[ant:checkstyle] [WARN] /app/src/main/java/com/mgz/afp/foca/FNO_FontOrientation.java:61: Line is longer than 100 characters (found 105). [LineLength]
[ant:checkstyle] [WARN] /app/src/main/java/com/mgz/afp/foca/FNO_FontOrientation.java:139:5: Missing a Javadoc comment. [MissingJavadocMethod]
[ant:checkstyle] [WARN] /app/src/main/java/com/mgz/afp/foca/FNO_FontOrientation.java:156:5: Missing a Javadoc comment. [MissingJavadocMethod]
[ant:checkstyle] [WARN] /app/src/main/java/com/mgz/afp/foca/FNO_FontOrientation.java:180:23: Abbreviation in name 'FNO_RepeatingGroup' must contain no more than '1' consecutive capital letters. [AbbreviationAsWordInName]
[ant:checkstyle] [WARN] /app/src/main/java/com/mgz/afp/foca/FNO_FontOrientation.java:180:23: Type name 'FNO_RepeatingGroup' must match pattern '^[A-Z][a-zA-Z0-9]*(?:[0-9](?:_[0-9]+)*)?$'. [TypeName]
[ant:checkstyle] [WARN] /app/src/main/java/com/mgz/afp/foca/FNO_FontOrientation.java:208:19: Abbreviation in name 'minASpace' must contain no more than '1' consecutive capital letters. [AbbreviationAsWordInName]
[ant:checkstyle] [WARN] /app/src/main/java/com/mgz/afp/foca/FNO_FontOrientation.java:290:18: Abbreviation in name 'getMinASpace' must contain no more than '1' consecutive capital letters. [AbbreviationAsWordInName]
[ant:checkstyle] [WARN] /app/src/main/java/com/mgz/afp/foca/FNO_FontOrientation.java:294:17: Abbreviation in name 'setMinASpace' must contain no more than '1' consecutive capital letters. [AbbreviationAsWordInName]
[ant:checkstyle] [WARN] /app/src/main/java/com/mgz/afp/foca/FNO_FontOrientation.java:294:36: Abbreviation in name 'minASpace' must contain no more than '1' consecutive capital letters. [AbbreviationAsWordInName]
[ant:checkstyle] [WARN] /app/src/main/java/com/mgz/afp/foca/BCF_BeginCodedFont.java:27:14: Abbreviation in name 'BCF_BeginCodedFont' must contain no more than '1' consecutive capital letters. [AbbreviationAsWordInName]
[ant:checkstyle] [WARN] /app/src/main/java/com/mgz/afp/foca/BCF_BeginCodedFont.java:27:14: Type name 'BCF_BeginCodedFont' must match pattern '^[A-Z][a-zA-Z0-9]*(?:[0-9](?:_[0-9]+)*)?$'. [TypeName]
[ant:checkstyle] [WARN] /app/src/main/java/com/mgz/afp/foca/FNN_TSIdentifier.java:27:1: Extra separation in import group before 'java.io.IOException' [CustomImportOrder]
[ant:checkstyle] [WARN] /app/src/main/java/com/mgz/afp/foca/FNN_TSIdentifier.java:36:14: Abbreviation in name 'FNN_TSIdentifier' must contain no more than '1' consecutive capital letters. [AbbreviationAsWordInName]
[ant:checkstyle] [WARN] /app/src/main/java/com/mgz/afp/foca/FNN_TSIdentifier.java:36:14: Type name 'FNN_TSIdentifier' must match pattern '^[A-Z][a-zA-Z0-9]*(?:[0-9](?:_[0-9]+)*)?$'. [TypeName]
[ant:checkstyle] [WARN] /app/src/main/java/com/mgz/afp/foca/FNN_TSIdentifier.java:44: Line is longer than 100 characters (found 136). [LineLength]
[ant:checkstyle] [WARN] /app/src/main/java/com/mgz/afp/foca/FNN_TSIdentifier.java:44:3: Missing a Javadoc comment. [MissingJavadocMethod]
[ant:checkstyle] [WARN] /app/src/main/java/com/mgz/afp/foca/FNN_TSIdentifier.java:44:15: Abbreviation in name 'decodeAFP' must contain no more than '1' consecutive capital letters. [AbbreviationAsWordInName]
[ant:checkstyle] [WARN] /app/src/main/java/com/mgz/afp/foca/FNN_TSIdentifier.java:46: Line is longer than 100 characters (found 107). [LineLength]
[ant:checkstyle] [WARN] /app/src/main/java/com/mgz/afp/foca/FNN_TSIdentifier.java:50: Line is longer than 100 characters (found 101). [LineLength]
[ant:checkstyle] [WARN] /app/src/main/java/com/mgz/afp/foca/FNN_TSIdentifier.java:57: Line is longer than 100 characters (found 106). [LineLength]
[ant:checkstyle] [WARN] /app/src/main/java/com/mgz/afp/foca/FNN_TSIdentifier.java:57:3: Missing a Javadoc comment. [MissingJavadocMethod]
[ant:checkstyle] [WARN] /app/src/main/java/com/mgz/afp/foca/FNN_TSIdentifier.java:57:15: Abbreviation in name 'writeAFP' must contain no more than '1' consecutive capital letters. [AbbreviationAsWordInName]
[ant:checkstyle] [WARN] /app/src/main/java/com/mgz/afp/foca/FNN_TSIdentifier.java:60: Line is longer than 100 characters (found 101). [LineLength]
[ant:checkstyle] [WARN] /app/src/main/java/com/mgz/afp/foca/BFN_BeginFont.java:24:1: Missing a Javadoc comment. [MissingJavadocType]
[ant:checkstyle] [WARN] /app/src/main/java/com/mgz/afp/foca/BFN_BeginFont.java:24:14: Abbreviation in name 'BFN_BeginFont' must contain no more than '1' consecutive capital letters. [AbbreviationAsWordInName]
[ant:checkstyle] [WARN] /app/src/main/java/com/mgz/afp/foca/BFN_BeginFont.java:24:14: Type name 'BFN_BeginFont' must match pattern '^[A-Z][a-zA-Z0-9]*(?:[0-9](?:_[0-9]+)*)?$'. [TypeName]
[ant:checkstyle] [WARN] /app/src/main/java/com/mgz/afp/foca/ECF_EndCodedFont.java:24:1: Missing a Javadoc comment. [MissingJavadocType]
[ant:checkstyle] [WARN] /app/src/main/java/com/mgz/afp/foca/ECF_EndCodedFont.java:24:14: Abbreviation in name 'ECF_EndCodedFont' must contain no more than '1' consecutive capital letters. [AbbreviationAsWordInName]
[ant:checkstyle] [WARN] /app/src/main/java/com/mgz/afp/foca/ECF_EndCodedFont.java:24:14: Type name 'ECF_EndCodedFont' must match pattern '^[A-Z][a-zA-Z0-9]*(?:[0-9](?:_[0-9]+)*)?$'. [TypeName]
[ant:checkstyle] [WARN] /app/src/main/java/com/mgz/afp/foca/CPD_CodePageDescriptor.java:24:1: Extra separation in import group before 'com.mgz.afp.base.StructuredField' [CustomImportOrder]
[ant:checkstyle] [WARN] /app/src/main/java/com/mgz/afp/foca/CPD_CodePageDescriptor.java:32:1: Extra separation in import group before 'java.io.ByteArrayOutputStream' [CustomImportOrder]
[ant:checkstyle] [WARN] /app/src/main/java/com/mgz/afp/foca/CPD_CodePageDescriptor.java:37:1: Missing a Javadoc comment. [MissingJavadocType]
[ant:checkstyle] [WARN] /app/src/main/java/com/mgz/afp/foca/CPD_CodePageDescriptor.java:37:14: Abbreviation in name 'CPD_CodePageDescriptor' must contain no more than '1' consecutive capital letters. [AbbreviationAsWordInName]
[ant:checkstyle] [WARN] /app/src/main/java/com/mgz/afp/foca/CPD_CodePageDescriptor.java:37:14: Type name 'CPD_CodePageDescriptor' must match pattern '^[A-Z][a-zA-Z0-9]*(?:[0-9](?:_[0-9]+)*)?$'. [TypeName]
[ant:checkstyle] [WARN] /app/src/main/java/com/mgz/afp/foca/CPD_CodePageDescriptor.java:43:17: Abbreviation in name 'graphicCharacterGIDLength' must contain no more than '1' consecutive capital letters. [AbbreviationAsWordInName]
[ant:checkstyle] [WARN] /app/src/main/java/com/mgz/afp/foca/CPD_CodePageDescriptor.java:65:7: Abbreviation in name 'graphicCharacterSetGID' must contain no more than '1' consecutive capital letters. [AbbreviationAsWordInName]
[ant:checkstyle] [WARN] /app/src/main/java/com/mgz/afp/foca/CPD_CodePageDescriptor.java:71:7: Abbreviation in name 'codePageGID' must contain no more than '1' consecutive capital letters. [AbbreviationAsWordInName]
[ant:checkstyle] [WARN] /app/src/main/java/com/mgz/afp/foca/CPD_CodePageDescriptor.java:81: Line is longer than 100 characters (found 121). [LineLength]
[ant:checkstyle] [WARN] /app/src/main/java/com/mgz/afp/foca/CPD_CodePageDescriptor.java:102: Line is longer than 100 characters (found 133). [LineLength]
[ant:checkstyle] [WARN] /app/src/main/java/com/mgz/afp/foca/CPD_CodePageDescriptor.java:127:16: Abbreviation in name 'getGraphicCharacterGIDLength' must contain no more than '1' consecutive capital letters. [AbbreviationAsWordInName]
[ant:checkstyle] [WARN] /app/src/main/java/com/mgz/afp/foca/CPD_CodePageDescriptor.java:131:15: Abbreviation in name 'setGraphicCharacterGIDLength' must contain no more than '1' consecutive capital letters. [AbbreviationAsWordInName]
[ant:checkstyle] [WARN] /app/src/main/java/com/mgz/afp/foca/CPD_CodePageDescriptor.java:131:50: Abbreviation in name 'graphicCharacterGIDLength' must contain no more than '1' consecutive capital letters. [AbbreviationAsWordInName]
[ant:checkstyle] [WARN] /app/src/main/java/com/mgz/afp/foca/CPD_CodePageDescriptor.java:144:14: Abbreviation in name 'getGraphicCharacterSetGID' must contain no more than '1' consecutive capital letters. [AbbreviationAsWordInName]
[ant:checkstyle] [WARN] /app/src/main/java/com/mgz/afp/foca/CPD_CodePageDescriptor.java:148:15: Abbreviation in name 'setGraphicCharacterSetGID' must contain no more than '1' consecutive capital letters. [AbbreviationAsWordInName]
[ant:checkstyle] [WARN] /app/src/main/java/com/mgz/afp/foca/CPD_CodePageDescriptor.java:148:45: Abbreviation in name 'graphicCharacterSetGID' must contain no more than '1' consecutive capital letters. [AbbreviationAsWordInName]
[ant:checkstyle] [WARN] /app/src/main/java/com/mgz/afp/foca/CPD_CodePageDescriptor.java:152:14: Abbreviation in name 'getCodePageGID' must contain no more than '1' consecutive capital letters. [AbbreviationAsWordInName]
[ant:checkstyle] [WARN] /app/src/main/java/com/mgz/afp/foca/CPD_CodePageDescriptor.java:156:15: Abbreviation in name 'setCodePageGID' must contain no more than '1' consecutive capital letters. [AbbreviationAsWordInName]
[ant:checkstyle] [WARN] /app/src/main/java/com/mgz/afp/foca/CPD_CodePageDescriptor.java:156:34: Abbreviation in name 'codePageGID' must contain no more than '1' consecutive capital letters. [AbbreviationAsWordInName]
[ant:checkstyle] [WARN] /app/src/main/java/com/mgz/afp/foca/CPD_CodePageDescriptor.java:168:3: Missing a Javadoc comment. [MissingJavadocType]
[ant:checkstyle] [WARN] /app/src/main/java/com/mgz/afp/foca/CPD_CodePageDescriptor.java:183:5: Missing a Javadoc comment. [MissingJavadocMethod]
[ant:checkstyle] [WARN] /app/src/main/java/com/mgz/afp/foca/CPD_CodePageDescriptor.java:192:5: Missing a Javadoc comment. [MissingJavadocMethod]
[ant:checkstyle] [WARN] /app/src/main/java/com/mgz/afp/foca/CPD_CodePageDescriptor.java:202: Line is longer than 100 characters (found 132). [LineLength]
[ant:checkstyle] [WARN] /app/src/main/java/com/mgz/afp/foca/FNN_RepeatingGroup.java:29:1: Extra separation in import group before 'java.io.IOException' [CustomImportOrder]
[ant:checkstyle] [WARN] /app/src/main/java/com/mgz/afp/foca/FNN_RepeatingGroup.java:36:14: Abbreviation in name 'FNN_RepeatingGroup' must contain no more than '1' consecutive capital letters. [AbbreviationAsWordInName]
[ant:checkstyle] [WARN] /app/src/main/java/com/mgz/afp/foca/FNN_RepeatingGroup.java:36:14: Type name 'FNN_RepeatingGroup' must match pattern '^[A-Z][a-zA-Z0-9]*(?:[0-9](?:_[0-9]+)*)?$'. [TypeName]
[ant:checkstyle] [WARN] /app/src/main/java/com/mgz/afp/foca/FNN_RepeatingGroup.java:51: Line is longer than 100 characters (found 121). [LineLength]
[ant:checkstyle] [WARN] /app/src/main/java/com/mgz/afp/foca/FNN_RepeatingGroup.java:62: Line is longer than 100 characters (found 101). [LineLength]
[ant:checkstyle] [WARN] /app/src/main/java/com/mgz/afp/foca/FNN_FontNameMap.java:24:1: Extra separation in import group before 'com.mgz.afp.base.RepeatingGroupPool' [CustomImportOrder]
[ant:checkstyle] [WARN] /app/src/main/java/com/mgz/afp/foca/FNN_FontNameMap.java:29:1: Extra separation in import group before 'java.io.ByteArrayOutputStream' [CustomImportOrder]
[ant:checkstyle] [WARN] /app/src/main/java/com/mgz/afp/foca/FNN_FontNameMap.java:39:14: Abbreviation in name 'FNN_FontNameMap' must contain no more than '1' consecutive capital letters. [AbbreviationAsWordInName]
[ant:checkstyle] [WARN] /app/src/main/java/com/mgz/afp/foca/FNN_FontNameMap.java:39:14: Type name 'FNN_FontNameMap' must match pattern '^[A-Z][a-zA-Z0-9]*(?:[0-9](?:_[0-9]+)*)?$'. [TypeName]
[ant:checkstyle] [WARN] /app/src/main/java/com/mgz/afp/foca/FNN_FontNameMap.java:48: Line is longer than 100 characters (found 121). [LineLength]
[ant:checkstyle] [WARN] /app/src/main/java/com/mgz/afp/foca/CFI_CodedFontIndex.java:31:1: Extra separation in import group before 'java.io.ByteArrayOutputStream' [CustomImportOrder]
[ant:checkstyle] [WARN] /app/src/main/java/com/mgz/afp/foca/CFI_CodedFontIndex.java:53:14: Abbreviation in name 'CFI_CodedFontIndex' must contain no more than '1' consecutive capital letters. [AbbreviationAsWordInName]
[ant:checkstyle] [WARN] /app/src/main/java/com/mgz/afp/foca/CFI_CodedFontIndex.java:53:14: Type name 'CFI_CodedFontIndex' must match pattern '^[A-Z][a-zA-Z0-9]*(?:[0-9](?:_[0-9]+)*)?$'. [TypeName]
[ant:checkstyle] [WARN] /app/src/main/java/com/mgz/afp/foca/CFI_CodedFontIndex.java:54: Line is longer than 100 characters (found 108). [LineLength]
[ant:checkstyle] [WARN] /app/src/main/java/com/mgz/afp/foca/CFI_CodedFontIndex.java:60: Line is longer than 100 characters (found 121). [LineLength]
[ant:checkstyle] [WARN] /app/src/main/java/com/mgz/afp/foca/CFI_CodedFontIndex.java:80:16: Abbreviation in name 'cfiRG' must contain no more than '1' consecutive capital letters. [AbbreviationAsWordInName]
[ant:checkstyle] [WARN] /app/src/main/java/com/mgz/afp/foca/CFI_CodedFontIndex.java:96:3: Missing a Javadoc comment. [MissingJavadocMethod]
[ant:checkstyle] [WARN] /app/src/main/java/com/mgz/afp/foca/CFI_CodedFontIndex.java:96:15: Abbreviation in name 'addCFIRepeatingGroup' must contain no more than '1' consecutive capital letters. [AbbreviationAsWordInName]
[ant:checkstyle] [WARN] /app/src/main/java/com/mgz/afp/foca/CFI_CodedFontIndex.java:96:54: Abbreviation in name 'CFIrg' must contain no more than '1' consecutive capital letters. [AbbreviationAsWordInName]
[ant:checkstyle] [WARN] /app/src/main/java/com/mgz/afp/foca/CFI_CodedFontIndex.java:96:54: Parameter name 'CFIrg' must match pattern '^[a-z]([a-z0-9][a-zA-Z0-9]*)?$'. [ParameterName]
[ant:checkstyle] [WARN] /app/src/main/java/com/mgz/afp/foca/CFI_CodedFontIndex.java:106:3: Missing a Javadoc comment. [MissingJavadocMethod]
[ant:checkstyle] [WARN] /app/src/main/java/com/mgz/afp/foca/CFI_CodedFontIndex.java:106:15: Abbreviation in name 'removeCFIRepeatingGroup' must contain no more than '1' consecutive capital letters. [AbbreviationAsWordInName]
[ant:checkstyle] [WARN] /app/src/main/java/com/mgz/afp/foca/CFI_CodedFontIndex.java:106:57: Abbreviation in name 'CFIrg' must contain no more than '1' consecutive capital letters. [AbbreviationAsWordInName]
[ant:checkstyle] [WARN] /app/src/main/java/com/mgz/afp/foca/CFI_CodedFontIndex.java:106:57: Parameter name 'CFIrg' must match pattern '^[a-z]([a-z0-9][a-zA-Z0-9]*)?$'. [ParameterName]
[ant:checkstyle] [WARN] /app/src/main/java/com/mgz/afp/foca/CFI_CodedFontIndex.java:117:23: Abbreviation in name 'CFIRepeatingGroup' must contain no more than '1' consecutive capital letters. [AbbreviationAsWordInName]
[ant:checkstyle] [WARN] /app/src/main/java/com/mgz/afp/foca/CFI_CodedFontIndex.java:146: Line is longer than 100 characters (found 123). [LineLength]
[ant:checkstyle] [WARN] /app/src/main/java/com/mgz/afp/foca/CFI_CodedFontIndex.java:158: Line is longer than 100 characters (found 120). [LineLength]
[ant:checkstyle] [WARN] /app/src/main/java/com/mgz/afp/foca/CFI_CodedFontIndex.java:159: Line is longer than 100 characters (found 119). [LineLength]
[ant:checkstyle] [WARN] /app/src/main/java/com/mgz/afp/foca/FNC_FontControl.java:30:1: Extra separation in import group before 'java.io.ByteArrayOutputStream' [CustomImportOrder]
[ant:checkstyle] [WARN] /app/src/main/java/com/mgz/afp/foca/FNC_FontControl.java:39:14: Abbreviation in name 'FNC_FontControl' must contain no more than '1' consecutive capital letters. [AbbreviationAsWordInName]
[ant:checkstyle] [WARN] /app/src/main/java/com/mgz/afp/foca/FNC_FontControl.java:39:14: Type name 'FNC_FontControl' must match pattern '^[A-Z][a-zA-Z0-9]*(?:[0-9](?:_[0-9]+)*)?$'. [TypeName]
[ant:checkstyle] [WARN] /app/src/main/java/com/mgz/afp/foca/FNC_FontControl.java:53:24: Non-constant field name 'xUnitBase' must start lowercase, be at least 2 chars, avoid single lowercase letter followed by uppercase, contain only letters, digits or underscores, with underscores allowed only between adjacent digits. [GoogleNonConstantFieldName]
[ant:checkstyle] [WARN] /app/src/main/java/com/mgz/afp/foca/FNC_FontControl.java:55:24: Non-constant field name 'yUnitBase' must start lowercase, be at least 2 chars, avoid single lowercase letter followed by uppercase, contain only letters, digits or underscores, with underscores allowed only between adjacent digits. [GoogleNonConstantFieldName]
[ant:checkstyle] [WARN] /app/src/main/java/com/mgz/afp/foca/FNC_FontControl.java:57:17: Non-constant field name 'xUnitsPerUnitBase' must start lowercase, be at least 2 chars, avoid single lowercase letter followed by uppercase, contain only letters, digits or underscores, with underscores allowed only between adjacent digits. [GoogleNonConstantFieldName]
[ant:checkstyle] [WARN] /app/src/main/java/com/mgz/afp/foca/FNC_FontControl.java:59:17: Non-constant field name 'yUnitsPerUnitBase' must start lowercase, be at least 2 chars, avoid single lowercase letter followed by uppercase, contain only letters, digits or underscores, with underscores allowed only between adjacent digits. [GoogleNonConstantFieldName]
[ant:checkstyle] [WARN] /app/src/main/java/com/mgz/afp/foca/FNC_FontControl.java:77:16: Abbreviation in name 'shapeResolutionXUnitBase10Inches' must contain no more than '1' consecutive capital letters. [AbbreviationAsWordInName]
[ant:checkstyle] [WARN] /app/src/main/java/com/mgz/afp/foca/FNC_FontControl.java:79:16: Abbreviation in name 'shapeResolutionYUnitBase10Inches' must contain no more than '1' consecutive capital letters. [AbbreviationAsWordInName]
[ant:checkstyle] [WARN] /app/src/main/java/com/mgz/afp/foca/FNC_FontControl.java:81:17: Abbreviation in name 'shapeResolutionXUnitsPerUnitBase' must contain no more than '1' consecutive capital letters. [AbbreviationAsWordInName]
[ant:checkstyle] [WARN] /app/src/main/java/com/mgz/afp/foca/FNC_FontControl.java:83:17: Abbreviation in name 'shapeResolutionYUnitsPerUnitBase' must contain no more than '1' consecutive capital letters. [AbbreviationAsWordInName]
[ant:checkstyle] [WARN] /app/src/main/java/com/mgz/afp/foca/FNC_FontControl.java:98: Line is longer than 100 characters (found 121). [LineLength]
[ant:checkstyle] [WARN] /app/src/main/java/com/mgz/afp/foca/FNC_FontControl.java:101:5: Distance between variable 'actualLength' declaration and its first usage is 15, but allowed 3.  Consider making that variable final if you still need to store its value in advance (before method calls that might have side effects on the original value). [VariableDeclarationUsageDistance]
[ant:checkstyle] [WARN] /app/src/main/java/com/mgz/afp/foca/FNC_FontControl.java:159: Line is longer than 100 characters (found 103). [LineLength]
[ant:checkstyle] [WARN] /app/src/main/java/com/mgz/afp/foca/FNC_FontControl.java:165: Line is longer than 100 characters (found 138). [LineLength]
[ant:checkstyle] [WARN] /app/src/main/java/com/mgz/afp/foca/FNC_FontControl.java:166: Line is longer than 100 characters (found 116). [LineLength]
[ant:checkstyle] [WARN] /app/src/main/java/com/mgz/afp/foca/FNC_FontControl.java:205:3: Missing a Javadoc comment. [MissingJavadocMethod]
[ant:checkstyle] [WARN] /app/src/main/java/com/mgz/afp/foca/FNC_FontControl.java:209:3: Missing a Javadoc comment. [MissingJavadocMethod]
[ant:checkstyle] [WARN] /app/src/main/java/com/mgz/afp/foca/FNC_FontControl.java:209:41: Parameter name 'xUnitBase' must match pattern '^[a-z]([a-z0-9][a-zA-Z0-9]*)?$'. [ParameterName]
[ant:checkstyle] [WARN] /app/src/main/java/com/mgz/afp/foca/FNC_FontControl.java:213:3: Missing a Javadoc comment. [MissingJavadocMethod]
[ant:checkstyle] [WARN] /app/src/main/java/com/mgz/afp/foca/FNC_FontControl.java:217:3: Missing a Javadoc comment. [MissingJavadocMethod]
[ant:checkstyle] [WARN] /app/src/main/java/com/mgz/afp/foca/FNC_FontControl.java:217:41: Parameter name 'yUnitBase' must match pattern '^[a-z]([a-z0-9][a-zA-Z0-9]*)?$'. [ParameterName]
[ant:checkstyle] [WARN] /app/src/main/java/com/mgz/afp/foca/FNC_FontControl.java:221:3: Missing a Javadoc comment. [MissingJavadocMethod]
[ant:checkstyle] [WARN] /app/src/main/java/com/mgz/afp/foca/FNC_FontControl.java:225:3: Missing a Javadoc comment. [MissingJavadocMethod]
[ant:checkstyle] [WARN] /app/src/main/java/com/mgz/afp/foca/FNC_FontControl.java:225:42: Parameter name 'xUnitsPerUnitBase' must match pattern '^[a-z]([a-z0-9][a-zA-Z0-9]*)?$'. [ParameterName]
[ant:checkstyle] [WARN] /app/src/main/java/com/mgz/afp/foca/FNC_FontControl.java:229:3: Missing a Javadoc comment. [MissingJavadocMethod]
[ant:checkstyle] [WARN] /app/src/main/java/com/mgz/afp/foca/FNC_FontControl.java:233:3: Missing a Javadoc comment. [MissingJavadocMethod]
[ant:checkstyle] [WARN] /app/src/main/java/com/mgz/afp/foca/FNC_FontControl.java:233:42: Parameter name 'yUnitsPerUnitBase' must match pattern '^[a-z]([a-z0-9][a-zA-Z0-9]*)?$'. [ParameterName]
[ant:checkstyle] [WARN] /app/src/main/java/com/mgz/afp/foca/FNC_FontControl.java:286:15: Abbreviation in name 'getShapeResolutionXUnitBase10Inches' must contain no more than '1' consecutive capital letters. [AbbreviationAsWordInName]
[ant:checkstyle] [WARN] /app/src/main/java/com/mgz/afp/foca/FNC_FontControl.java:290:15: Abbreviation in name 'setShapeResolutionXUnitBase10Inches' must contain no more than '1' consecutive capital letters. [AbbreviationAsWordInName]
[ant:checkstyle] [WARN] /app/src/main/java/com/mgz/afp/foca/FNC_FontControl.java:291:12: Abbreviation in name 'shapeResolutionXUnitBase10Inches' must contain no more than '1' consecutive capital letters. [AbbreviationAsWordInName]
[ant:checkstyle] [WARN] /app/src/main/java/com/mgz/afp/foca/FNC_FontControl.java:295:15: Abbreviation in name 'getShapeResolutionYUnitBase10Inches' must contain no more than '1' consecutive capital letters. [AbbreviationAsWordInName]
[ant:checkstyle] [WARN] /app/src/main/java/com/mgz/afp/foca/FNC_FontControl.java:299:15: Abbreviation in name 'setShapeResolutionYUnitBase10Inches' must contain no more than '1' consecutive capital letters. [AbbreviationAsWordInName]
[ant:checkstyle] [WARN] /app/src/main/java/com/mgz/afp/foca/FNC_FontControl.java:300:12: Abbreviation in name 'shapeResolutionYUnitBase10Inches' must contain no more than '1' consecutive capital letters. [AbbreviationAsWordInName]
[ant:checkstyle] [WARN] /app/src/main/java/com/mgz/afp/foca/FNC_FontControl.java:304:16: Abbreviation in name 'getShapeResolutionXUnitsPerUnitBase' must contain no more than '1' consecutive capital letters. [AbbreviationAsWordInName]
[ant:checkstyle] [WARN] /app/src/main/java/com/mgz/afp/foca/FNC_FontControl.java:308:15: Abbreviation in name 'setShapeResolutionXUnitsPerUnitBase' must contain no more than '1' consecutive capital letters. [AbbreviationAsWordInName]
[ant:checkstyle] [WARN] /app/src/main/java/com/mgz/afp/foca/FNC_FontControl.java:309:13: Abbreviation in name 'shapeResolutionXUnitsPerUnitBase' must contain no more than '1' consecutive capital letters. [AbbreviationAsWordInName]
[ant:checkstyle] [WARN] /app/src/main/java/com/mgz/afp/foca/FNC_FontControl.java:313:16: Abbreviation in name 'getShapeResolutionYUnitsPerUnitBase' must contain no more than '1' consecutive capital letters. [AbbreviationAsWordInName]
[ant:checkstyle] [WARN] /app/src/main/java/com/mgz/afp/foca/FNC_FontControl.java:317:15: Abbreviation in name 'setShapeResolutionYUnitsPerUnitBase' must contain no more than '1' consecutive capital letters. [AbbreviationAsWordInName]
[ant:checkstyle] [WARN] /app/src/main/java/com/mgz/afp/foca/FNC_FontControl.java:318:13: Abbreviation in name 'shapeResolutionYUnitsPerUnitBase' must contain no more than '1' consecutive capital letters. [AbbreviationAsWordInName]
[ant:checkstyle] [WARN] /app/src/main/java/com/mgz/afp/foca/FNC_FontControl.java:334:39: Parameter name 'reservedByte32_34' must match pattern '^[a-z]([a-z0-9][a-zA-Z0-9]*)?$'. [ParameterName]
[ant:checkstyle] [WARN] /app/src/main/java/com/mgz/afp/foca/FNC_FontControl.java:415:5: Missing a Javadoc comment. [MissingJavadocMethod]
[ant:checkstyle] [WARN] /app/src/main/java/com/mgz/afp/foca/FNC_FontControl.java:424:5: Missing a Javadoc comment. [MissingJavadocMethod]
[ant:checkstyle] [WARN] /app/src/main/java/com/mgz/afp/foca/FNC_FontControl.java:438:5: Missing a Javadoc comment. [MissingJavadocMethod]
[ant:checkstyle] [WARN] /app/src/main/java/com/mgz/afp/foca/FNC_FontControl.java:456:5: Missing a Javadoc comment. [MissingJavadocMethod]
[ant:checkstyle] [WARN] /app/src/main/java/com/mgz/afp/foca/FNC_FontControl.java:486:5: Missing a Javadoc comment. [MissingJavadocMethod]
[ant:checkstyle] [WARN] /app/src/main/java/com/mgz/afp/foca/FNC_FontControl.java:496:5: Missing a Javadoc comment. [MissingJavadocMethod]
[ant:checkstyle] [WARN] /app/src/main/java/com/mgz/afp/foca/FNC_FontControl.java:521:5: Missing a Javadoc comment. [MissingJavadocMethod]
[ant:checkstyle] [WARN] /app/src/main/java/com/mgz/afp/foca/FNC_FontControl.java:530:5: Missing a Javadoc comment. [MissingJavadocMethod]
[ant:checkstyle] [WARN] /app/src/main/java/com/mgz/afp/foca/CPC_CodePageControl.java:30:1: Extra separation in import group before 'java.io.ByteArrayOutputStream' [CustomImportOrder]
[ant:checkstyle] [WARN] /app/src/main/java/com/mgz/afp/foca/CPC_CodePageControl.java:38:14: Abbreviation in name 'CPC_CodePageControl' must contain no more than '1' consecutive capital letters. [AbbreviationAsWordInName]
[ant:checkstyle] [WARN] /app/src/main/java/com/mgz/afp/foca/CPC_CodePageControl.java:38:14: Type name 'CPC_CodePageControl' must match pattern '^[A-Z][a-zA-Z0-9]*(?:[0-9](?:_[0-9]+)*)?$'. [TypeName]
[ant:checkstyle] [WARN] /app/src/main/java/com/mgz/afp/foca/CPC_CodePageControl.java:47:18: Abbreviation in name 'defaultGraphicCharacterGlobalID' must contain no more than '1' consecutive capital letters. [AbbreviationAsWordInName]
[ant:checkstyle] [WARN] /app/src/main/java/com/mgz/afp/foca/CPC_CodePageControl.java:64:5: Distance between variable 'actualLength' declaration and its first usage is 8, but allowed 3.  Consider making that variable final if you still need to store its value in advance (before method calls that might have side effects on the original value). [VariableDeclarationUsageDistance]
[ant:checkstyle] [WARN] /app/src/main/java/com/mgz/afp/foca/CPC_CodePageControl.java:84: Line is longer than 100 characters (found 144). [LineLength]
[ant:checkstyle] [WARN] /app/src/main/java/com/mgz/afp/foca/CPC_CodePageControl.java:97:17: Abbreviation in name 'getDefaultGraphicCharacterGlobalID' must contain no more than '1' consecutive capital letters. [AbbreviationAsWordInName]
[ant:checkstyle] [WARN] /app/src/main/java/com/mgz/afp/foca/CPC_CodePageControl.java:101:15: Abbreviation in name 'setDefaultGraphicCharacterGlobalID' must contain no more than '1' consecutive capital letters. [AbbreviationAsWordInName]
[ant:checkstyle] [WARN] /app/src/main/java/com/mgz/afp/foca/CPC_CodePageControl.java:102:14: Abbreviation in name 'defaultGraphicCharacterGlobalID' must contain no more than '1' consecutive capital letters. [AbbreviationAsWordInName]
[ant:checkstyle] [WARN] /app/src/main/java/com/mgz/afp/foca/CPC_CodePageControl.java:156:3: Missing a Javadoc comment. [MissingJavadocType]
[ant:checkstyle] [WARN] /app/src/main/java/com/mgz/afp/foca/CPC_CodePageControl.java:170:5: Missing a Javadoc comment. [MissingJavadocMethod]
[ant:checkstyle] [WARN] /app/src/main/java/com/mgz/afp/foca/CPC_CodePageControl.java:186:5: Missing a Javadoc comment. [MissingJavadocMethod]
[ant:checkstyle] [WARN] /app/src/main/java/com/mgz/afp/foca/CPC_CodePageControl.java:206:3: Missing a Javadoc comment. [MissingJavadocType]
[ant:checkstyle] [WARN] /app/src/main/java/com/mgz/afp/foca/CPC_CodePageControl.java:206:15: Abbreviation in name 'CPIRepeatingGroupLength' must contain no more than '1' consecutive capital letters. [AbbreviationAsWordInName]
[ant:checkstyle] [WARN] /app/src/main/java/com/mgz/afp/foca/CPC_CodePageControl.java:218:5: Missing a Javadoc comment. [MissingJavadocMethod]
[ant:checkstyle] [WARN] /app/src/main/java/com/mgz/afp/foca/CPC_CodePageControl.java:219:16: Abbreviation in name 'cpiRGL' must contain no more than '1' consecutive capital letters. [AbbreviationAsWordInName]
[ant:checkstyle] [WARN] /app/src/main/java/com/mgz/afp/foca/CPC_CodePageControl.java:227:5: Missing a Javadoc comment. [MissingJavadocMethod]
[ant:checkstyle] [WARN] /app/src/main/java/com/mgz/afp/foca/CPC_CodePageControl.java:231:5: Missing a Javadoc comment. [MissingJavadocMethod]
[ant:checkstyle] [WARN] /app/src/main/java/com/mgz/afp/foca/CPC_CodePageControl.java:240: Line is longer than 100 characters (found 108). [LineLength]
[ant:checkstyle] [WARN] /app/src/main/java/com/mgz/afp/foca/CPC_CodePageControl.java:244:3: Missing a Javadoc comment. [MissingJavadocType]
[ant:checkstyle] [WARN] /app/src/main/java/com/mgz/afp/foca/CPC_CodePageControl.java:255:5: Missing a Javadoc comment. [MissingJavadocMethod]
[ant:checkstyle] [WARN] /app/src/main/java/com/mgz/afp/foca/CPC_CodePageControl.java:268:5: Missing a Javadoc comment. [MissingJavadocMethod]
[ant:checkstyle] [WARN] /app/src/main/java/com/mgz/afp/foca/FND_FontDescriptor.java:31:1: Extra separation in import group before 'java.io.ByteArrayOutputStream' [CustomImportOrder]
[ant:checkstyle] [WARN] /app/src/main/java/com/mgz/afp/foca/FND_FontDescriptor.java:39:14: Abbreviation in name 'FND_FontDescriptor' must contain no more than '1' consecutive capital letters. [AbbreviationAsWordInName]
[ant:checkstyle] [WARN] /app/src/main/java/com/mgz/afp/foca/FND_FontDescriptor.java:39:14: Type name 'FND_FontDescriptor' must match pattern '^[A-Z][a-zA-Z0-9]*(?:[0-9](?:_[0-9]+)*)?$'. [TypeName]
[ant:checkstyle] [WARN] /app/src/main/java/com/mgz/afp/foca/FND_FontDescriptor.java:79: Line is longer than 100 characters (found 121). [LineLength]
[ant:checkstyle] [WARN] /app/src/main/java/com/mgz/afp/foca/FND_FontDescriptor.java:80:5: Distance between variable 'actualLength' declaration and its first usage is 19, but allowed 3.  Consider making that variable final if you still need to store its value in advance (before method calls that might have side effects on the original value). [VariableDeclarationUsageDistance]
[ant:checkstyle] [WARN] /app/src/main/java/com/mgz/afp/foca/FND_FontDescriptor.java:109: Line is longer than 100 characters (found 118). [LineLength]
[ant:checkstyle] [WARN] /app/src/main/java/com/mgz/afp/foca/BCP_BeginCodePage.java:27:14: Abbreviation in name 'BCP_BeginCodePage' must contain no more than '1' consecutive capital letters. [AbbreviationAsWordInName]
[ant:checkstyle] [WARN] /app/src/main/java/com/mgz/afp/foca/BCP_BeginCodePage.java:27:14: Type name 'BCP_BeginCodePage' must match pattern '^[A-Z][a-zA-Z0-9]*(?:[0-9](?:_[0-9]+)*)?$'. [TypeName]
[ant:checkstyle] [WARN] /app/src/main/java/com/mgz/afp/foca/FNG_FontPatterns.java:24:1: Missing a Javadoc comment. [MissingJavadocType]
[ant:checkstyle] [WARN] /app/src/main/java/com/mgz/afp/foca/FNG_FontPatterns.java:24:14: Abbreviation in name 'FNG_FontPatterns' must contain no more than '1' consecutive capital letters. [AbbreviationAsWordInName]
[ant:checkstyle] [WARN] /app/src/main/java/com/mgz/afp/foca/FNG_FontPatterns.java:24:14: Type name 'FNG_FontPatterns' must match pattern '^[A-Z][a-zA-Z0-9]*(?:[0-9](?:_[0-9]+)*)?$'. [TypeName]
[ant:checkstyle] [WARN] /app/src/main/java/com/mgz/afp/foca/FNP_FontPosition.java:29:1: Extra separation in import group before 'java.io.ByteArrayOutputStream' [CustomImportOrder]
[ant:checkstyle] [WARN] /app/src/main/java/com/mgz/afp/foca/FNP_FontPosition.java:38:14: Abbreviation in name 'FNP_FontPosition' must contain no more than '1' consecutive capital letters. [AbbreviationAsWordInName]
[ant:checkstyle] [WARN] /app/src/main/java/com/mgz/afp/foca/FNP_FontPosition.java:38:14: Type name 'FNP_FontPosition' must match pattern '^[A-Z][a-zA-Z0-9]*(?:[0-9](?:_[0-9]+)*)?$'. [TypeName]
[ant:checkstyle] [WARN] /app/src/main/java/com/mgz/afp/foca/FNP_FontPosition.java:43: Line is longer than 100 characters (found 121). [LineLength]
[ant:checkstyle] [WARN] /app/src/main/java/com/mgz/afp/foca/FNP_FontPosition.java:98:3: Missing a Javadoc comment. [MissingJavadocMethod]
[ant:checkstyle] [WARN] /app/src/main/java/com/mgz/afp/foca/FNP_FontPosition.java:98:15: Abbreviation in name 'addFNPRepeatingGroup' must contain no more than '1' consecutive capital letters. [AbbreviationAsWordInName]
[ant:checkstyle] [WARN] /app/src/main/java/com/mgz/afp/foca/FNP_FontPosition.java:108:3: Missing a Javadoc comment. [MissingJavadocMethod]
[ant:checkstyle] [WARN] /app/src/main/java/com/mgz/afp/foca/FNP_FontPosition.java:118:23: Abbreviation in name 'FNP_RepeatingGroup' must contain no more than '1' consecutive capital letters. [AbbreviationAsWordInName]
[ant:checkstyle] [WARN] /app/src/main/java/com/mgz/afp/foca/FNP_FontPosition.java:118:23: Type name 'FNP_RepeatingGroup' must match pattern '^[A-Z][a-zA-Z0-9]*(?:[0-9](?:_[0-9]+)*)?$'. [TypeName]
[ant:checkstyle] [WARN] /app/src/main/java/com/mgz/afp/foca/FNP_FontPosition.java:124:19: Abbreviation in name 'capMHeight' must contain no more than '1' consecutive capital letters. [AbbreviationAsWordInName]
[ant:checkstyle] [WARN] /app/src/main/java/com/mgz/afp/foca/FNP_FontPosition.java:143: Line is longer than 100 characters (found 123). [LineLength]
[ant:checkstyle] [WARN] /app/src/main/java/com/mgz/afp/foca/FNP_FontPosition.java:179:39: Parameter name 'reserved0_1' must match pattern '^[a-z]([a-z0-9][a-zA-Z0-9]*)?$'. [ParameterName]
[ant:checkstyle] [WARN] /app/src/main/java/com/mgz/afp/foca/FNP_FontPosition.java:191:18: Abbreviation in name 'getCapMHeight' must contain no more than '1' consecutive capital letters. [AbbreviationAsWordInName]
[ant:checkstyle] [WARN] /app/src/main/java/com/mgz/afp/foca/FNP_FontPosition.java:195:17: Abbreviation in name 'setCapMHeight' must contain no more than '1' consecutive capital letters. [AbbreviationAsWordInName]
[ant:checkstyle] [WARN] /app/src/main/java/com/mgz/afp/foca/FNP_FontPosition.java:195:37: Abbreviation in name 'capMHeight' must contain no more than '1' consecutive capital letters. [AbbreviationAsWordInName]
[ant:checkstyle] [WARN] /app/src/main/java/com/mgz/afp/foca/FNP_FontPosition.java:219:41: Parameter name 'reserved10_14' must match pattern '^[a-z]([a-z0-9][a-zA-Z0-9]*)?$'. [ParameterName]
[ant:checkstyle] [WARN] /app/src/main/java/com/mgz/afp/foca/ECP_EndCodePage.java:24:1: Missing a Javadoc comment. [MissingJavadocType]
[ant:checkstyle] [WARN] /app/src/main/java/com/mgz/afp/foca/ECP_EndCodePage.java:24:14: Abbreviation in name 'ECP_EndCodePage' must contain no more than '1' consecutive capital letters. [AbbreviationAsWordInName]
[ant:checkstyle] [WARN] /app/src/main/java/com/mgz/afp/foca/ECP_EndCodePage.java:24:14: Type name 'ECP_EndCodePage' must match pattern '^[A-Z][a-zA-Z0-9]*(?:[0-9](?:_[0-9]+)*)?$'. [TypeName]
[ant:checkstyle] [WARN] /app/src/main/java/com/mgz/afp/ipds/IPDSCommand.java:33:23: Abbreviation in name 'IPDSCommand' must contain no more than '1' consecutive capital letters. [AbbreviationAsWordInName]
[ant:checkstyle] [WARN] /app/src/main/java/com/mgz/afp/ipds/IPDSCommand.java:53:3: Missing a Javadoc comment. [MissingJavadocMethod]
[ant:checkstyle] [WARN] /app/src/main/java/com/mgz/afp/ipds/IPDSCommand.java:78:17: Abbreviation in name 'decodeIPDSHeader' must contain no more than '1' consecutive capital letters. [AbbreviationAsWordInName]
[ant:checkstyle] [WARN] /app/src/main/java/com/mgz/afp/ipds/IPDSCommand.java:91:3: Missing a Javadoc comment. [MissingJavadocMethod]
[ant:checkstyle] [WARN] /app/src/main/java/com/mgz/afp/ipds/IPDSCommand.java:91:18: Abbreviation in name 'writeIPDSHeader' must contain no more than '1' consecutive capital letters. [AbbreviationAsWordInName]
[ant:checkstyle] [WARN] /app/src/main/java/com/mgz/afp/ipds/EP_EndPage.java:33:14: Abbreviation in name 'EP_EndPage' must contain no more than '1' consecutive capital letters. [AbbreviationAsWordInName]
[ant:checkstyle] [WARN] /app/src/main/java/com/mgz/afp/ipds/EP_EndPage.java:33:14: Type name 'EP_EndPage' must match pattern '^[A-Z][a-zA-Z0-9]*(?:[0-9](?:_[0-9]+)*)?$'. [TypeName]
[ant:checkstyle] [WARN] /app/src/main/java/com/mgz/afp/ipds/EP_EndPage.java:39: Line is longer than 100 characters (found 121). [LineLength]
[ant:checkstyle] [WARN] /app/src/main/java/com/mgz/afp/ipds/STM_SenseTypeAndModel.java:32:14: Abbreviation in name 'STM_SenseTypeAndModel' must contain no more than '1' consecutive capital letters. [AbbreviationAsWordInName]
[ant:checkstyle] [WARN] /app/src/main/java/com/mgz/afp/ipds/STM_SenseTypeAndModel.java:32:14: Type name 'STM_SenseTypeAndModel' must match pattern '^[A-Z][a-zA-Z0-9]*(?:[0-9](?:_[0-9]+)*)?$'. [TypeName]
[ant:checkstyle] [WARN] /app/src/main/java/com/mgz/afp/ipds/STM_SenseTypeAndModel.java:35: Line is longer than 100 characters (found 121). [LineLength]
[ant:checkstyle] [WARN] /app/src/main/java/com/mgz/afp/ipds/NOP_NoOperation.java:33:14: Abbreviation in name 'NOP_NoOperation' must contain no more than '1' consecutive capital letters. [AbbreviationAsWordInName]
[ant:checkstyle] [WARN] /app/src/main/java/com/mgz/afp/ipds/NOP_NoOperation.java:33:14: Type name 'NOP_NoOperation' must match pattern '^[A-Z][a-zA-Z0-9]*(?:[0-9](?:_[0-9]+)*)?$'. [TypeName]
[ant:checkstyle] [WARN] /app/src/main/java/com/mgz/afp/ipds/NOP_NoOperation.java:39: Line is longer than 100 characters (found 121). [LineLength]
[ant:checkstyle] [WARN] /app/src/main/java/com/mgz/afp/ipds/SHS_SetHomeState.java:32:14: Abbreviation in name 'SHS_SetHomeState' must contain no more than '1' consecutive capital letters. [AbbreviationAsWordInName]
[ant:checkstyle] [WARN] /app/src/main/java/com/mgz/afp/ipds/SHS_SetHomeState.java:32:14: Type name 'SHS_SetHomeState' must match pattern '^[A-Z][a-zA-Z0-9]*(?:[0-9](?:_[0-9]+)*)?$'. [TypeName]
[ant:checkstyle] [WARN] /app/src/main/java/com/mgz/afp/ipds/SHS_SetHomeState.java:35: Line is longer than 100 characters (found 121). [LineLength]
[ant:checkstyle] [WARN] /app/src/main/java/com/mgz/afp/ipds/END_End.java:33:14: Abbreviation in name 'END_End' must contain no more than '1' consecutive capital letters. [AbbreviationAsWordInName]
[ant:checkstyle] [WARN] /app/src/main/java/com/mgz/afp/ipds/END_End.java:33:14: Type name 'END_End' must match pattern '^[A-Z][a-zA-Z0-9]*(?:[0-9](?:_[0-9]+)*)?$'. [TypeName]
[ant:checkstyle] [WARN] /app/src/main/java/com/mgz/afp/ipds/END_End.java:39: Line is longer than 100 characters (found 121). [LineLength]
[ant:checkstyle] [WARN] /app/src/main/java/com/mgz/afp/ipds/BP_BeginPage.java:34:14: Abbreviation in name 'BP_BeginPage' must contain no more than '1' consecutive capital letters. [AbbreviationAsWordInName]
[ant:checkstyle] [WARN] /app/src/main/java/com/mgz/afp/ipds/BP_BeginPage.java:34:14: Type name 'BP_BeginPage' must match pattern '^[A-Z][a-zA-Z0-9]*(?:[0-9](?:_[0-9]+)*)?$'. [TypeName]
[ant:checkstyle] [WARN] /app/src/main/java/com/mgz/afp/ipds/BP_BeginPage.java:40: Line is longer than 100 characters (found 121). [LineLength]
[ant:checkstyle] [WARN] /app/src/main/java/com/mgz/cli/Afp2Xml.java:29:1: Wrong lexicographical order for 'com.mgz.util.FileChannelMappedBufferProvider' import. Should be before 'com.mgz.util.NonClosingOutputStream'. [CustomImportOrder]
[ant:checkstyle] [WARN] /app/src/main/java/com/mgz/cli/Afp2Xml.java:30:1: Wrong lexicographical order for 'com.mgz.util.MappedBufferOutputStream' import. Should be before 'com.mgz.util.NonClosingOutputStream'. [CustomImportOrder]
[ant:checkstyle] [WARN] /app/src/main/java/com/mgz/cli/Afp2Xml.java:32:1: Wrong lexicographical order for 'com.mgz.afp.base.handler.HandlerRegistry' import. Should be before 'com.mgz.util.SegmentedMappedBufferOutputStream'. [CustomImportOrder]
[ant:checkstyle] [WARN] /app/src/main/java/com/mgz/cli/Afp2Xml.java:33:1: Wrong lexicographical order for 'com.mgz.afp.base.handler.OrderedOutputOrchestrator' import. Should be before 'com.mgz.util.SegmentedMappedBufferOutputStream'. [CustomImportOrder]
[ant:checkstyle] [WARN] /app/src/main/java/com/mgz/cli/Afp2Xml.java:42:1: Wrong lexicographical order for 'java.nio.channels.Channels' import. Should be before 'java.nio.channels.FileChannel'. [CustomImportOrder]
[ant:checkstyle] [WARN] /app/src/main/java/com/mgz/cli/Afp2Xml.java:249: Line is longer than 100 characters (found 107). [LineLength]
[ant:checkstyle] [WARN] /app/src/main/java/com/mgz/cli/Afp2Xml.java:251: Line is longer than 100 characters (found 107). [LineLength]
[ant:checkstyle] [WARN] /app/src/main/java/com/mgz/cli/Afp2Xml.java:299: Line is longer than 100 characters (found 117). [LineLength]
[ant:checkstyle] [WARN] /app/src/main/java/com/mgz/cli/Afp2Xml.java:300: Line is longer than 100 characters (found 125). [LineLength]
[ant:checkstyle] [WARN] /app/src/main/java/com/mgz/cli/Afp2Xml.java:304: Line is longer than 100 characters (found 109). [LineLength]
[ant:checkstyle] [WARN] /app/src/main/java/com/mgz/cli/Afp2Xml.java:308: Line is longer than 100 characters (found 119). [LineLength]
[ant:checkstyle] [WARN] /app/src/main/java/com/mgz/cli/Afp2Xml.java:309: Line is longer than 100 characters (found 107). [LineLength]
[ant:checkstyle] [WARN] /app/src/main/java/com/mgz/cli/Afp2Xml.java:312: Line is longer than 100 characters (found 129). [LineLength]
[ant:checkstyle] [WARN] /app/src/main/java/com/mgz/cli/Afp2Xml.java:320: Line is longer than 100 characters (found 165). [LineLength]
[ant:checkstyle] [WARN] /app/src/main/java/com/mgz/cli/Afp2Xml.java:326: Line is longer than 100 characters (found 104). [LineLength]
[ant:checkstyle] [WARN] /app/src/main/java/com/mgz/cli/Afp2Xml.java:348: Line is longer than 100 characters (found 110). [LineLength]
[ant:checkstyle] [WARN] /app/src/main/java/com/mgz/cli/Afp2Xml.java:360: Line is longer than 100 characters (found 111). [LineLength]
[ant:checkstyle] [WARN] /app/src/main/java/com/mgz/cli/Afp2Xml.java:364: Line is longer than 100 characters (found 114). [LineLength]
[ant:checkstyle] [WARN] /app/src/main/java/com/mgz/cli/Afp2Xml.java:383: Line is longer than 100 characters (found 113). [LineLength]
[ant:checkstyle] [WARN] /app/src/main/java/com/mgz/cli/Afp2Xml.java:386: Line is longer than 100 characters (found 114). [LineLength]
[ant:checkstyle] [WARN] /app/src/main/java/com/mgz/cli/Afp2Xml.java:412: Line is longer than 100 characters (found 103). [LineLength]
[ant:checkstyle] [WARN] /app/src/main/java/com/mgz/cli/Afp2Xml.java:413: Line is longer than 100 characters (found 122). [LineLength]
[ant:checkstyle] [WARN] /app/src/main/java/com/mgz/cli/Afp2Xml.java:442: Line is longer than 100 characters (found 104). [LineLength]
[ant:checkstyle] [WARN] /app/src/main/java/com/mgz/cli/Afp2Xml.java:448: Line is longer than 100 characters (found 125). [LineLength]
[ant:checkstyle] [WARN] /app/src/main/java/com/mgz/cli/Afp2Xml.java:454: Line is longer than 100 characters (found 106). [LineLength]
[ant:checkstyle] [WARN] /app/src/main/java/com/mgz/cli/Afp2Xml.java:456: Line is longer than 100 characters (found 110). [LineLength]
[ant:checkstyle] [WARN] /app/src/main/java/com/mgz/cli/Afp2Xml.java:462: Line is longer than 100 characters (found 106). [LineLength]
[ant:checkstyle] [WARN] /app/src/main/java/com/mgz/cli/Afp2Xml.java:463: Line is longer than 100 characters (found 110). [LineLength]
[ant:checkstyle] [WARN] /app/src/main/java/com/mgz/cli/Afp2Xml.java:471: Line is longer than 100 characters (found 103). [LineLength]
[ant:checkstyle] [WARN] /app/src/main/java/com/mgz/pdf/PdfHandler.java:34:1: Wrong lexicographical order for 'com.itextpdf.kernel.pdf.PdfOutputIntent' import. Should be before 'com.itextpdf.kernel.pdf.PdfStream'. [CustomImportOrder]
[ant:checkstyle] [WARN] /app/src/main/java/com/mgz/pdf/PdfHandler.java:35:1: Wrong lexicographical order for 'com.itextpdf.kernel.pdf.PdfPage' import. Should be before 'com.itextpdf.kernel.pdf.PdfStream'. [CustomImportOrder]
[ant:checkstyle] [WARN] /app/src/main/java/com/mgz/pdf/PdfHandler.java:58:1: Wrong lexicographical order for 'com.mgz.afp.goca.GAD_DrawingOrder.GBIMG_BeginImageAtGivenPosition' import. Should be before 'com.mgz.afp.goca.GAD_DrawingOrder.GBSEG_BeginSegment'. [CustomImportOrder]
[ant:checkstyle] [WARN] /app/src/main/java/com/mgz/pdf/PdfHandler.java:60:1: Wrong lexicographical order for 'com.mgz.afp.goca.GAD_DrawingOrder.GCBEZ_CubicBezierCurveAtGivenPosition' import. Should be before 'com.mgz.afp.goca.GAD_DrawingOrder.GCBIMG_BeginImageAtCurrentPosition'. [CustomImportOrder]
[ant:checkstyle] [WARN] /app/src/main/java/com/mgz/pdf/PdfHandler.java:68:1: Wrong lexicographical order for 'com.mgz.afp.goca.GAD_DrawingOrder.GCCHST_CharacterStringAtCurrentPosition' import. Should be before 'com.mgz.afp.goca.GAD_DrawingOrder.GIMD_ImageData'. [CustomImportOrder]
[ant:checkstyle] [WARN] /app/src/main/java/com/mgz/pdf/PdfHandler.java:69:1: Wrong lexicographical order for 'com.mgz.afp.goca.GAD_DrawingOrder.GCMRK_MarkerAtCurrentPosition' import. Should be before 'com.mgz.afp.goca.GAD_DrawingOrder.GIMD_ImageData'. [CustomImportOrder]
[ant:checkstyle] [WARN] /app/src/main/java/com/mgz/pdf/PdfHandler.java:70:1: Wrong lexicographical order for 'com.mgz.afp.goca.GAD_DrawingOrder.GCHST_CharacterStringAtGivenPosition' import. Should be before 'com.mgz.afp.goca.GAD_DrawingOrder.GIMD_ImageData'. [CustomImportOrder]
[ant:checkstyle] [WARN] /app/src/main/java/com/mgz/pdf/PdfHandler.java:71:1: Wrong lexicographical order for 'com.mgz.afp.goca.GAD_DrawingOrder.GCPARC_PartialArcAtCurrentPosition' import. Should be before 'com.mgz.afp.goca.GAD_DrawingOrder.GIMD_ImageData'. [CustomImportOrder]
[ant:checkstyle] [WARN] /app/src/main/java/com/mgz/pdf/PdfHandler.java:73:1: Wrong lexicographical order for 'com.mgz.afp.goca.GAD_DrawingOrder.GCOMT_Comment' import. Should be before 'com.mgz.afp.goca.GAD_DrawingOrder.GMRK_MarkerAtGivenPosition'. [CustomImportOrder]
[ant:checkstyle] [WARN] /app/src/main/java/com/mgz/pdf/PdfHandler.java:74:1: Wrong lexicographical order for 'com.mgz.afp.goca.GAD_DrawingOrder.GCRLINE_RelativeLineAtCurrentPosition' import. Should be before 'com.mgz.afp.goca.GAD_DrawingOrder.GMRK_MarkerAtGivenPosition'. [CustomImportOrder]
[ant:checkstyle] [WARN] /app/src/main/java/com/mgz/pdf/PdfHandler.java:75:1: Wrong lexicographical order for 'com.mgz.afp.goca.GAD_DrawingOrder.GEAR_EndArea' import. Should be before 'com.mgz.afp.goca.GAD_DrawingOrder.GMRK_MarkerAtGivenPosition'. [CustomImportOrder]
[ant:checkstyle] [WARN] /app/src/main/java/com/mgz/pdf/PdfHandler.java:76:1: Wrong lexicographical order for 'com.mgz.afp.goca.GAD_DrawingOrder.GESEG_EndSegment' import. Should be before 'com.mgz.afp.goca.GAD_DrawingOrder.GMRK_MarkerAtGivenPosition'. [CustomImportOrder]
[ant:checkstyle] [WARN] /app/src/main/java/com/mgz/pdf/PdfHandler.java:77:1: Wrong lexicographical order for 'com.mgz.afp.goca.GAD_DrawingOrder.GFARC_FullArcAtGivenPosition' import. Should be before 'com.mgz.afp.goca.GAD_DrawingOrder.GMRK_MarkerAtGivenPosition'. [CustomImportOrder]
[ant:checkstyle] [WARN] /app/src/main/java/com/mgz/pdf/PdfHandler.java:78:1: Wrong lexicographical order for 'com.mgz.afp.goca.GAD_DrawingOrder.GFLT_FilletAtGivenPosition' import. Should be before 'com.mgz.afp.goca.GAD_DrawingOrder.GMRK_MarkerAtGivenPosition'. [CustomImportOrder]
[ant:checkstyle] [WARN] /app/src/main/java/com/mgz/pdf/PdfHandler.java:79:1: Wrong lexicographical order for 'com.mgz.afp.goca.GAD_DrawingOrder.GLINE_LineAtGivenPosition' import. Should be before 'com.mgz.afp.goca.GAD_DrawingOrder.GMRK_MarkerAtGivenPosition'. [CustomImportOrder]
[ant:checkstyle] [WARN] /app/src/main/java/com/mgz/pdf/PdfHandler.java:98:1: Wrong lexicographical order for 'com.mgz.afp.goca.GAD_DrawingOrder.GLGD_LinearGradient' import. Should be before 'com.mgz.afp.goca.GAD_DrawingOrder.GSPCOL_SetProcessColor'. [CustomImportOrder]
[ant:checkstyle] [WARN] /app/src/main/java/com/mgz/pdf/PdfHandler.java:99:1: Wrong lexicographical order for 'com.mgz.afp.goca.GAD_DrawingOrder.GRGD_RadialGradient' import. Should be before 'com.mgz.afp.goca.GAD_DrawingOrder.GSPCOL_SetProcessColor'. [CustomImportOrder]
[ant:checkstyle] [WARN] /app/src/main/java/com/mgz/pdf/PdfHandler.java:102:1: Wrong lexicographical order for 'com.mgz.afp.goca.GAD_DrawingOrder.GSCS_SetCharacterSet' import. Should be before 'com.mgz.afp.goca.GAD_DrawingOrder.GSPT_SetPatternSymbol'. [CustomImportOrder]
[ant:checkstyle] [WARN] /app/src/main/java/com/mgz/pdf/PdfHandler.java:153:1: Wrong lexicographical order for 'com.mgz.afp.ptoca.controlSequence.PTOCAControlSequence.SBI_SetBaselineIncrement' import. Should be before 'com.mgz.afp.ptoca.controlSequence.PTOCAControlSequence.USC_Underscore'. [CustomImportOrder]
[ant:checkstyle] [WARN] /app/src/main/java/com/mgz/pdf/PdfHandler.java:154:1: Wrong lexicographical order for 'com.mgz.afp.ptoca.controlSequence.PTOCAControlSequence.SCFL_SetCodedFontLocal' import. Should be before 'com.mgz.afp.ptoca.controlSequence.PTOCAControlSequence.USC_Underscore'. [CustomImportOrder]
[ant:checkstyle] [WARN] /app/src/main/java/com/mgz/pdf/PdfHandler.java:155:1: Wrong lexicographical order for 'com.mgz.afp.ptoca.controlSequence.PTOCAControlSequence.SEC_SetExtendedTextColor' import. Should be before 'com.mgz.afp.ptoca.controlSequence.PTOCAControlSequence.USC_Underscore'. [CustomImportOrder]
[ant:checkstyle] [WARN] /app/src/main/java/com/mgz/pdf/PdfHandler.java:156:1: Wrong lexicographical order for 'com.mgz.afp.ptoca.controlSequence.PTOCAControlSequence.SIA_SetIntercharacterAdjustment' import. Should be before 'com.mgz.afp.ptoca.controlSequence.PTOCAControlSequence.USC_Underscore'. [CustomImportOrder]
[ant:checkstyle] [WARN] /app/src/main/java/com/mgz/pdf/PdfHandler.java:157:1: Wrong lexicographical order for 'com.mgz.afp.ptoca.controlSequence.PTOCAControlSequence.SIM_SetInlineMargin' import. Should be before 'com.mgz.afp.ptoca.controlSequence.PTOCAControlSequence.USC_Underscore'. [CustomImportOrder]
[ant:checkstyle] [WARN] /app/src/main/java/com/mgz/pdf/PdfHandler.java:158:1: Wrong lexicographical order for 'com.mgz.afp.ptoca.controlSequence.PTOCAControlSequence.STC_SetTextColor' import. Should be before 'com.mgz.afp.ptoca.controlSequence.PTOCAControlSequence.USC_Underscore'. [CustomImportOrder]
[ant:checkstyle] [WARN] /app/src/main/java/com/mgz/pdf/PdfHandler.java:159:1: Wrong lexicographical order for 'com.mgz.afp.ptoca.controlSequence.PTOCAControlSequence.STO_SetTextOrientation' import. Should be before 'com.mgz.afp.ptoca.controlSequence.PTOCAControlSequence.USC_Underscore'. [CustomImportOrder]
[ant:checkstyle] [WARN] /app/src/main/java/com/mgz/pdf/PdfHandler.java:160:1: Wrong lexicographical order for 'com.mgz.afp.ptoca.controlSequence.PTOCAControlSequence.SVI_SetVariableSpaceCharacterIncrement' import. Should be before 'com.mgz.afp.ptoca.controlSequence.PTOCAControlSequence.USC_Underscore'. [CustomImportOrder]
[ant:checkstyle] [WARN] /app/src/main/java/com/mgz/pdf/PdfHandler.java:161:1: Wrong lexicographical order for 'com.mgz.afp.ptoca.controlSequence.PTOCAControlSequence.TBM_TemporaryBaselineMove' import. Should be before 'com.mgz.afp.ptoca.controlSequence.PTOCAControlSequence.USC_Underscore'. [CustomImportOrder]
[ant:checkstyle] [WARN] /app/src/main/java/com/mgz/pdf/PdfHandler.java:162:1: Wrong lexicographical order for 'com.mgz.afp.ptoca.controlSequence.PTOCAControlSequence.TRN_TransparentData' import. Should be before 'com.mgz.afp.ptoca.controlSequence.PTOCAControlSequence.USC_Underscore'. [CustomImportOrder]
[ant:checkstyle] [WARN] /app/src/main/java/com/mgz/pdf/PdfHandler.java:163:1: Wrong lexicographical order for 'com.mgz.afp.ptoca.controlSequence.PTOCAControlSequence.UCT_UnicodeComplexText' import. Should be before 'com.mgz.afp.ptoca.controlSequence.PTOCAControlSequence.USC_Underscore'. [CustomImportOrder]
[ant:checkstyle] [WARN] /app/src/main/java/com/mgz/pdf/PdfHandler.java:194: Line is longer than 100 characters (found 113). [LineLength]
[ant:checkstyle] [WARN] /app/src/main/java/com/mgz/pdf/PdfHandler.java:196: Line is longer than 100 characters (found 106). [LineLength]
[ant:checkstyle] [WARN] /app/src/main/java/com/mgz/pdf/PdfHandler.java:201:28: Abbreviation in name 'enabledSuppressionIDs' must contain no more than '1' consecutive capital letters. [AbbreviationAsWordInName]
[ant:checkstyle] [WARN] /app/src/main/java/com/mgz/pdf/PdfHandler.java:223:3: Missing a Javadoc comment. [MissingJavadocMethod]
[ant:checkstyle] [WARN] /app/src/main/java/com/mgz/pdf/PdfHandler.java:309: Line is longer than 100 characters (found 123). [LineLength]
[ant:checkstyle] [WARN] /app/src/main/java/com/mgz/pdf/PdfHandler.java:314: Line is longer than 100 characters (found 122). [LineLength]
[ant:checkstyle] [WARN] /app/src/main/java/com/mgz/pdf/PdfHandler.java:355: Line is longer than 100 characters (found 113). [LineLength]
[ant:checkstyle] [WARN] /app/src/main/java/com/mgz/pdf/PdfHandler.java:377: Line is longer than 100 characters (found 127). [LineLength]
[ant:checkstyle] [WARN] /app/src/main/java/com/mgz/pdf/PdfHandler.java:404: Line is longer than 100 characters (found 122). [LineLength]
[ant:checkstyle] [WARN] /app/src/main/java/com/mgz/pdf/PdfHandler.java:445: Line is longer than 100 characters (found 102). [LineLength]
[ant:checkstyle] [WARN] /app/src/main/java/com/mgz/pdf/PdfHandler.java:451: Line is longer than 100 characters (found 106). [LineLength]
[ant:checkstyle] [WARN] /app/src/main/java/com/mgz/pdf/PdfHandler.java:457: Line is longer than 100 characters (found 107). [LineLength]
[ant:checkstyle] [WARN] /app/src/main/java/com/mgz/pdf/PdfHandler.java:462: Line is longer than 100 characters (found 113). [LineLength]
[ant:checkstyle] [WARN] /app/src/main/java/com/mgz/pdf/PdfHandler.java:486: Line is longer than 100 characters (found 101). [LineLength]
[ant:checkstyle] [WARN] /app/src/main/java/com/mgz/pdf/PdfHandler.java:492: Line is longer than 100 characters (found 107). [LineLength]
[ant:checkstyle] [WARN] /app/src/main/java/com/mgz/pdf/PdfHandler.java:498: Line is longer than 100 characters (found 113). [LineLength]
[ant:checkstyle] [WARN] /app/src/main/java/com/mgz/pdf/PdfHandler.java:520: Line is longer than 100 characters (found 106). [LineLength]
[ant:checkstyle] [WARN] /app/src/main/java/com/mgz/pdf/PdfHandler.java:521: Line is longer than 100 characters (found 106). [LineLength]
[ant:checkstyle] [WARN] /app/src/main/java/com/mgz/pdf/PdfHandler.java:595:16: Abbreviation in name 'renderXObject' must contain no more than '1' consecutive capital letters. [AbbreviationAsWordInName]
[ant:checkstyle] [WARN] /app/src/main/java/com/mgz/pdf/PdfHandler.java:599:20: Local variable name 'xObject' must match pattern '^(_|[a-z]([a-z0-9][a-zA-Z0-9]*)?)$'. [LocalVariableName]
[ant:checkstyle] [WARN] /app/src/main/java/com/mgz/pdf/PdfHandler.java:632:3: Missing a Javadoc comment. [MissingJavadocMethod]
[ant:checkstyle] [WARN] /app/src/main/java/com/mgz/pdf/PdfHandler.java:683: Line is longer than 100 characters (found 184). [LineLength]
[ant:checkstyle] [WARN] /app/src/main/java/com/mgz/pdf/PdfHandler.java:684: Line is longer than 100 characters (found 188). [LineLength]
[ant:checkstyle] [WARN] /app/src/main/java/com/mgz/pdf/PdfHandler.java:700: Line is longer than 100 characters (found 109). [LineLength]
[ant:checkstyle] [WARN] /app/src/main/java/com/mgz/pdf/PdfHandler.java:720:7: 'if' construct must use '{}'s. [NeedBraces]
[ant:checkstyle] [WARN] /app/src/main/java/com/mgz/pdf/PdfHandler.java:721:7: 'if' construct must use '{}'s. [NeedBraces]
[ant:checkstyle] [WARN] /app/src/main/java/com/mgz/pdf/PdfHandler.java:723: Line is longer than 100 characters (found 110). [LineLength]
[ant:checkstyle] [WARN] /app/src/main/java/com/mgz/pdf/PdfHandler.java:730: Line is longer than 100 characters (found 107). [LineLength]
[ant:checkstyle] [WARN] /app/src/main/java/com/mgz/pdf/PdfHandler.java:731: Line is longer than 100 characters (found 105). [LineLength]
[ant:checkstyle] [WARN] /app/src/main/java/com/mgz/pdf/PdfHandler.java:765: Line is longer than 100 characters (found 174). [LineLength]
[ant:checkstyle] [WARN] /app/src/main/java/com/mgz/pdf/PdfHandler.java:839: Line is longer than 100 characters (found 103). [LineLength]
[ant:checkstyle] [WARN] /app/src/main/java/com/mgz/pdf/PdfHandler.java:841: Line is longer than 100 characters (found 104). [LineLength]
[ant:checkstyle] [WARN] /app/src/main/java/com/mgz/pdf/PdfHandler.java:842: Line is longer than 100 characters (found 104). [LineLength]
[ant:checkstyle] [WARN] /app/src/main/java/com/mgz/pdf/PdfHandler.java:843: Line is longer than 100 characters (found 109). [LineLength]
[ant:checkstyle] [WARN] /app/src/main/java/com/mgz/pdf/PdfHandler.java:844: Line is longer than 100 characters (found 110). [LineLength]
[ant:checkstyle] [WARN] /app/src/main/java/com/mgz/pdf/PdfHandler.java:845: Line is longer than 100 characters (found 105). [LineLength]
[ant:checkstyle] [WARN] /app/src/main/java/com/mgz/pdf/PdfHandler.java:846: Line is longer than 100 characters (found 106). [LineLength]
[ant:checkstyle] [WARN] /app/src/main/java/com/mgz/pdf/PdfHandler.java:863: Line is longer than 100 characters (found 102). [LineLength]
[ant:checkstyle] [WARN] /app/src/main/java/com/mgz/pdf/PdfHandler.java:864: Line is longer than 100 characters (found 103). [LineLength]
[ant:checkstyle] [WARN] /app/src/main/java/com/mgz/pdf/PdfHandler.java:865: Line is longer than 100 characters (found 107). [LineLength]
[ant:checkstyle] [WARN] /app/src/main/java/com/mgz/pdf/PdfHandler.java:866: Line is longer than 100 characters (found 108). [LineLength]
[ant:checkstyle] [WARN] /app/src/main/java/com/mgz/pdf/PdfHandler.java:888: Line is longer than 100 characters (found 106). [LineLength]
[ant:checkstyle] [WARN] /app/src/main/java/com/mgz/pdf/PdfHandler.java:913: Line is longer than 100 characters (found 140). [LineLength]
[ant:checkstyle] [WARN] /app/src/main/java/com/mgz/pdf/PdfHandler.java:931: Line is longer than 100 characters (found 140). [LineLength]
[ant:checkstyle] [WARN] /app/src/main/java/com/mgz/pdf/PdfHandler.java:941: Line is longer than 100 characters (found 116). [LineLength]
[ant:checkstyle] [WARN] /app/src/main/java/com/mgz/pdf/PdfHandler.java:945: Line is longer than 100 characters (found 182). [LineLength]
[ant:checkstyle] [WARN] /app/src/main/java/com/mgz/pdf/PdfHandler.java:981: Line is longer than 100 characters (found 124). [LineLength]
[ant:checkstyle] [WARN] /app/src/main/java/com/mgz/pdf/PdfHandler.java:995: Line is longer than 100 characters (found 106). [LineLength]
[ant:checkstyle] [WARN] /app/src/main/java/com/mgz/pdf/PdfHandler.java:1007: Line is longer than 100 characters (found 101). [LineLength]
[ant:checkstyle] [WARN] /app/src/main/java/com/mgz/pdf/PdfHandler.java:1009:55: Abbreviation in name 'imageXObject' must contain no more than '1' consecutive capital letters. [AbbreviationAsWordInName]
[ant:checkstyle] [WARN] /app/src/main/java/com/mgz/pdf/PdfHandler.java:1037:5: Each variable declaration must be in its own statement. [MultipleVariableDeclarations]
[ant:checkstyle] [WARN] /app/src/main/java/com/mgz/pdf/PdfHandler.java:1055:35: Local variable name 'pEnd' must match pattern '^(_|[a-z]([a-z0-9][a-zA-Z0-9]*)?)$'. [LocalVariableName]
[ant:checkstyle] [WARN] /app/src/main/java/com/mgz/pdf/PdfHandler.java:1065:37: Local variable name 'pControl' must match pattern '^(_|[a-z]([a-z0-9][a-zA-Z0-9]*)?)$'. [LocalVariableName]
[ant:checkstyle] [WARN] /app/src/main/java/com/mgz/pdf/PdfHandler.java:1066:37: Local variable name 'pNext' must match pattern '^(_|[a-z]([a-z0-9][a-zA-Z0-9]*)?)$'. [LocalVariableName]
[ant:checkstyle] [WARN] /app/src/main/java/com/mgz/pdf/PdfHandler.java:1068:9: Each variable declaration must be in its own statement. [MultipleVariableDeclarations]
[ant:checkstyle] [WARN] /app/src/main/java/com/mgz/pdf/PdfHandler.java:1103: Line is longer than 100 characters (found 148). [LineLength]
[ant:checkstyle] [WARN] /app/src/main/java/com/mgz/pdf/PdfHandler.java:1103:37: Parameter name 'xStart' must match pattern '^[a-z]([a-z0-9][a-zA-Z0-9]*)?$'. [ParameterName]
[ant:checkstyle] [WARN] /app/src/main/java/com/mgz/pdf/PdfHandler.java:1103:49: Parameter name 'yStart' must match pattern '^[a-z]([a-z0-9][a-zA-Z0-9]*)?$'. [ParameterName]
[ant:checkstyle] [WARN] /app/src/main/java/com/mgz/pdf/PdfHandler.java:1114:7: Distance between variable 'endDeg' declaration and its first usage is 8, but allowed 3.  Consider making that variable final if you still need to store its value in advance (before method calls that might have side effects on the original value). [VariableDeclarationUsageDistance]
[ant:checkstyle] [WARN] /app/src/main/java/com/mgz/pdf/PdfHandler.java:1119: Line is longer than 100 characters (found 105). [LineLength]
[ant:checkstyle] [WARN] /app/src/main/java/com/mgz/pdf/PdfHandler.java:1120: Line is longer than 100 characters (found 105). [LineLength]
[ant:checkstyle] [WARN] /app/src/main/java/com/mgz/pdf/PdfHandler.java:1151: Line is longer than 100 characters (found 130). [LineLength]
[ant:checkstyle] [WARN] /app/src/main/java/com/mgz/pdf/PdfHandler.java:1163:7: 'if' construct must use '{}'s. [NeedBraces]
[ant:checkstyle] [WARN] /app/src/main/java/com/mgz/pdf/PdfHandler.java:1180: Line is longer than 100 characters (found 124). [LineLength]
[ant:checkstyle] [WARN] /app/src/main/java/com/mgz/pdf/PdfHandler.java:1200: Line is longer than 100 characters (found 124). [LineLength]
[ant:checkstyle] [WARN] /app/src/main/java/com/mgz/pdf/PdfHandler.java:1216: Line is longer than 100 characters (found 116). [LineLength]
[ant:checkstyle] [WARN] /app/src/main/java/com/mgz/pdf/PdfHandler.java:1220: Line is longer than 100 characters (found 116). [LineLength]
[ant:checkstyle] [WARN] /app/src/main/java/com/mgz/pdf/PdfHandler.java:1257: Line is longer than 100 characters (found 159). [LineLength]
[ant:checkstyle] [WARN] /app/src/main/java/com/mgz/pdf/PdfHandler.java:1280: Line is longer than 100 characters (found 115). [LineLength]
[ant:checkstyle] [WARN] /app/src/main/java/com/mgz/pdf/PdfHandler.java:1351: Line is longer than 100 characters (found 106). [LineLength]
[ant:checkstyle] [WARN] /app/src/main/java/com/mgz/pdf/PdfHandler.java:1351:17: Local variable name 'pCanvas' must match pattern '^(_|[a-z]([a-z0-9][a-zA-Z0-9]*)?)$'. [LocalVariableName]
[ant:checkstyle] [WARN] /app/src/main/java/com/mgz/pdf/PdfHandler.java:1361:9: switch without "default" clause. [MissingSwitchDefault]
[ant:checkstyle] [WARN] /app/src/main/java/com/mgz/pdf/PdfHandler.java:1380: Line is longer than 100 characters (found 111). [LineLength]
[ant:checkstyle] [WARN] /app/src/main/java/com/mgz/pdf/PdfHandler.java:1383: Line is longer than 100 characters (found 162). [LineLength]
[ant:checkstyle] [WARN] /app/src/main/java/com/mgz/pdf/PdfHandler.java:1387: Line is longer than 100 characters (found 111). [LineLength]
[ant:checkstyle] [WARN] /app/src/main/java/com/mgz/pdf/PdfHandler.java:1392: Line is longer than 100 characters (found 172). [LineLength]
[ant:checkstyle] [WARN] /app/src/main/java/com/mgz/pdf/PdfHandler.java:1420: Line is longer than 100 characters (found 105). [LineLength]
[ant:checkstyle] [WARN] /app/src/main/java/com/mgz/pdf/PdfHandler.java:1424:7: switch without "default" clause. [MissingSwitchDefault]
[ant:checkstyle] [WARN] /app/src/main/java/com/mgz/pdf/PdfHandler.java:1432:7: switch without "default" clause. [MissingSwitchDefault]
[ant:checkstyle] [WARN] /app/src/main/java/com/mgz/pdf/PdfHandler.java:1496: Line is longer than 100 characters (found 109). [LineLength]
[ant:checkstyle] [WARN] /app/src/main/java/com/mgz/pdf/PdfHandler.java:1571:7: Distance between variable 'afpX' declaration and its first usage is 4, but allowed 3.  Consider making that variable final if you still need to store its value in advance (before method calls that might have side effects on the original value). [VariableDeclarationUsageDistance]
[ant:checkstyle] [WARN] /app/src/main/java/com/mgz/pdf/PdfHandler.java:1573:7: Distance between variable 'afpY' declaration and its first usage is 4, but allowed 3.  Consider making that variable final if you still need to store its value in advance (before method calls that might have side effects on the original value). [VariableDeclarationUsageDistance]
[ant:checkstyle] [WARN] /app/src/main/java/com/mgz/pdf/PdfHandler.java:1581:7: Distance between variable 'cos' declaration and its first usage is 4, but allowed 3.  Consider making that variable final if you still need to store its value in advance (before method calls that might have side effects on the original value). [VariableDeclarationUsageDistance]
[ant:checkstyle] [WARN] /app/src/main/java/com/mgz/pdf/PdfHandler.java:1582:7: Distance between variable 'sin' declaration and its first usage is 4, but allowed 3.  Consider making that variable final if you still need to store its value in advance (before method calls that might have side effects on the original value). [VariableDeclarationUsageDistance]
[ant:checkstyle] [WARN] /app/src/main/java/com/mgz/pdf/PdfHandler.java:1599: Line is longer than 100 characters (found 146). [LineLength]
[ant:checkstyle] [WARN] /app/src/main/java/com/mgz/pdf/PdfHandler.java:1619: Line is longer than 100 characters (found 154). [LineLength]
[ant:checkstyle] [WARN] /app/src/main/java/com/mgz/pdf/PdfHandler.java:1661:12: Local variable name 'iRad' must match pattern '^(_|[a-z]([a-z0-9][a-zA-Z0-9]*)?)$'. [LocalVariableName]
[ant:checkstyle] [WARN] /app/src/main/java/com/mgz/pdf/PdfHandler.java:1662:12: Local variable name 'bRad' must match pattern '^(_|[a-z]([a-z0-9][a-zA-Z0-9]*)?)$'. [LocalVariableName]
[ant:checkstyle] [WARN] /app/src/main/java/com/mgz/pdf/PdfHandler.java:1686: Line is longer than 100 characters (found 103). [LineLength]
[ant:checkstyle] [WARN] /app/src/main/java/com/mgz/pdf/PdfHandler.java:1686:20: Local variable name 'xObject' must match pattern '^(_|[a-z]([a-z0-9][a-zA-Z0-9]*)?)$'. [LocalVariableName]
[ant:checkstyle] [WARN] /app/src/main/java/com/mgz/pdf/PdfHandler.java:1731: Line is longer than 100 characters (found 109). [LineLength]
[ant:checkstyle] [WARN] /app/src/main/java/com/mgz/pdf/PdfHandler.java:1911: Line is longer than 100 characters (found 106). [LineLength]
[ant:checkstyle] [WARN] /app/src/main/java/com/mgz/pdf/PdfHandler.java:1915: Line is longer than 100 characters (found 184). [LineLength]
[ant:checkstyle] [WARN] /app/src/main/java/com/mgz/pdf/PdfHandler.java:1916: Line is longer than 100 characters (found 127). [LineLength]
[ant:checkstyle] [WARN] /app/src/main/java/com/mgz/pdf/PdfHandler.java:1925:15: Abbreviation in name 'enableSuppressionIDs' must contain no more than '1' consecutive capital letters. [AbbreviationAsWordInName]
[ant:checkstyle] [WARN] /app/src/main/java/com/mgz/pdf/CoordinateTransformer.java:61: Line is longer than 100 characters (found 106). [LineLength]
[ant:checkstyle] [WARN] /app/src/main/java/com/mgz/pdf/CoordinateTransformer.java:79:33: Parameter name 'iPos' must match pattern '^[a-z]([a-z0-9][a-zA-Z0-9]*)?$'. [ParameterName]
[ant:checkstyle] [WARN] /app/src/main/java/com/mgz/pdf/CoordinateTransformer.java:79:43: Parameter name 'bPos' must match pattern '^[a-z]([a-z0-9][a-zA-Z0-9]*)?$'. [ParameterName]
[ant:checkstyle] [WARN] /app/src/main/java/com/mgz/pdf/CoordinateTransformer.java:79:64: Parameter name 'iOri' must match pattern '^[a-z]([a-z0-9][a-zA-Z0-9]*)?$'. [ParameterName]
[ant:checkstyle] [WARN] /app/src/main/java/com/mgz/pdf/CoordinateTransformer.java:79:85: Parameter name 'bOri' must match pattern '^[a-z]([a-z0-9][a-zA-Z0-9]*)?$'. [ParameterName]
[ant:checkstyle] [WARN] /app/src/main/java/com/mgz/pdf/CoordinateTransformer.java:80:12: Local variable name 'iRad' must match pattern '^(_|[a-z]([a-z0-9][a-zA-Z0-9]*)?)$'. [LocalVariableName]
[ant:checkstyle] [WARN] /app/src/main/java/com/mgz/pdf/CoordinateTransformer.java:81:12: Local variable name 'bRad' must match pattern '^(_|[a-z]([a-z0-9][a-zA-Z0-9]*)?)$'. [LocalVariableName]
[ant:checkstyle] [WARN] /app/src/main/java/com/mgz/pdf/CoordinateTransformer.java:94:33: Parameter name 'iPos' must match pattern '^[a-z]([a-z0-9][a-zA-Z0-9]*)?$'. [ParameterName]
[ant:checkstyle] [WARN] /app/src/main/java/com/mgz/pdf/CoordinateTransformer.java:94:43: Parameter name 'bPos' must match pattern '^[a-z]([a-z0-9][a-zA-Z0-9]*)?$'. [ParameterName]
[ant:checkstyle] [WARN] /app/src/main/java/com/mgz/pdf/CoordinateTransformer.java:94:64: Parameter name 'iOri' must match pattern '^[a-z]([a-z0-9][a-zA-Z0-9]*)?$'. [ParameterName]
[ant:checkstyle] [WARN] /app/src/main/java/com/mgz/pdf/CoordinateTransformer.java:94:85: Parameter name 'bOri' must match pattern '^[a-z]([a-z0-9][a-zA-Z0-9]*)?$'. [ParameterName]
[ant:checkstyle] [WARN] /app/src/main/java/com/mgz/pdf/CoordinateTransformer.java:95:12: Local variable name 'iRad' must match pattern '^(_|[a-z]([a-z0-9][a-zA-Z0-9]*)?)$'. [LocalVariableName]
[ant:checkstyle] [WARN] /app/src/main/java/com/mgz/pdf/CoordinateTransformer.java:96:12: Local variable name 'bRad' must match pattern '^(_|[a-z]([a-z0-9][a-zA-Z0-9]*)?)$'. [LocalVariableName]
[ant:checkstyle] [WARN] /app/src/main/java/com/mgz/pdf/PdfImageRenderer.java:24:1: Wrong lexicographical order for 'com.itextpdf.io.image.ImageDataFactory' import. Should be before 'com.itextpdf.kernel.pdf.xobject.PdfImageXObject'. [CustomImportOrder]
[ant:checkstyle] [WARN] /app/src/main/java/com/mgz/pdf/PdfImageRenderer.java:25:1: Wrong lexicographical order for 'com.itextpdf.io.image.RawImageHelper' import. Should be before 'com.itextpdf.kernel.pdf.xobject.PdfImageXObject'. [CustomImportOrder]
[ant:checkstyle] [WARN] /app/src/main/java/com/mgz/pdf/PdfImageRenderer.java:27:1: Wrong lexicographical order for 'com.mgz.afp.ioca.IDD_ImageDataDescriptor' import. Should be before 'com.mgz.util.LzwDecoder'. [CustomImportOrder]
[ant:checkstyle] [WARN] /app/src/main/java/com/mgz/pdf/PdfImageRenderer.java:28:1: Wrong lexicographical order for 'com.mgz.afp.ioca.IDD_SelfDefiningField' import. Should be before 'com.mgz.util.LzwDecoder'. [CustomImportOrder]
[ant:checkstyle] [WARN] /app/src/main/java/com/mgz/pdf/PdfImageRenderer.java:29:1: Wrong lexicographical order for 'com.mgz.afp.ioca.IPD_ImagePictureData' import. Should be before 'com.mgz.util.LzwDecoder'. [CustomImportOrder]
[ant:checkstyle] [WARN] /app/src/main/java/com/mgz/pdf/PdfImageRenderer.java:30:1: Wrong lexicographical order for 'com.mgz.afp.ioca.IPD_Segment' import. Should be before 'com.mgz.util.LzwDecoder'. [CustomImportOrder]
[ant:checkstyle] [WARN] /app/src/main/java/com/mgz/pdf/PdfImageRenderer.java:31:1: Wrong lexicographical order for 'com.mgz.afp.ioca.IPD_Segment.BeginTile' import. Should be before 'com.mgz.util.LzwDecoder'. [CustomImportOrder]
[ant:checkstyle] [WARN] /app/src/main/java/com/mgz/pdf/PdfImageRenderer.java:32:1: Wrong lexicographical order for 'com.mgz.afp.ioca.IPD_Segment.EndTile' import. Should be before 'com.mgz.util.LzwDecoder'. [CustomImportOrder]
[ant:checkstyle] [WARN] /app/src/main/java/com/mgz/pdf/PdfImageRenderer.java:33:1: Wrong lexicographical order for 'com.mgz.afp.ioca.IPD_Segment.ImageData' import. Should be before 'com.mgz.util.LzwDecoder'. [CustomImportOrder]
[ant:checkstyle] [WARN] /app/src/main/java/com/mgz/pdf/PdfImageRenderer.java:34:1: Wrong lexicographical order for 'com.mgz.afp.ioca.IPD_Segment.ImageEncoding' import. Should be before 'com.mgz.util.LzwDecoder'. [CustomImportOrder]
[ant:checkstyle] [WARN] /app/src/main/java/com/mgz/pdf/PdfImageRenderer.java:35:1: Wrong lexicographical order for 'com.mgz.afp.ioca.IPD_Segment.IPD_CompressionAlgorithm' import. Should be before 'com.mgz.util.LzwDecoder'. [CustomImportOrder]
[ant:checkstyle] [WARN] /app/src/main/java/com/mgz/pdf/PdfImageRenderer.java:36:1: Wrong lexicographical order for 'com.mgz.afp.ioca.IPD_Segment.TilePosition' import. Should be before 'com.mgz.util.LzwDecoder'. [CustomImportOrder]
[ant:checkstyle] [WARN] /app/src/main/java/com/mgz/pdf/PdfImageRenderer.java:37:1: Wrong lexicographical order for 'com.mgz.afp.ioca.IPD_Segment.TileSize' import. Should be before 'com.mgz.util.LzwDecoder'. [CustomImportOrder]
[ant:checkstyle] [WARN] /app/src/main/java/com/mgz/pdf/PdfImageRenderer.java:57: Line is longer than 100 characters (found 109). [LineLength]
[ant:checkstyle] [WARN] /app/src/main/java/com/mgz/pdf/PdfImageRenderer.java:72:7: 'if' construct must use '{}'s. [NeedBraces]
[ant:checkstyle] [WARN] /app/src/main/java/com/mgz/pdf/PdfImageRenderer.java:82: Line is longer than 100 characters (found 116). [LineLength]
[ant:checkstyle] [WARN] /app/src/main/java/com/mgz/pdf/PdfImageRenderer.java:125: Line is longer than 100 characters (found 114). [LineLength]
[ant:checkstyle] [WARN] /app/src/main/java/com/mgz/pdf/PdfImageRenderer.java:125:23: Abbreviation in name 'imageXObject' must contain no more than '1' consecutive capital letters. [AbbreviationAsWordInName]
[ant:checkstyle] [WARN] /app/src/main/java/com/mgz/pdf/PdfImageRenderer.java:127: Line is longer than 100 characters (found 106). [LineLength]
[ant:checkstyle] [WARN] /app/src/main/java/com/mgz/pdf/PdfImageRenderer.java:134: Line is longer than 100 characters (found 115). [LineLength]
[ant:checkstyle] [WARN] /app/src/main/java/com/mgz/pdf/PdfImageRenderer.java:150:5: Each variable declaration must be in its own statement. [MultipleVariableDeclarations]
[ant:checkstyle] [WARN] /app/src/main/java/com/mgz/pdf/PdfImageRenderer.java:170:50: '}' at column 50 should be alone on a line. [RightCurlyAlone]
[ant:checkstyle] [WARN] /app/src/main/java/com/mgz/pdf/PdfImageRenderer.java:175: Line is longer than 100 characters (found 130). [LineLength]
[ant:checkstyle] [WARN] /app/src/main/java/com/mgz/pdf/PdfImageRenderer.java:175:33: Abbreviation in name 'tileXObject' must contain no more than '1' consecutive capital letters. [AbbreviationAsWordInName]
[ant:checkstyle] [WARN] /app/src/main/java/com/mgz/pdf/PdfImageRenderer.java:177: Line is longer than 100 characters (found 129). [LineLength]
[ant:checkstyle] [WARN] /app/src/main/java/com/mgz/pdf/PdfImageRenderer.java:190: Line is longer than 100 characters (found 211). [LineLength]
[ant:checkstyle] [WARN] /app/src/main/java/com/mgz/pdf/PdfImageRenderer.java:190:34: Abbreviation in name 'getOrCreateImageXObject' must contain no more than '1' consecutive capital letters. [AbbreviationAsWordInName]
[ant:checkstyle] [WARN] /app/src/main/java/com/mgz/pdf/PdfImageRenderer.java:192:21: Abbreviation in name 'imageXObject' must contain no more than '1' consecutive capital letters. [AbbreviationAsWordInName]
[ant:checkstyle] [WARN] /app/src/main/java/com/mgz/pdf/PdfImageRenderer.java:212: Line is longer than 100 characters (found 133). [LineLength]
[ant:checkstyle] [WARN] /app/src/main/java/com/mgz/pdf/PdfImageRenderer.java:243: Line is longer than 100 characters (found 116). [LineLength]
[ant:checkstyle] [WARN] /app/src/main/java/com/mgz/pdf/PdfImageRenderer.java:313: Line is longer than 100 characters (found 120). [LineLength]
[ant:checkstyle] [WARN] /app/src/main/java/com/mgz/pdf/PdfImageRenderer.java:313:51: Abbreviation in name 'imageXObject' must contain no more than '1' consecutive capital letters. [AbbreviationAsWordInName]
[ant:checkstyle] [WARN] /app/src/main/java/com/mgz/pdf/PdfBarcodeState.java:36:17: Abbreviation in name 'fontLocalIDForHRI' must contain no more than '1' consecutive capital letters. [AbbreviationAsWordInName]
[ant:checkstyle] [WARN] /app/src/main/java/com/mgz/pdf/PdfBarcodeState.java:48:15: Non-constant field name 'xOrigin' must start lowercase, be at least 2 chars, avoid single lowercase letter followed by uppercase, contain only letters, digits or underscores, with underscores allowed only between adjacent digits. [GoogleNonConstantFieldName]
[ant:checkstyle] [WARN] /app/src/main/java/com/mgz/pdf/PdfBarcodeState.java:49:15: Non-constant field name 'yOrigin' must start lowercase, be at least 2 chars, avoid single lowercase letter followed by uppercase, contain only letters, digits or underscores, with underscores allowed only between adjacent digits. [GoogleNonConstantFieldName]
[ant:checkstyle] [WARN] /app/src/main/java/com/mgz/pdf/PdfBarcodeState.java:89:16: Abbreviation in name 'getFontLocalIDForHRI' must contain no more than '1' consecutive capital letters. [AbbreviationAsWordInName]
[ant:checkstyle] [WARN] /app/src/main/java/com/mgz/pdf/PdfBarcodeState.java:93:15: Abbreviation in name 'setFontLocalIDForHRI' must contain no more than '1' consecutive capital letters. [AbbreviationAsWordInName]
[ant:checkstyle] [WARN] /app/src/main/java/com/mgz/pdf/PdfBarcodeState.java:93:42: Abbreviation in name 'fontLocalIDForHRI' must contain no more than '1' consecutive capital letters. [AbbreviationAsWordInName]
[ant:checkstyle] [WARN] /app/src/main/java/com/mgz/pdf/PdfBarcodeState.java:173:3: Missing a Javadoc comment. [MissingJavadocMethod]
[ant:checkstyle] [WARN] /app/src/main/java/com/mgz/pdf/PdfBarcodeState.java:185:3: Missing a Javadoc comment. [MissingJavadocMethod]
[ant:checkstyle] [WARN] /app/src/main/java/com/mgz/pdf/PdfBarcodeState.java:189:3: Missing a Javadoc comment. [MissingJavadocMethod]
[ant:checkstyle] [WARN] /app/src/main/java/com/mgz/pdf/PdfBarcodeState.java:189:30: Parameter name 'xOrigin' must match pattern '^[a-z]([a-z0-9][a-zA-Z0-9]*)?$'. [ParameterName]
[ant:checkstyle] [WARN] /app/src/main/java/com/mgz/pdf/PdfBarcodeState.java:193:3: Missing a Javadoc comment. [MissingJavadocMethod]
[ant:checkstyle] [WARN] /app/src/main/java/com/mgz/pdf/PdfBarcodeState.java:197:3: Missing a Javadoc comment. [MissingJavadocMethod]
[ant:checkstyle] [WARN] /app/src/main/java/com/mgz/pdf/PdfBarcodeState.java:197:30: Parameter name 'yOrigin' must match pattern '^[a-z]([a-z0-9][a-zA-Z0-9]*)?$'. [ParameterName]
[ant:checkstyle] [WARN] /app/src/main/java/com/mgz/pdf/PdfGraphicsState.java:39:6: First sentence of Javadoc is missing an ending period. [SummaryJavadoc]
[ant:checkstyle] [WARN] /app/src/main/java/com/mgz/pdf/PdfHandlerFactory.java:62: Line is longer than 100 characters (found 103). [LineLength]
[ant:checkstyle] [WARN] /app/src/main/java/com/mgz/pdf/PdfBarcodeRenderer.java:92: Line is longer than 100 characters (found 105). [LineLength]
[ant:checkstyle] [WARN] /app/src/main/java/com/mgz/pdf/PdfBarcodeRenderer.java:93: Line is longer than 100 characters (found 105). [LineLength]
[ant:checkstyle] [WARN] /app/src/main/java/com/mgz/pdf/PdfBarcodeRenderer.java:94: Line is longer than 100 characters (found 105). [LineLength]
[ant:checkstyle] [WARN] /app/src/main/java/com/mgz/pdf/PdfBarcodeRenderer.java:95: Line is longer than 100 characters (found 105). [LineLength]
[ant:checkstyle] [WARN] /app/src/main/java/com/mgz/pdf/PdfBarcodeRenderer.java:96: Line is longer than 100 characters (found 105). [LineLength]
[ant:checkstyle] [WARN] /app/src/main/java/com/mgz/pdf/PdfBarcodeRenderer.java:97: Line is longer than 100 characters (found 105). [LineLength]
[ant:checkstyle] [WARN] /app/src/main/java/com/mgz/pdf/PdfBarcodeRenderer.java:98: Line is longer than 100 characters (found 105). [LineLength]
[ant:checkstyle] [WARN] /app/src/main/java/com/mgz/pdf/PdfBarcodeRenderer.java:99: Line is longer than 100 characters (found 105). [LineLength]
[ant:checkstyle] [WARN] /app/src/main/java/com/mgz/pdf/PdfBarcodeRenderer.java:100: Line is longer than 100 characters (found 105). [LineLength]
[ant:checkstyle] [WARN] /app/src/main/java/com/mgz/pdf/PdfBarcodeRenderer.java:101: Line is longer than 100 characters (found 105). [LineLength]
[ant:checkstyle] [WARN] /app/src/main/java/com/mgz/pdf/PdfBarcodeRenderer.java:228:9: Local variable name 'xOffset' must match pattern '^(_|[a-z]([a-z0-9][a-zA-Z0-9]*)?)$'. [LocalVariableName]
[ant:checkstyle] [WARN] /app/src/main/java/com/mgz/pdf/PdfBarcodeRenderer.java:229:9: Local variable name 'yOffset' must match pattern '^(_|[a-z]([a-z0-9][a-zA-Z0-9]*)?)$'. [LocalVariableName]
[ant:checkstyle] [WARN] /app/src/main/java/com/mgz/pdf/PdfBarcodeRenderer.java:336: Line is longer than 100 characters (found 105). [LineLength]
[ant:checkstyle] [WARN] /app/src/main/java/com/mgz/pdf/PdfBarcodeRenderer.java:379: Line is longer than 100 characters (found 108). [LineLength]
[ant:checkstyle] [WARN] /app/src/main/java/com/mgz/pdf/PdfBarcodeRenderer.java:389:9: Local variable name 'cSum' must match pattern '^(_|[a-z]([a-z0-9][a-zA-Z0-9]*)?)$'. [LocalVariableName]
[ant:checkstyle] [WARN] /app/src/main/java/com/mgz/pdf/PdfBarcodeRenderer.java:398:9: Local variable name 'cVal' must match pattern '^(_|[a-z]([a-z0-9][a-zA-Z0-9]*)?)$'. [LocalVariableName]
[ant:checkstyle] [WARN] /app/src/main/java/com/mgz/pdf/PdfBarcodeRenderer.java:402:9: Local variable name 'kSum' must match pattern '^(_|[a-z]([a-z0-9][a-zA-Z0-9]*)?)$'. [LocalVariableName]
[ant:checkstyle] [WARN] /app/src/main/java/com/mgz/pdf/PdfBarcodeRenderer.java:411:9: Local variable name 'kVal' must match pattern '^(_|[a-z]([a-z0-9][a-zA-Z0-9]*)?)$'. [LocalVariableName]
[ant:checkstyle] [WARN] /app/src/main/java/com/mgz/pdf/PdfBarcodeRenderer.java:449: Line is longer than 100 characters (found 108). [LineLength]
[ant:checkstyle] [WARN] /app/src/main/java/com/mgz/pdf/PdfBarcodeRenderer.java:506: Line is longer than 100 characters (found 109). [LineLength]
[ant:checkstyle] [WARN] /app/src/main/java/com/mgz/pdf/PdfBarcodeRenderer.java:551: Line is longer than 100 characters (found 106). [LineLength]
[ant:checkstyle] [WARN] /app/src/main/java/com/mgz/pdf/PdfBarcodeRenderer.java:571:5: Distance between variable 'checkDigit' declaration and its first usage is 6, but allowed 3.  Consider making that variable final if you still need to store its value in advance (before method calls that might have side effects on the original value). [VariableDeclarationUsageDistance]
[ant:checkstyle] [WARN] /app/src/main/java/com/mgz/pdf/PdfBarcodeRenderer.java:595: Line is longer than 100 characters (found 114). [LineLength]
[ant:checkstyle] [WARN] /app/src/main/java/com/mgz/pdf/PdfBarcodeRenderer.java:611: Line is longer than 100 characters (found 112). [LineLength]
[ant:checkstyle] [WARN] /app/src/main/java/com/mgz/pdf/PdfBarcodeRenderer.java:667: Line is longer than 100 characters (found 106). [LineLength]
[ant:checkstyle] [WARN] /app/src/main/java/com/mgz/pdf/PdfBarcodeRenderer.java:725: Line is longer than 100 characters (found 125). [LineLength]
[ant:checkstyle] [WARN] /app/src/main/java/com/mgz/pdf/PdfBarcodeRenderer.java:733: Line is longer than 100 characters (found 106). [LineLength]
[ant:checkstyle] [WARN] /app/src/main/java/com/mgz/pdf/PdfBarcodeRenderer.java:831: Line is longer than 100 characters (found 118). [LineLength]
[ant:checkstyle] [WARN] /app/src/main/java/com/mgz/pdf/PdfBarcodeRenderer.java:846: Line is longer than 100 characters (found 107). [LineLength]
[ant:checkstyle] [WARN] /app/src/main/java/com/mgz/pdf/PdfBarcodeRenderer.java:882: Line is longer than 100 characters (found 126). [LineLength]
[ant:checkstyle] [WARN] /app/src/main/java/com/mgz/pdf/PdfBarcodeRenderer.java:906: Line is longer than 100 characters (found 117). [LineLength]
[ant:checkstyle] [WARN] /app/src/main/java/com/mgz/pdf/PdfBarcodeRenderer.java:964: Line is longer than 100 characters (found 116). [LineLength]
[ant:checkstyle] [WARN] /app/src/main/java/com/mgz/pdf/PdfBarcodeRenderer.java:1013: Line is longer than 100 characters (found 112). [LineLength]
[ant:checkstyle] [WARN] /app/src/main/java/com/mgz/pdf/PdfBarcodeRenderer.java:1070: Line is longer than 100 characters (found 109). [LineLength]
[ant:checkstyle] [WARN] /app/src/main/java/com/mgz/pdf/PdfBarcodeRenderer.java:1110:11: 'if' construct must use '{}'s. [NeedBraces]
[ant:checkstyle] [WARN] /app/src/main/java/com/mgz/pdf/PdfBarcodeRenderer.java:1111:16: 'if' construct must use '{}'s. [NeedBraces]
[ant:checkstyle] [WARN] /app/src/main/java/com/mgz/pdf/PdfBarcodeRenderer.java:1112:11: 'else' construct must use '{}'s. [NeedBraces]
[ant:checkstyle] [WARN] /app/src/main/java/com/mgz/pdf/PdfBarcodeRenderer.java:1119:11: 'if' construct must use '{}'s. [NeedBraces]
[ant:checkstyle] [WARN] /app/src/main/java/com/mgz/pdf/PdfBarcodeRenderer.java:1150: Line is longer than 100 characters (found 126). [LineLength]
[ant:checkstyle] [WARN] /app/src/main/java/com/mgz/pdf/PdfBarcodeRenderer.java:1162: Line is longer than 100 characters (found 115). [LineLength]
[ant:checkstyle] [WARN] /app/src/main/java/com/mgz/pdf/PdfBarcodeRenderer.java:1168:5: Distance between variable 'isPlanet' declaration and its first usage is 4, but allowed 3.  Consider making that variable final if you still need to store its value in advance (before method calls that might have side effects on the original value). [VariableDeclarationUsageDistance]
[ant:checkstyle] [WARN] /app/src/main/java/com/mgz/pdf/PdfBarcodeRenderer.java:1175:5: Distance between variable 'shortHeight' declaration and its first usage is 4, but allowed 3.  Consider making that variable final if you still need to store its value in advance (before method calls that might have side effects on the original value). [VariableDeclarationUsageDistance]
[ant:checkstyle] [WARN] /app/src/main/java/com/mgz/pdf/PdfBarcodeRenderer.java:1189: Line is longer than 100 characters (found 107). [LineLength]
[ant:checkstyle] [WARN] /app/src/main/java/com/mgz/pdf/PdfBarcodeRenderer.java:1194: Line is longer than 100 characters (found 114). [LineLength]
[ant:checkstyle] [WARN] /app/src/main/java/com/mgz/pdf/PdfBarcodeRenderer.java:1223: Line is longer than 100 characters (found 113). [LineLength]
[ant:checkstyle] [WARN] /app/src/main/java/com/mgz/pdf/PdfBarcodeRenderer.java:1243:9: 'if' construct must use '{}'s. [NeedBraces]
[ant:checkstyle] [WARN] /app/src/main/java/com/mgz/pdf/PdfBarcodeRenderer.java:1248:7: 'if' construct must use '{}'s. [NeedBraces]
[ant:checkstyle] [WARN] /app/src/main/java/com/mgz/pdf/PdfBarcodeRenderer.java:1266:11: 'if' construct must use '{}'s. [NeedBraces]
[ant:checkstyle] [WARN] /app/src/main/java/com/mgz/pdf/PdfBarcodeRenderer.java:1269:11: 'if' construct must use '{}'s. [NeedBraces]
[ant:checkstyle] [WARN] /app/src/main/java/com/mgz/pdf/PdfBarcodeRenderer.java:1272:11: 'if' construct must use '{}'s. [NeedBraces]
[ant:checkstyle] [WARN] /app/src/main/java/com/mgz/pdf/PdfBarcodeRenderer.java:1284:7: 'for' construct must use '{}'s. [NeedBraces]
[ant:checkstyle] [WARN] /app/src/main/java/com/mgz/pdf/PdfBarcodeRenderer.java:1300:83: Only one statement per line allowed. [OneStatementPerLine]
[ant:checkstyle] [WARN] /app/src/main/java/com/mgz/pdf/PdfBarcodeRenderer.java:1301:83: Only one statement per line allowed. [OneStatementPerLine]
[ant:checkstyle] [WARN] /app/src/main/java/com/mgz/pdf/PdfBarcodeRenderer.java:1304:7: 'if' construct must use '{}'s. [NeedBraces]
[ant:checkstyle] [WARN] /app/src/main/java/com/mgz/pdf/PdfBarcodeRenderer.java:1313:83: Only one statement per line allowed. [OneStatementPerLine]
[ant:checkstyle] [WARN] /app/src/main/java/com/mgz/pdf/PdfBarcodeRenderer.java:1314:83: Only one statement per line allowed. [OneStatementPerLine]
[ant:checkstyle] [WARN] /app/src/main/java/com/mgz/pdf/PdfBarcodeRenderer.java:1320: Line is longer than 100 characters (found 138). [LineLength]
[ant:checkstyle] [WARN] /app/src/main/java/com/mgz/pdf/PdfBarcodeRenderer.java:1325:5: switch without "default" clause. [MissingSwitchDefault]
[ant:checkstyle] [WARN] /app/src/main/java/com/mgz/pdf/PdfBarcodeRenderer.java:1341: Line is longer than 100 characters (found 119). [LineLength]
[ant:checkstyle] [WARN] /app/src/main/java/com/mgz/pdf/PdfBarcodeRenderer.java:1345: Line is longer than 100 characters (found 124). [LineLength]
[ant:checkstyle] [WARN] /app/src/main/java/com/mgz/pdf/PdfBarcodeRenderer.java:1383: Line is longer than 100 characters (found 111). [LineLength]
[ant:checkstyle] [WARN] /app/src/main/java/com/mgz/pdf/PdfBarcodeRenderer.java:1387: Line is longer than 100 characters (found 108). [LineLength]
[ant:checkstyle] [WARN] /app/src/main/java/com/mgz/pdf/PdfBarcodeRenderer.java:1391:17: Unicode escape(s) usage should be avoided. [AvoidEscapedUnicodeCharacters]
[ant:checkstyle] [WARN] /app/src/main/java/com/mgz/pdf/PdfBarcodeRenderer.java:1396:20: Local variable name 'xObject' must match pattern '^(_|[a-z]([a-z0-9][a-zA-Z0-9]*)?)$'. [LocalVariableName]
[ant:checkstyle] [WARN] /app/src/main/java/com/mgz/pdf/PdfBarcodeRenderer.java:1407:5: Distance between variable 'width' declaration and its first usage is 5, but allowed 3.  Consider making that variable final if you still need to store its value in advance (before method calls that might have side effects on the original value). [VariableDeclarationUsageDistance]
[ant:checkstyle] [WARN] /app/src/main/java/com/mgz/pdf/PdfBarcodeRenderer.java:1420: Line is longer than 100 characters (found 112). [LineLength]
[ant:checkstyle] [WARN] /app/src/main/java/com/mgz/pdf/PdfBarcodeRenderer.java:1423:17: Unicode escape(s) usage should be avoided. [AvoidEscapedUnicodeCharacters]
[ant:checkstyle] [WARN] /app/src/main/java/com/mgz/pdf/PdfBarcodeRenderer.java:1426:20: Local variable name 'xObject' must match pattern '^(_|[a-z]([a-z0-9][a-zA-Z0-9]*)?)$'. [LocalVariableName]
[ant:checkstyle] [WARN] /app/src/main/java/com/mgz/pdf/PdfBarcodeRenderer.java:1433:5: Distance between variable 'width' declaration and its first usage is 5, but allowed 3.  Consider making that variable final if you still need to store its value in advance (before method calls that might have side effects on the original value). [VariableDeclarationUsageDistance]
[ant:checkstyle] [WARN] /app/src/main/java/com/mgz/pdf/PdfBarcodeRenderer.java:1443: Line is longer than 100 characters (found 108). [LineLength]
[ant:checkstyle] [WARN] /app/src/main/java/com/mgz/pdf/PdfBarcodeRenderer.java:1446:20: Local variable name 'xObject' must match pattern '^(_|[a-z]([a-z0-9][a-zA-Z0-9]*)?)$'. [LocalVariableName]
[ant:checkstyle] [WARN] /app/src/main/java/com/mgz/pdf/PdfBarcodeRenderer.java:1453:5: Distance between variable 'width' declaration and its first usage is 5, but allowed 3.  Consider making that variable final if you still need to store its value in advance (before method calls that might have side effects on the original value). [VariableDeclarationUsageDistance]
[ant:checkstyle] [WARN] /app/src/main/java/com/mgz/pdf/PdfBarcodeRenderer.java:1463: Line is longer than 100 characters (found 115). [LineLength]
[ant:checkstyle] [WARN] /app/src/main/java/com/mgz/pdf/PdfBarcodeRenderer.java:1471: Line is longer than 100 characters (found 110). [LineLength]
[ant:checkstyle] [WARN] /app/src/main/java/com/mgz/pdf/PdfBarcodeRenderer.java:1472: Line is longer than 100 characters (found 114). [LineLength]
[ant:checkstyle] [WARN] /app/src/main/java/com/mgz/pdf/PdfBarcodeRenderer.java:1478:5: Distance between variable 'barStates' declaration and its first usage is 4, but allowed 3.  Consider making that variable final if you still need to store its value in advance (before method calls that might have side effects on the original value). [VariableDeclarationUsageDistance]
[ant:checkstyle] [WARN] /app/src/main/java/com/mgz/pdf/PdfBarcodeRenderer.java:1492: Line is longer than 100 characters (found 114). [LineLength]
[ant:checkstyle] [WARN] /app/src/main/java/com/mgz/pdf/PdfBarcodeRenderer.java:1510: Line is longer than 100 characters (found 115). [LineLength]
[ant:checkstyle] [WARN] /app/src/main/java/com/mgz/pdf/PdfBarcodeRenderer.java:1520: Line is longer than 100 characters (found 108). [LineLength]
[ant:checkstyle] [WARN] /app/src/main/java/com/mgz/pdf/PdfBarcodeRenderer.java:1520:24: Abbreviation in name 'renderRM4SCC' must contain no more than '1' consecutive capital letters. [AbbreviationAsWordInName]
[ant:checkstyle] [WARN] /app/src/main/java/com/mgz/pdf/PdfBarcodeRenderer.java:1543:7: 'if' construct must use '{}'s. [NeedBraces]
[ant:checkstyle] [WARN] /app/src/main/java/com/mgz/pdf/PdfBarcodeRenderer.java:1552: Line is longer than 100 characters (found 114). [LineLength]
[ant:checkstyle] [WARN] /app/src/main/java/com/mgz/pdf/PdfBarcodeRenderer.java:1561: Line is longer than 100 characters (found 165). [LineLength]
[ant:checkstyle] [WARN] /app/src/main/java/com/mgz/pdf/PdfBarcodeRenderer.java:1561:24: Abbreviation in name 'renderRM4SCCChar' must contain no more than '1' consecutive capital letters. [AbbreviationAsWordInName]
[ant:checkstyle] [WARN] /app/src/main/java/com/mgz/pdf/PdfBarcodeRenderer.java:1568:7: 'if' construct must use '{}'s. [NeedBraces]
[ant:checkstyle] [WARN] /app/src/main/java/com/mgz/pdf/PdfBarcodeRenderer.java:1569:12: 'if' construct must use '{}'s. [NeedBraces]
[ant:checkstyle] [WARN] /app/src/main/java/com/mgz/pdf/PdfBarcodeRenderer.java:1570:12: 'if' construct must use '{}'s. [NeedBraces]
[ant:checkstyle] [WARN] /app/src/main/java/com/mgz/pdf/PdfBarcodeRenderer.java:1571:7: 'else' construct must use '{}'s. [NeedBraces]
[ant:checkstyle] [WARN] /app/src/main/java/com/mgz/pdf/PdfBarcodeRenderer.java:1578: Line is longer than 100 characters (found 152). [LineLength]
[ant:checkstyle] [WARN] /app/src/main/java/com/mgz/pdf/PdfBarcodeRenderer.java:1578:23: Abbreviation in name 'renderHRI' must contain no more than '1' consecutive capital letters. [AbbreviationAsWordInName]
[ant:checkstyle] [WARN] /app/src/main/java/com/mgz/pdf/PdfTextState.java:40:26: Non-constant field name 'iOrientation' must start lowercase, be at least 2 chars, avoid single lowercase letter followed by uppercase, contain only letters, digits or underscores, with underscores allowed only between adjacent digits. [GoogleNonConstantFieldName]
[ant:checkstyle] [WARN] /app/src/main/java/com/mgz/pdf/PdfTextState.java:41:26: Non-constant field name 'bOrientation' must start lowercase, be at least 2 chars, avoid single lowercase letter followed by uppercase, contain only letters, digits or underscores, with underscores allowed only between adjacent digits. [GoogleNonConstantFieldName]
[ant:checkstyle] [WARN] /app/src/main/java/com/mgz/pdf/PdfTextState.java:53:28: Abbreviation in name 'activeSuppressionIDs' must contain no more than '1' consecutive capital letters. [AbbreviationAsWordInName]
[ant:checkstyle] [WARN] /app/src/main/java/com/mgz/pdf/PdfTextState.java:92:3: Missing a Javadoc comment. [MissingJavadocMethod]
[ant:checkstyle] [WARN] /app/src/main/java/com/mgz/pdf/PdfTextState.java:109:3: Missing a Javadoc comment. [MissingJavadocMethod]
[ant:checkstyle] [WARN] /app/src/main/java/com/mgz/pdf/PdfTextState.java:118:3: Missing a Javadoc comment. [MissingJavadocMethod]
[ant:checkstyle] [WARN] /app/src/main/java/com/mgz/pdf/PdfTextState.java:123:25: Abbreviation in name 'getIOrientation' must contain no more than '1' consecutive capital letters. [AbbreviationAsWordInName]
[ant:checkstyle] [WARN] /app/src/main/java/com/mgz/pdf/PdfTextState.java:127:15: Abbreviation in name 'setIOrientation' must contain no more than '1' consecutive capital letters. [AbbreviationAsWordInName]
[ant:checkstyle] [WARN] /app/src/main/java/com/mgz/pdf/PdfTextState.java:127:46: Parameter name 'iOrientation' must match pattern '^[a-z]([a-z0-9][a-zA-Z0-9]*)?$'. [ParameterName]
[ant:checkstyle] [WARN] /app/src/main/java/com/mgz/pdf/PdfTextState.java:131:25: Abbreviation in name 'getBOrientation' must contain no more than '1' consecutive capital letters. [AbbreviationAsWordInName]
[ant:checkstyle] [WARN] /app/src/main/java/com/mgz/pdf/PdfTextState.java:135:15: Abbreviation in name 'setBOrientation' must contain no more than '1' consecutive capital letters. [AbbreviationAsWordInName]
[ant:checkstyle] [WARN] /app/src/main/java/com/mgz/pdf/PdfTextState.java:135:46: Parameter name 'bOrientation' must match pattern '^[a-z]([a-z0-9][a-zA-Z0-9]*)?$'. [ParameterName]
[ant:checkstyle] [WARN] /app/src/main/java/com/mgz/pdf/PdfTextState.java:203:3: Missing a Javadoc comment. [MissingJavadocMethod]
[ant:checkstyle] [WARN] /app/src/main/java/com/mgz/pdf/PdfTextState.java:203:38: Abbreviation in name 'suppressionID' must contain no more than '1' consecutive capital letters. [AbbreviationAsWordInName]
[ant:checkstyle] [WARN] /app/src/main/java/com/mgz/pdf/PdfTextState.java:207:3: Missing a Javadoc comment. [MissingJavadocMethod]
[ant:checkstyle] [WARN] /app/src/main/java/com/mgz/pdf/PdfTextState.java:207:36: Abbreviation in name 'suppressionID' must contain no more than '1' consecutive capital letters. [AbbreviationAsWordInName]
[ant:checkstyle] [WARN] /app/src/main/java/com/mgz/pdf/PdfTextState.java:215:21: Abbreviation in name 'getActiveSuppressionIDs' must contain no more than '1' consecutive capital letters. [AbbreviationAsWordInName]
[ant:checkstyle] [WARN] /app/src/main/java/com/mgz/pdf/VeraPdfReportParser.java:26:1: Extra separation in import group before 'javax.xml.parsers.DocumentBuilder' [CustomImportOrder]
[ant:checkstyle] [WARN] /app/src/main/java/com/mgz/pdf/VeraPdfReportParser.java:26:1: Wrong lexicographical order for 'javax.xml.parsers.DocumentBuilder' import. Should be before 'org.w3c.dom.NodeList'. [CustomImportOrder]
[ant:checkstyle] [WARN] /app/src/main/java/com/mgz/pdf/VeraPdfReportParser.java:27:1: Wrong lexicographical order for 'javax.xml.parsers.DocumentBuilderFactory' import. Should be before 'org.w3c.dom.NodeList'. [CustomImportOrder]
[ant:checkstyle] [WARN] /app/src/main/java/com/mgz/pdf/VeraPdfReportParser.java:28:1: Wrong lexicographical order for 'java.io.InputStream' import. Should be before 'org.w3c.dom.NodeList'. [CustomImportOrder]
[ant:checkstyle] [WARN] /app/src/main/java/com/mgz/pdf/VeraPdfReportParser.java:29:1: Wrong lexicographical order for 'java.util.ArrayList' import. Should be before 'org.w3c.dom.NodeList'. [CustomImportOrder]
[ant:checkstyle] [WARN] /app/src/main/java/com/mgz/pdf/VeraPdfReportParser.java:30:1: Wrong lexicographical order for 'java.util.List' import. Should be before 'org.w3c.dom.NodeList'. [CustomImportOrder]
[ant:checkstyle] [WARN] /app/src/main/java/com/mgz/pdf/VeraPdfReportParser.java:40: Line is longer than 100 characters (found 103). [LineLength]
[ant:checkstyle] [WARN] /app/src/main/java/com/mgz/pdf/VeraPdfReportParser.java:40:5: 'record def modifier' has incorrect indentation level 4, expected level should be 2. [Indentation]
[ant:checkstyle] [WARN] /app/src/main/java/com/mgz/pdf/VeraPdfReportParser.java:41:5: 'record def rcurly' has incorrect indentation level 4, expected level should be 2. [Indentation]
[ant:checkstyle] [WARN] /app/src/main/java/com/mgz/pdf/VeraPdfReportParser.java:50:5: 'method def modifier' has incorrect indentation level 4, expected level should be 2. [Indentation]
[ant:checkstyle] [WARN] /app/src/main/java/com/mgz/pdf/VeraPdfReportParser.java:51:9: 'method def' child has incorrect indentation level 8, expected level should be 4. [Indentation]
[ant:checkstyle] [WARN] /app/src/main/java/com/mgz/pdf/VeraPdfReportParser.java:52:9: 'method def' child has incorrect indentation level 8, expected level should be 4. [Indentation]
[ant:checkstyle] [WARN] /app/src/main/java/com/mgz/pdf/VeraPdfReportParser.java:53:9: 'method def' child has incorrect indentation level 8, expected level should be 4. [Indentation]
[ant:checkstyle] [WARN] /app/src/main/java/com/mgz/pdf/VeraPdfReportParser.java:54:9: 'method def' child has incorrect indentation level 8, expected level should be 4. [Indentation]
[ant:checkstyle] [WARN] /app/src/main/java/com/mgz/pdf/VeraPdfReportParser.java:55:9: 'method def' child has incorrect indentation level 8, expected level should be 4. [Indentation]
[ant:checkstyle] [WARN] /app/src/main/java/com/mgz/pdf/VeraPdfReportParser.java:57:9: 'method def' child has incorrect indentation level 8, expected level should be 4. [Indentation]
[ant:checkstyle] [WARN] /app/src/main/java/com/mgz/pdf/VeraPdfReportParser.java:58:9: 'method def' child has incorrect indentation level 8, expected level should be 4. [Indentation]
[ant:checkstyle] [WARN] /app/src/main/java/com/mgz/pdf/VeraPdfReportParser.java:60:9: 'method def' child has incorrect indentation level 8, expected level should be 4. [Indentation]
[ant:checkstyle] [WARN] /app/src/main/java/com/mgz/pdf/VeraPdfReportParser.java:61:9: 'method def' child has incorrect indentation level 8, expected level should be 4. [Indentation]
[ant:checkstyle] [WARN] /app/src/main/java/com/mgz/pdf/VeraPdfReportParser.java:62:9: 'method def' child has incorrect indentation level 8, expected level should be 4. [Indentation]
[ant:checkstyle] [WARN] /app/src/main/java/com/mgz/pdf/VeraPdfReportParser.java:67:9: 'method def' child has incorrect indentation level 8, expected level should be 4. [Indentation]
[ant:checkstyle] [WARN] /app/src/main/java/com/mgz/pdf/VeraPdfReportParser.java:68:9: 'if' has incorrect indentation level 8, expected level should be 4. [Indentation]
[ant:checkstyle] [WARN] /app/src/main/java/com/mgz/pdf/VeraPdfReportParser.java:69:13: 'if' child has incorrect indentation level 12, expected level should be 6. [Indentation]
[ant:checkstyle] [WARN] /app/src/main/java/com/mgz/pdf/VeraPdfReportParser.java:70:9: 'if rcurly' has incorrect indentation level 8, expected level should be 4. [Indentation]
[ant:checkstyle] [WARN] /app/src/main/java/com/mgz/pdf/VeraPdfReportParser.java:72:9: 'if' has incorrect indentation level 8, expected level should be 4. [Indentation]
[ant:checkstyle] [WARN] /app/src/main/java/com/mgz/pdf/VeraPdfReportParser.java:73:13: 'if' child has incorrect indentation level 12, expected level should be 6. [Indentation]
[ant:checkstyle] [WARN] /app/src/main/java/com/mgz/pdf/VeraPdfReportParser.java:75:13: 'if' child has incorrect indentation level 12, expected level should be 6. [Indentation]
[ant:checkstyle] [WARN] /app/src/main/java/com/mgz/pdf/VeraPdfReportParser.java:77: Line is longer than 100 characters (found 119). [LineLength]
[ant:checkstyle] [WARN] /app/src/main/java/com/mgz/pdf/VeraPdfReportParser.java:78:13: 'if' child has incorrect indentation level 12, expected level should be 6. [Indentation]
[ant:checkstyle] [WARN] /app/src/main/java/com/mgz/pdf/VeraPdfReportParser.java:79:13: 'if' has incorrect indentation level 12, expected level should be 6. [Indentation]
[ant:checkstyle] [WARN] /app/src/main/java/com/mgz/pdf/VeraPdfReportParser.java:80:17: 'if' child has incorrect indentation level 16, expected level should be 8. [Indentation]
[ant:checkstyle] [WARN] /app/src/main/java/com/mgz/pdf/VeraPdfReportParser.java:81:13: 'if rcurly' has incorrect indentation level 12, expected level should be 6. [Indentation]
[ant:checkstyle] [WARN] /app/src/main/java/com/mgz/pdf/VeraPdfReportParser.java:83:13: 'if' has incorrect indentation level 12, expected level should be 6. [Indentation]
[ant:checkstyle] [WARN] /app/src/main/java/com/mgz/pdf/VeraPdfReportParser.java:84:17: 'if' child has incorrect indentation level 16, expected level should be 8. [Indentation]
[ant:checkstyle] [WARN] /app/src/main/java/com/mgz/pdf/VeraPdfReportParser.java:85:13: 'if rcurly' has incorrect indentation level 12, expected level should be 6. [Indentation]
[ant:checkstyle] [WARN] /app/src/main/java/com/mgz/pdf/VeraPdfReportParser.java:87:17: 'else' child has incorrect indentation level 16, expected level should be 8. [Indentation]
[ant:checkstyle] [WARN] /app/src/main/java/com/mgz/pdf/VeraPdfReportParser.java:88:17: 'if' has incorrect indentation level 16, expected level should be 8. [Indentation]
[ant:checkstyle] [WARN] /app/src/main/java/com/mgz/pdf/VeraPdfReportParser.java:89:21: 'if' child has incorrect indentation level 20, expected level should be 10. [Indentation]
[ant:checkstyle] [WARN] /app/src/main/java/com/mgz/pdf/VeraPdfReportParser.java:90:17: 'if rcurly' has incorrect indentation level 16, expected level should be 8. [Indentation]
[ant:checkstyle] [WARN] /app/src/main/java/com/mgz/pdf/VeraPdfReportParser.java:91:13: 'else rcurly' has incorrect indentation level 12, expected level should be 6. [Indentation]
[ant:checkstyle] [WARN] /app/src/main/java/com/mgz/pdf/VeraPdfReportParser.java:94:13: 'if' child has incorrect indentation level 12, expected level should be 6. [Indentation]
[ant:checkstyle] [WARN] /app/src/main/java/com/mgz/pdf/VeraPdfReportParser.java:95:13: 'for' has incorrect indentation level 12, expected level should be 6. [Indentation]
[ant:checkstyle] [WARN] /app/src/main/java/com/mgz/pdf/VeraPdfReportParser.java:96:17: 'for' child has incorrect indentation level 16, expected level should be 8. [Indentation]
[ant:checkstyle] [WARN] /app/src/main/java/com/mgz/pdf/VeraPdfReportParser.java:97:17: 'for' child has incorrect indentation level 16, expected level should be 8. [Indentation]
[ant:checkstyle] [WARN] /app/src/main/java/com/mgz/pdf/VeraPdfReportParser.java:98:17: 'if' has incorrect indentation level 16, expected level should be 8. [Indentation]
[ant:checkstyle] [WARN] /app/src/main/java/com/mgz/pdf/VeraPdfReportParser.java:99:21: 'if' child has incorrect indentation level 20, expected level should be 10. [Indentation]
[ant:checkstyle] [WARN] /app/src/main/java/com/mgz/pdf/VeraPdfReportParser.java:100:21: 'if' has incorrect indentation level 20, expected level should be 10. [Indentation]
[ant:checkstyle] [WARN] /app/src/main/java/com/mgz/pdf/VeraPdfReportParser.java:101: Line is longer than 100 characters (found 108). [LineLength]
[ant:checkstyle] [WARN] /app/src/main/java/com/mgz/pdf/VeraPdfReportParser.java:101:25: 'if' child has incorrect indentation level 24, expected level should be 12. [Indentation]
[ant:checkstyle] [WARN] /app/src/main/java/com/mgz/pdf/VeraPdfReportParser.java:102:21: 'if rcurly' has incorrect indentation level 20, expected level should be 10. [Indentation]
[ant:checkstyle] [WARN] /app/src/main/java/com/mgz/pdf/VeraPdfReportParser.java:103:21: 'if' child has incorrect indentation level 20, expected level should be 10. [Indentation]
[ant:checkstyle] [WARN] /app/src/main/java/com/mgz/pdf/VeraPdfReportParser.java:104:17: 'if rcurly' has incorrect indentation level 16, expected level should be 8. [Indentation]
[ant:checkstyle] [WARN] /app/src/main/java/com/mgz/pdf/VeraPdfReportParser.java:105:13: 'for rcurly' has incorrect indentation level 12, expected level should be 6. [Indentation]
[ant:checkstyle] [WARN] /app/src/main/java/com/mgz/pdf/VeraPdfReportParser.java:106:9: 'if rcurly' has incorrect indentation level 8, expected level should be 4. [Indentation]
[ant:checkstyle] [WARN] /app/src/main/java/com/mgz/pdf/VeraPdfReportParser.java:108:9: 'method def' child has incorrect indentation level 8, expected level should be 4. [Indentation]
[ant:checkstyle] [WARN] /app/src/main/java/com/mgz/pdf/VeraPdfReportParser.java:109:5: 'method def rcurly' has incorrect indentation level 4, expected level should be 2. [Indentation]
[ant:checkstyle] [WARN] /app/src/main/java/com/mgz/pdf/PdfImageState.java:36:15: Non-constant field name 'xOrigin' must start lowercase, be at least 2 chars, avoid single lowercase letter followed by uppercase, contain only letters, digits or underscores, with underscores allowed only between adjacent digits. [GoogleNonConstantFieldName]
[ant:checkstyle] [WARN] /app/src/main/java/com/mgz/pdf/PdfImageState.java:37:15: Non-constant field name 'yOrigin' must start lowercase, be at least 2 chars, avoid single lowercase letter followed by uppercase, contain only letters, digits or underscores, with underscores allowed only between adjacent digits. [GoogleNonConstantFieldName]
[ant:checkstyle] [WARN] /app/src/main/java/com/mgz/pdf/PdfImageState.java:62:3: Missing a Javadoc comment. [MissingJavadocMethod]
[ant:checkstyle] [WARN] /app/src/main/java/com/mgz/pdf/PdfImageState.java:74:3: Missing a Javadoc comment. [MissingJavadocMethod]
[ant:checkstyle] [WARN] /app/src/main/java/com/mgz/pdf/PdfImageState.java:78:3: Missing a Javadoc comment. [MissingJavadocMethod]
[ant:checkstyle] [WARN] /app/src/main/java/com/mgz/pdf/PdfImageState.java:78:30: Parameter name 'xOrigin' must match pattern '^[a-z]([a-z0-9][a-zA-Z0-9]*)?$'. [ParameterName]
[ant:checkstyle] [WARN] /app/src/main/java/com/mgz/pdf/PdfImageState.java:82:3: Missing a Javadoc comment. [MissingJavadocMethod]
[ant:checkstyle] [WARN] /app/src/main/java/com/mgz/pdf/PdfImageState.java:86:3: Missing a Javadoc comment. [MissingJavadocMethod]
[ant:checkstyle] [WARN] /app/src/main/java/com/mgz/pdf/PdfImageState.java:86:30: Parameter name 'yOrigin' must match pattern '^[a-z]([a-z0-9][a-zA-Z0-9]*)?$'. [ParameterName]
[ant:checkstyle] [WARN] /app/src/main/java/com/mgz/pdf/PdfFontRegistry.java:41:3: Missing a Javadoc comment. [MissingJavadocMethod]
[ant:checkstyle] [WARN] /app/src/main/java/com/mgz/pdf/PdfFontRegistry.java:97: Line is longer than 100 characters (found 103). [LineLength]
[ant:checkstyle] [WARN] /app/src/main/java/com/mgz/pdf/PdfFontRegistry.java:137: Line is longer than 100 characters (found 121). [LineLength]
[ant:checkstyle] [WARN] /app/src/main/java/com/mgz/pdf/PdfMetadataExtractor.java:83: Line is longer than 100 characters (found 128). [LineLength]
[ant:checkstyle] [WARN] /app/src/main/java/com/mgz/pdf/PdfMetadataExtractor.java:83:16: Abbreviation in name 'traverseDPart' must contain no more than '1' consecutive capital letters. [AbbreviationAsWordInName]
[ant:checkstyle] [WARN] /app/src/main/java/com/mgz/util/SFSizeEstimator.java:29:14: Abbreviation in name 'SFSizeEstimator' must contain no more than '1' consecutive capital letters. [AbbreviationAsWordInName]
[ant:checkstyle] [WARN] /app/src/main/java/com/mgz/util/SFSizeEstimator.java:35: Line is longer than 100 characters (found 101). [LineLength]
[ant:checkstyle] [WARN] /app/src/main/java/com/mgz/util/SFSizeEstimator.java:60:52: '?' should be on a new line. [OperatorWrap]
[ant:checkstyle] [WARN] /app/src/main/java/com/mgz/util/SFSizeEstimator.java:64:65: '||' should be on a new line. [OperatorWrap]
[ant:checkstyle] [WARN] /app/src/main/java/com/mgz/util/SFSizeEstimator.java:67:65: '||' should be on a new line. [OperatorWrap]
[ant:checkstyle] [WARN] /app/src/main/java/com/mgz/util/SFSizeEstimator.java:95: Line is longer than 100 characters (found 102). [LineLength]
[ant:checkstyle] [WARN] /app/src/main/java/com/mgz/util/SFSizeEstimator.java:112:3: All overloaded methods should be placed next to each other. Previous overloaded method located at line '44'. [OverloadMethodsDeclarationOrder]
[ant:checkstyle] [WARN] /app/src/main/java/com/mgz/util/UtilBinaryDecoding.java:24:1: Extra separation in import group before 'java.io.IOException' [CustomImportOrder]
[ant:checkstyle] [WARN] /app/src/main/java/com/mgz/util/UtilBinaryDecoding.java:59: Line is longer than 100 characters (found 103). [LineLength]
[ant:checkstyle] [WARN] /app/src/main/java/com/mgz/util/UtilBinaryDecoding.java:118:3: All overloaded methods should be placed next to each other. Previous overloaded method located at line '78'. [OverloadMethodsDeclarationOrder]
[ant:checkstyle] [WARN] /app/src/main/java/com/mgz/util/UtilBinaryDecoding.java:163: Line is longer than 100 characters (found 101). [LineLength]
[ant:checkstyle] [WARN] /app/src/main/java/com/mgz/util/UtilBinaryDecoding.java:182:3: All overloaded methods should be placed next to each other. Previous overloaded method located at line '98'. [OverloadMethodsDeclarationOrder]
[ant:checkstyle] [WARN] /app/src/main/java/com/mgz/util/UtilBinaryDecoding.java:224:3: All overloaded methods should be placed next to each other. Previous overloaded method located at line '163'. [OverloadMethodsDeclarationOrder]
[ant:checkstyle] [WARN] /app/src/main/java/com/mgz/util/UtilBinaryDecoding.java:244:3: All overloaded methods should be placed next to each other. Previous overloaded method located at line '201'. [OverloadMethodsDeclarationOrder]
[ant:checkstyle] [WARN] /app/src/main/java/com/mgz/util/UtilBinaryDecoding.java:279:3: All overloaded methods should be placed next to each other. Previous overloaded method located at line '224'. [OverloadMethodsDeclarationOrder]
[ant:checkstyle] [WARN] /app/src/main/java/com/mgz/util/PTXPerformanceMonitor.java:31:14: Abbreviation in name 'PTXPerformanceMonitor' must contain no more than '1' consecutive capital letters. [AbbreviationAsWordInName]
[ant:checkstyle] [WARN] /app/src/main/java/com/mgz/util/PTXPerformanceMonitor.java:48: Line is longer than 100 characters (found 101). [LineLength]
[ant:checkstyle] [WARN] /app/src/main/java/com/mgz/util/PTXPerformanceMonitor.java:53: Line is longer than 100 characters (found 107). [LineLength]
[ant:checkstyle] [WARN] /app/src/main/java/com/mgz/util/PTXPerformanceMonitor.java:61:3: Missing a Javadoc comment. [MissingJavadocMethod]
[ant:checkstyle] [WARN] /app/src/main/java/com/mgz/util/PTXPerformanceMonitor.java:85:3: Missing a Javadoc comment. [MissingJavadocMethod]
[ant:checkstyle] [WARN] /app/src/main/java/com/mgz/util/PTXPerformanceMonitor.java:131:3: Missing a Javadoc comment. [MissingJavadocMethod]
[ant:checkstyle] [WARN] /app/src/main/java/com/mgz/util/PTXPerformanceMonitor.java:139:3: Missing a Javadoc comment. [MissingJavadocMethod]
[ant:checkstyle] [WARN] /app/src/main/java/com/mgz/util/PTXPerformanceMonitor.java:145:3: Missing a Javadoc comment. [MissingJavadocMethod]
[ant:checkstyle] [WARN] /app/src/main/java/com/mgz/util/PTXPerformanceMonitor.java:149:3: Missing a Javadoc comment. [MissingJavadocMethod]
[ant:checkstyle] [WARN] /app/src/main/java/com/mgz/util/PTXPerformanceMonitor.java:153:3: Missing a Javadoc comment. [MissingJavadocMethod]
[ant:checkstyle] [WARN] /app/src/main/java/com/mgz/util/PTXPerformanceMonitor.java:157:3: Missing a Javadoc comment. [MissingJavadocMethod]
[ant:checkstyle] [WARN] /app/src/main/java/com/mgz/util/PTXPerformanceMonitor.java:158: Line is longer than 100 characters (found 114). [LineLength]
[ant:checkstyle] [WARN] /app/src/main/java/com/mgz/util/PTXPerformanceMonitor.java:164:3: Missing a Javadoc comment. [MissingJavadocMethod]
[ant:checkstyle] [WARN] /app/src/main/java/com/mgz/util/PTXPerformanceMonitor.java:168: Line is longer than 100 characters (found 108). [LineLength]
[ant:checkstyle] [WARN] /app/src/main/java/com/mgz/util/PTXPerformanceMonitor.java:168:3: Missing a Javadoc comment. [MissingJavadocMethod]
[ant:checkstyle] [WARN] /app/src/main/java/com/mgz/util/PTXPerformanceMonitor.java:172: Line is longer than 100 characters (found 110). [LineLength]
[ant:checkstyle] [WARN] /app/src/main/java/com/mgz/util/PTXPerformanceMonitor.java:172:3: Missing a Javadoc comment. [MissingJavadocMethod]
[ant:checkstyle] [WARN] /app/src/main/java/com/mgz/util/PTXPerformanceMonitor.java:176: Line is longer than 100 characters (found 124). [LineLength]
[ant:checkstyle] [WARN] /app/src/main/java/com/mgz/util/PTXPerformanceMonitor.java:176:3: Missing a Javadoc comment. [MissingJavadocMethod]
[ant:checkstyle] [WARN] /app/src/main/java/com/mgz/util/PTXPerformanceMonitor.java:177: Line is longer than 100 characters (found 114). [LineLength]
[ant:checkstyle] [WARN] /app/src/main/java/com/mgz/util/PTXPerformanceMonitor.java:238:3: Missing a Javadoc comment. [MissingJavadocMethod]
[ant:checkstyle] [WARN] /app/src/main/java/com/mgz/util/PTXPerformanceMonitor.java:252: Line is longer than 100 characters (found 107). [LineLength]
[ant:checkstyle] [WARN] /app/src/main/java/com/mgz/util/PTXPerformanceMonitor.java:253: Line is longer than 100 characters (found 107). [LineLength]
[ant:checkstyle] [WARN] /app/src/main/java/com/mgz/util/PTXPerformanceMonitor.java:254: Line is longer than 100 characters (found 102). [LineLength]
[ant:checkstyle] [WARN] /app/src/main/java/com/mgz/util/PTXPerformanceMonitor.java:256: Line is longer than 100 characters (found 123). [LineLength]
[ant:checkstyle] [WARN] /app/src/main/java/com/mgz/util/PTXPerformanceMonitor.java:258: Line is longer than 100 characters (found 103). [LineLength]
[ant:checkstyle] [WARN] /app/src/main/java/com/mgz/util/PTXPerformanceMonitor.java:259: Line is longer than 100 characters (found 116). [LineLength]
[ant:checkstyle] [WARN] /app/src/main/java/com/mgz/util/PTXPerformanceMonitor.java:260: Line is longer than 100 characters (found 122). [LineLength]
[ant:checkstyle] [WARN] /app/src/main/java/com/mgz/util/PTXPerformanceMonitor.java:273: Line is longer than 100 characters (found 137). [LineLength]
[ant:checkstyle] [WARN] /app/src/main/java/com/mgz/util/PTXPerformanceMonitor.java:274: Line is longer than 100 characters (found 145). [LineLength]
[ant:checkstyle] [WARN] /app/src/main/java/com/mgz/util/PTXPerformanceMonitor.java:275: Line is longer than 100 characters (found 138). [LineLength]
[ant:checkstyle] [WARN] /app/src/main/java/com/mgz/util/PTXPerformanceMonitor.java:276: Line is longer than 100 characters (found 144). [LineLength]
[ant:checkstyle] [WARN] /app/src/main/java/com/mgz/util/PTXPerformanceMonitor.java:287: Line is longer than 100 characters (found 239). [LineLength]
[ant:checkstyle] [WARN] /app/src/main/java/com/mgz/util/PTXPerformanceMonitor.java:289:57: Lambda parameter name 'fCount' must match pattern '^(_|[a-z]([a-z0-9][a-zA-Z0-9]*)?)$'. [LambdaParameterName]
[ant:checkstyle] [WARN] /app/src/main/java/com/mgz/util/PTXPerformanceMonitor.java:293:14: Abbreviation in name 'maxWTime' must contain no more than '1' consecutive capital letters. [AbbreviationAsWordInName]
[ant:checkstyle] [WARN] /app/src/main/java/com/mgz/util/PTXPerformanceMonitor.java:302: Line is longer than 100 characters (found 111). [LineLength]
[ant:checkstyle] [WARN] /app/src/main/java/com/mgz/util/PTXPerformanceMonitor.java:303: Line is longer than 100 characters (found 139). [LineLength]
[ant:checkstyle] [WARN] /app/src/main/java/com/mgz/util/PTXPerformanceMonitor.java:306: Line is longer than 100 characters (found 107). [LineLength]
[ant:checkstyle] [WARN] /app/src/main/java/com/mgz/util/PTXPerformanceMonitor.java:308: Line is longer than 100 characters (found 120). [LineLength]
[ant:checkstyle] [WARN] /app/src/main/java/com/mgz/util/UtilCharacterEncoding.java:25:1: Extra separation in import group before 'java.io.ByteArrayOutputStream' [CustomImportOrder]
[ant:checkstyle] [WARN] /app/src/main/java/com/mgz/util/UtilCharacterEncoding.java:428:3: All overloaded methods should be placed next to each other. Previous overloaded method located at line '380'. [OverloadMethodsDeclarationOrder]
[ant:checkstyle] [WARN] /app/src/main/java/com/mgz/util/UtilCharacterEncoding.java:505: Line is longer than 100 characters (found 109). [LineLength]
[ant:checkstyle] [WARN] /app/src/main/java/com/mgz/util/UtilCharacterEncoding.java:509: Line is longer than 100 characters (found 109). [LineLength]
[ant:checkstyle] [WARN] /app/src/main/java/com/mgz/util/UtilCharacterEncoding.java:548: Line is longer than 100 characters (found 121). [LineLength]
[ant:checkstyle] [WARN] /app/src/main/java/com/mgz/util/UtilCharacterEncoding.java:607: Line is longer than 100 characters (found 101). [LineLength]
[ant:checkstyle] [WARN] /app/src/main/java/com/mgz/util/UtilCharacterEncoding.java:977:3: All overloaded methods should be placed next to each other. Previous overloaded method located at line '892'. [OverloadMethodsDeclarationOrder]
[ant:checkstyle] [WARN] /app/src/main/java/com/mgz/util/UtilCharacterEncoding.java:1029:3: Missing a Javadoc comment. [MissingJavadocMethod]
[ant:checkstyle] [WARN] /app/src/main/java/com/mgz/util/UtilCharacterEncoding.java:1053:44: Only one statement per line allowed. [OneStatementPerLine]
[ant:checkstyle] [WARN] /app/src/main/java/com/mgz/util/UtilCharacterEncoding.java:1054:43: Only one statement per line allowed. [OneStatementPerLine]
[ant:checkstyle] [WARN] /app/src/main/java/com/mgz/util/UtilCharacterEncoding.java:1055:43: Only one statement per line allowed. [OneStatementPerLine]
[ant:checkstyle] [WARN] /app/src/main/java/com/mgz/util/UtilCharacterEncoding.java:1056:45: Only one statement per line allowed. [OneStatementPerLine]
[ant:checkstyle] [WARN] /app/src/main/java/com/mgz/util/UtilCharacterEncoding.java:1057:45: Only one statement per line allowed. [OneStatementPerLine]
[ant:checkstyle] [WARN] /app/src/main/java/com/mgz/util/MnemonicPerformanceMonitor.java:66:3: Missing a Javadoc comment. [MissingJavadocMethod]
[ant:checkstyle] [WARN] /app/src/main/java/com/mgz/util/MnemonicPerformanceMonitor.java:77:3: Missing a Javadoc comment. [MissingJavadocMethod]
[ant:checkstyle] [WARN] /app/src/main/java/com/mgz/util/MnemonicPerformanceMonitor.java:81:5: Distance between variable 'endTime' declaration and its first usage is 4, but allowed 3.  Consider making that variable final if you still need to store its value in advance (before method calls that might have side effects on the original value). [VariableDeclarationUsageDistance]
[ant:checkstyle] [WARN] /app/src/main/java/com/mgz/util/MnemonicPerformanceMonitor.java:97:3: Missing a Javadoc comment. [MissingJavadocMethod]
[ant:checkstyle] [WARN] /app/src/main/java/com/mgz/util/MnemonicPerformanceMonitor.java:108:3: Missing a Javadoc comment. [MissingJavadocMethod]
[ant:checkstyle] [WARN] /app/src/main/java/com/mgz/util/MnemonicPerformanceMonitor.java:115:3: Missing a Javadoc comment. [MissingJavadocMethod]
[ant:checkstyle] [WARN] /app/src/main/java/com/mgz/util/MnemonicPerformanceMonitor.java:119:5: Distance between variable 'endTime' declaration and its first usage is 4, but allowed 3.  Consider making that variable final if you still need to store its value in advance (before method calls that might have side effects on the original value). [VariableDeclarationUsageDistance]
[ant:checkstyle] [WARN] /app/src/main/java/com/mgz/util/MnemonicPerformanceMonitor.java:134:3: Missing a Javadoc comment. [MissingJavadocMethod]
[ant:checkstyle] [WARN] /app/src/main/java/com/mgz/util/MnemonicPerformanceMonitor.java:141:3: Missing a Javadoc comment. [MissingJavadocMethod]
[ant:checkstyle] [WARN] /app/src/main/java/com/mgz/util/MnemonicPerformanceMonitor.java:145:5: Distance between variable 'endTime' declaration and its first usage is 4, but allowed 3.  Consider making that variable final if you still need to store its value in advance (before method calls that might have side effects on the original value). [VariableDeclarationUsageDistance]
[ant:checkstyle] [WARN] /app/src/main/java/com/mgz/util/MnemonicPerformanceMonitor.java:156: Line is longer than 100 characters (found 110). [LineLength]
[ant:checkstyle] [WARN] /app/src/main/java/com/mgz/util/MnemonicPerformanceMonitor.java:161:3: Missing a Javadoc comment. [MissingJavadocMethod]
[ant:checkstyle] [WARN] /app/src/main/java/com/mgz/util/MnemonicPerformanceMonitor.java:165: Line is longer than 100 characters (found 104). [LineLength]
[ant:checkstyle] [WARN] /app/src/main/java/com/mgz/util/MnemonicPerformanceMonitor.java:170:3: Missing a Javadoc comment. [MissingJavadocMethod]
[ant:checkstyle] [WARN] /app/src/main/java/com/mgz/util/MnemonicPerformanceMonitor.java:179:3: Missing a Javadoc comment. [MissingJavadocMethod]
[ant:checkstyle] [WARN] /app/src/main/java/com/mgz/util/MnemonicPerformanceMonitor.java:218:3: Missing a Javadoc comment. [MissingJavadocMethod]
[ant:checkstyle] [WARN] /app/src/main/java/com/mgz/util/MnemonicPerformanceMonitor.java:281:3: Missing a Javadoc comment. [MissingJavadocMethod]
[ant:checkstyle] [WARN] /app/src/main/java/com/mgz/util/MnemonicPerformanceMonitor.java:325:3: Missing a Javadoc comment. [MissingJavadocMethod]
[ant:checkstyle] [WARN] /app/src/main/java/com/mgz/util/MnemonicPerformanceMonitor.java:326: Line is longer than 100 characters (found 103). [LineLength]
[ant:checkstyle] [WARN] /app/src/main/java/com/mgz/util/UtilReflection.java:26:1: Extra separation in import group before 'java.lang.reflect.Field' [CustomImportOrder]
[ant:checkstyle] [WARN] /app/src/main/java/com/mgz/util/UtilReflection.java:36:1: Missing a Javadoc comment. [MissingJavadocType]
[ant:checkstyle] [WARN] /app/src/main/java/com/mgz/util/UtilReflection.java:42:3: Missing a Javadoc comment. [MissingJavadocMethod]
[ant:checkstyle] [WARN] /app/src/main/java/com/mgz/util/UtilReflection.java:78: Line is longer than 100 characters (found 106). [LineLength]
[ant:checkstyle] [WARN] /app/src/main/java/com/mgz/util/UtilReflection.java:78:3: Missing a Javadoc comment. [MissingJavadocMethod]
[ant:checkstyle] [WARN] /app/src/main/java/com/mgz/util/UtilReflection.java:88:3: Missing a Javadoc comment. [MissingJavadocMethod]
[ant:checkstyle] [WARN] /app/src/main/java/com/mgz/util/UtilReflection.java:100:3: Missing a Javadoc comment. [MissingJavadocMethod]
[ant:checkstyle] [WARN] /app/src/main/java/com/mgz/util/UtilReflection.java:115:3: Missing a Javadoc comment. [MissingJavadocMethod]
[ant:checkstyle] [WARN] /app/src/main/java/com/mgz/util/UtilReflection.java:124:3: Missing a Javadoc comment. [MissingJavadocMethod]
[ant:checkstyle] [WARN] /app/src/main/java/com/mgz/util/UtilReflection.java:137: Line is longer than 100 characters (found 115). [LineLength]
[ant:checkstyle] [WARN] /app/src/main/java/com/mgz/util/UtilReflection.java:162:24: Abbreviation in name 'AFPFieldAnnotationBearer' must contain no more than '1' consecutive capital letters. [AbbreviationAsWordInName]
[ant:checkstyle] [WARN] /app/src/main/java/com/mgz/util/UtilReflection.java:165:3: Missing a Javadoc comment. [MissingJavadocType]
[ant:checkstyle] [WARN] /app/src/main/java/com/mgz/util/HeapHistogramUtil.java:24:1: Wrong lexicographical order for 'java.lang.management.ManagementFactory' import. Should be before 'javax.management.ObjectName'. [CustomImportOrder]
[ant:checkstyle] [WARN] /app/src/main/java/com/mgz/util/HeapHistogramUtil.java:25:1: Wrong lexicographical order for 'java.util.HashMap' import. Should be before 'javax.management.ObjectName'. [CustomImportOrder]
[ant:checkstyle] [WARN] /app/src/main/java/com/mgz/util/HeapHistogramUtil.java:26:1: Wrong lexicographical order for 'java.util.Map' import. Should be before 'javax.management.ObjectName'. [CustomImportOrder]
[ant:checkstyle] [WARN] /app/src/main/java/com/mgz/util/HeapHistogramUtil.java:27:1: Wrong lexicographical order for 'java.util.Scanner' import. Should be before 'javax.management.ObjectName'. [CustomImportOrder]
[ant:checkstyle] [WARN] /app/src/main/java/com/mgz/util/HeapHistogramUtil.java:34: Line is longer than 100 characters (found 108). [LineLength]
[ant:checkstyle] [WARN] /app/src/main/java/com/mgz/util/HeapHistogramUtil.java:34:5: 'member def modifier' has incorrect indentation level 4, expected level should be 2. [Indentation]
[ant:checkstyle] [WARN] /app/src/main/java/com/mgz/util/HeapHistogramUtil.java:41:5: 'method def modifier' has incorrect indentation level 4, expected level should be 2. [Indentation]
[ant:checkstyle] [WARN] /app/src/main/java/com/mgz/util/HeapHistogramUtil.java:42:9: 'try' has incorrect indentation level 8, expected level should be 4. [Indentation]
[ant:checkstyle] [WARN] /app/src/main/java/com/mgz/util/HeapHistogramUtil.java:43:13: 'try' child has incorrect indentation level 12, expected level should be 6. [Indentation]
[ant:checkstyle] [WARN] /app/src/main/java/com/mgz/util/HeapHistogramUtil.java:44:13: 'try' child has incorrect indentation level 12, expected level should be 6. [Indentation]
[ant:checkstyle] [WARN] /app/src/main/java/com/mgz/util/HeapHistogramUtil.java:46: Line is longer than 100 characters (found 127). [LineLength]
[ant:checkstyle] [WARN] /app/src/main/java/com/mgz/util/HeapHistogramUtil.java:46:13: 'try' child has incorrect indentation level 12, expected level should be 6. [Indentation]
[ant:checkstyle] [WARN] /app/src/main/java/com/mgz/util/HeapHistogramUtil.java:47:9: 'try rcurly' has incorrect indentation level 8, expected level should be 4. [Indentation]
[ant:checkstyle] [WARN] /app/src/main/java/com/mgz/util/HeapHistogramUtil.java:48:13: 'catch' child has incorrect indentation level 12, expected level should be 6. [Indentation]
[ant:checkstyle] [WARN] /app/src/main/java/com/mgz/util/HeapHistogramUtil.java:49:9: 'catch rcurly' has incorrect indentation level 8, expected level should be 4. [Indentation]
[ant:checkstyle] [WARN] /app/src/main/java/com/mgz/util/HeapHistogramUtil.java:50:5: 'method def rcurly' has incorrect indentation level 4, expected level should be 2. [Indentation]
[ant:checkstyle] [WARN] /app/src/main/java/com/mgz/util/HeapHistogramUtil.java:58:5: 'method def modifier' has incorrect indentation level 4, expected level should be 2. [Indentation]
[ant:checkstyle] [WARN] /app/src/main/java/com/mgz/util/HeapHistogramUtil.java:59:9: 'method def' child has incorrect indentation level 8, expected level should be 4. [Indentation]
[ant:checkstyle] [WARN] /app/src/main/java/com/mgz/util/HeapHistogramUtil.java:60:9: 'try' has incorrect indentation level 8, expected level should be 4. [Indentation]
[ant:checkstyle] [WARN] /app/src/main/java/com/mgz/util/HeapHistogramUtil.java:61:13: 'while' has incorrect indentation level 12, expected level should be 6. [Indentation]
[ant:checkstyle] [WARN] /app/src/main/java/com/mgz/util/HeapHistogramUtil.java:62:17: 'while' child has incorrect indentation level 16, expected level should be 8. [Indentation]
[ant:checkstyle] [WARN] /app/src/main/java/com/mgz/util/HeapHistogramUtil.java:64:17: 'if' has incorrect indentation level 16, expected level should be 8. [Indentation]
[ant:checkstyle] [WARN] /app/src/main/java/com/mgz/util/HeapHistogramUtil.java:65:21: 'if' child has incorrect indentation level 20, expected level should be 10. [Indentation]
[ant:checkstyle] [WARN] /app/src/main/java/com/mgz/util/HeapHistogramUtil.java:66:21: 'if' has incorrect indentation level 20, expected level should be 10. [Indentation]
[ant:checkstyle] [WARN] /app/src/main/java/com/mgz/util/HeapHistogramUtil.java:67:25: 'try' has incorrect indentation level 24, expected level should be 12. [Indentation]
[ant:checkstyle] [WARN] /app/src/main/java/com/mgz/util/HeapHistogramUtil.java:68:29: 'try' child has incorrect indentation level 28, expected level should be 14. [Indentation]
[ant:checkstyle] [WARN] /app/src/main/java/com/mgz/util/HeapHistogramUtil.java:69:29: 'try' child has incorrect indentation level 28, expected level should be 14. [Indentation]
[ant:checkstyle] [WARN] /app/src/main/java/com/mgz/util/HeapHistogramUtil.java:70:29: 'try' child has incorrect indentation level 28, expected level should be 14. [Indentation]
[ant:checkstyle] [WARN] /app/src/main/java/com/mgz/util/HeapHistogramUtil.java:71:25: 'try rcurly' has incorrect indentation level 24, expected level should be 12. [Indentation]
[ant:checkstyle] [WARN] /app/src/main/java/com/mgz/util/HeapHistogramUtil.java:71:65: Empty catch block. [EmptyCatchBlock]
[ant:checkstyle] [WARN] /app/src/main/java/com/mgz/util/HeapHistogramUtil.java:72:25: 'catch rcurly' has incorrect indentation level 24, expected level should be 12. [Indentation]
[ant:checkstyle] [WARN] /app/src/main/java/com/mgz/util/HeapHistogramUtil.java:73:21: 'if rcurly' has incorrect indentation level 20, expected level should be 10. [Indentation]
[ant:checkstyle] [WARN] /app/src/main/java/com/mgz/util/HeapHistogramUtil.java:74:17: 'if rcurly' has incorrect indentation level 16, expected level should be 8. [Indentation]
[ant:checkstyle] [WARN] /app/src/main/java/com/mgz/util/HeapHistogramUtil.java:75:13: 'while rcurly' has incorrect indentation level 12, expected level should be 6. [Indentation]
[ant:checkstyle] [WARN] /app/src/main/java/com/mgz/util/HeapHistogramUtil.java:76:9: 'try rcurly' has incorrect indentation level 8, expected level should be 4. [Indentation]
[ant:checkstyle] [WARN] /app/src/main/java/com/mgz/util/HeapHistogramUtil.java:77:9: 'method def' child has incorrect indentation level 8, expected level should be 4. [Indentation]
[ant:checkstyle] [WARN] /app/src/main/java/com/mgz/util/HeapHistogramUtil.java:78:5: 'method def rcurly' has incorrect indentation level 4, expected level should be 2. [Indentation]
[ant:checkstyle] [WARN] /app/src/main/java/com/mgz/util/CountingOutputStream.java:33:3: Missing a Javadoc comment. [MissingJavadocMethod]
[ant:checkstyle] [WARN] /app/src/main/java/com/mgz/util/MMapUtil.java:35:20: Abbreviation in name 'MMapUtil' must contain no more than '1' consecutive capital letters. [AbbreviationAsWordInName]
[ant:checkstyle] [WARN] /app/src/main/java/com/mgz/util/Constants.java:24:1: Missing a Javadoc comment. [MissingJavadocType]
[ant:checkstyle] [WARN] /app/src/main/java/com/mgz/util/HeapDumpUtil.java:30:5: 'member def modifier' has incorrect indentation level 4, expected level should be 2. [Indentation]
[ant:checkstyle] [WARN] /app/src/main/java/com/mgz/util/HeapDumpUtil.java:32:5: 'member def modifier' has incorrect indentation level 4, expected level should be 2. [Indentation]
[ant:checkstyle] [WARN] /app/src/main/java/com/mgz/util/HeapDumpUtil.java:40:5: 'method def modifier' has incorrect indentation level 4, expected level should be 2. [Indentation]
[ant:checkstyle] [WARN] /app/src/main/java/com/mgz/util/HeapDumpUtil.java:41:9: 'try' has incorrect indentation level 8, expected level should be 4. [Indentation]
[ant:checkstyle] [WARN] /app/src/main/java/com/mgz/util/HeapDumpUtil.java:42:13: 'try' child has incorrect indentation level 12, expected level should be 6. [Indentation]
[ant:checkstyle] [WARN] /app/src/main/java/com/mgz/util/HeapDumpUtil.java:43: Line is longer than 100 characters (found 114). [LineLength]
[ant:checkstyle] [WARN] /app/src/main/java/com/mgz/util/HeapDumpUtil.java:43:13: 'try' child has incorrect indentation level 12, expected level should be 6. [Indentation]
[ant:checkstyle] [WARN] /app/src/main/java/com/mgz/util/HeapDumpUtil.java:44:13: 'try' child has incorrect indentation level 12, expected level should be 6. [Indentation]
[ant:checkstyle] [WARN] /app/src/main/java/com/mgz/util/HeapDumpUtil.java:45:9: 'try rcurly' has incorrect indentation level 8, expected level should be 4. [Indentation]
[ant:checkstyle] [WARN] /app/src/main/java/com/mgz/util/HeapDumpUtil.java:46:13: 'catch' child has incorrect indentation level 12, expected level should be 6. [Indentation]
[ant:checkstyle] [WARN] /app/src/main/java/com/mgz/util/HeapDumpUtil.java:47:9: 'catch rcurly' has incorrect indentation level 8, expected level should be 4. [Indentation]
[ant:checkstyle] [WARN] /app/src/main/java/com/mgz/util/HeapDumpUtil.java:48:5: 'method def rcurly' has incorrect indentation level 4, expected level should be 2. [Indentation]
[ant:checkstyle] [WARN] /app/src/main/java/com/mgz/util/HeapDumpUtil.java:50:5: 'method def modifier' has incorrect indentation level 4, expected level should be 2. [Indentation]
[ant:checkstyle] [WARN] /app/src/main/java/com/mgz/util/HeapDumpUtil.java:50:25: Abbreviation in name 'initHotspotDiagnosticMXBean' must contain no more than '1' consecutive capital letters. [AbbreviationAsWordInName]
[ant:checkstyle] [WARN] /app/src/main/java/com/mgz/util/HeapDumpUtil.java:51:9: 'if' has incorrect indentation level 8, expected level should be 4. [Indentation]
[ant:checkstyle] [WARN] /app/src/main/java/com/mgz/util/HeapDumpUtil.java:52:13: 'synchronized' has incorrect indentation level 12, expected level should be 6. [Indentation]
[ant:checkstyle] [WARN] /app/src/main/java/com/mgz/util/HeapDumpUtil.java:53:17: 'if' has incorrect indentation level 16, expected level should be 8. [Indentation]
[ant:checkstyle] [WARN] /app/src/main/java/com/mgz/util/HeapDumpUtil.java:54:21: 'if' child has incorrect indentation level 20, expected level should be 10. [Indentation]
[ant:checkstyle] [WARN] /app/src/main/java/com/mgz/util/HeapDumpUtil.java:55:21: 'if' child has incorrect indentation level 20, expected level should be 10. [Indentation]
[ant:checkstyle] [WARN] /app/src/main/java/com/mgz/util/HeapDumpUtil.java:57:17: 'if rcurly' has incorrect indentation level 16, expected level should be 8. [Indentation]
[ant:checkstyle] [WARN] /app/src/main/java/com/mgz/util/HeapDumpUtil.java:58:13: 'synchronized rcurly' has incorrect indentation level 12, expected level should be 6. [Indentation]
[ant:checkstyle] [WARN] /app/src/main/java/com/mgz/util/HeapDumpUtil.java:59:9: 'if rcurly' has incorrect indentation level 8, expected level should be 4. [Indentation]
[ant:checkstyle] [WARN] /app/src/main/java/com/mgz/util/HeapDumpUtil.java:60:5: 'method def rcurly' has incorrect indentation level 4, expected level should be 2. [Indentation]
[ant:checkstyle] [WARN] /app/src/main/java/com/mgz/util/LzwDecoder.java:109: Line is longer than 100 characters (found 123). [LineLength]
[ant:checkstyle] [WARN] /app/src/main/java/com/mgz/xml/XmlTemplate.java:33: Line is longer than 100 characters (found 113). [LineLength]
[ant:checkstyle] [WARN] /app/src/main/java/com/mgz/xml/XmlTemplate.java:38:3: Missing a Javadoc comment. [MissingJavadocMethod]
[ant:checkstyle] [WARN] /app/src/main/java/com/mgz/xml/XmlTemplate.java:51: Line is longer than 100 characters (found 117). [LineLength]
[ant:checkstyle] [WARN] /app/src/main/java/com/mgz/xml/XmlTemplate.java:66:14: 'if' child has incorrect indentation level 13, expected level should be 12. [Indentation]
[ant:checkstyle] [WARN] /app/src/main/java/com/mgz/xml/XmlTemplate.java:68:14: 'else' child has incorrect indentation level 13, expected level should be 12. [Indentation]
[ant:checkstyle] [WARN] /app/src/main/java/com/mgz/xml/XmlTemplate.java:69:14: 'else' child has incorrect indentation level 13, expected level should be 12. [Indentation]
[ant:checkstyle] [WARN] /app/src/main/java/com/mgz/xml/XmlTemplate.java:77:12: 'if' child has incorrect indentation level 11, expected level should be 10. [Indentation]
[ant:checkstyle] [WARN] /app/src/main/java/com/mgz/xml/XmlTemplate.java:78:12: 'if' child has incorrect indentation level 11, expected level should be 10. [Indentation]
[ant:checkstyle] [WARN] /app/src/main/java/com/mgz/xml/XmlTemplate.java:106: Line is longer than 100 characters (found 117). [LineLength]
[ant:checkstyle] [WARN] /app/src/main/java/com/mgz/xml/XmlTemplate.java:134:41: '{' at column 41 should have line break after. [LeftCurlyEol]
[ant:checkstyle] [WARN] /app/src/main/java/com/mgz/xml/XmlTemplate.java:134:76: Only one statement per line allowed. [OneStatementPerLine]
[ant:checkstyle] [WARN] /app/src/main/java/com/mgz/xml/XmlTemplate.java:137:41: '{' at column 41 should have line break after. [LeftCurlyEol]
[ant:checkstyle] [WARN] /app/src/main/java/com/mgz/xml/XmlTemplate.java:137:76: Only one statement per line allowed. [OneStatementPerLine]
[ant:checkstyle] [WARN] /app/src/main/java/com/mgz/xml/AfpXmlStreamWriter.java:33: Line is longer than 100 characters (found 112). [LineLength]
[ant:checkstyle] [WARN] /app/src/main/java/com/mgz/xml/AfpXmlStreamWriter.java:44:3: Missing a Javadoc comment. [MissingJavadocMethod]
[ant:checkstyle] [WARN] /app/src/main/java/com/mgz/xml/AfpXmlStreamWriter.java:53: Line is longer than 100 characters (found 120). [LineLength]
[ant:checkstyle] [WARN] /app/src/main/java/com/mgz/xml/AfpXmlStreamWriter.java:54:13: Local variable name 'mWriterField' must match pattern '^(_|[a-z]([a-z0-9][a-zA-Z0-9]*)?)$'. [LocalVariableName]
[ant:checkstyle] [WARN] /app/src/main/java/com/mgz/xml/AfpXmlStreamWriter.java:57:16: Local variable name 'mWriter' must match pattern '^(_|[a-z]([a-z0-9][a-zA-Z0-9]*)?)$'. [LocalVariableName]
[ant:checkstyle] [WARN] /app/src/main/java/com/mgz/xml/AfpXmlStreamWriter.java:59:17: Local variable name 'mUnderlyingStreamField' must match pattern '^(_|[a-z]([a-z0-9][a-zA-Z0-9]*)?)$'. [LocalVariableName]
[ant:checkstyle] [WARN] /app/src/main/java/com/mgz/xml/AfpXmlStreamWriter.java:100: Line is longer than 100 characters (found 103). [LineLength]
[ant:checkstyle] [WARN] /app/src/main/java/com/mgz/xml/AfpXmlStreamWriter.java:118: Line is longer than 100 characters (found 103). [LineLength]
[ant:checkstyle] [WARN] /app/src/main/java/com/mgz/xml/AfpXmlStreamWriter.java:142: Line is longer than 100 characters (found 114). [LineLength]
[ant:checkstyle] [WARN] /app/src/main/java/com/mgz/xml/AfpXmlStreamWriter.java:244: Line is longer than 100 characters (found 125). [LineLength]
[ant:checkstyle] [WARN] /app/src/main/java/com/mgz/xml/AfpXmlStreamWriter.java:244:59: Abbreviation in name 'nsURI' must contain no more than '1' consecutive capital letters. [AbbreviationAsWordInName]
[ant:checkstyle] [WARN] /app/src/main/java/com/mgz/xml/AfpXmlStreamWriter.java:250: Line is longer than 100 characters (found 117). [LineLength]
[ant:checkstyle] [WARN] /app/src/main/java/com/mgz/xml/AfpXmlStreamWriter.java:250:55: Abbreviation in name 'nsURI' must contain no more than '1' consecutive capital letters. [AbbreviationAsWordInName]
[ant:checkstyle] [WARN] /app/src/main/java/com/mgz/xml/AfpXmlStreamWriter.java:256: Line is longer than 100 characters (found 119). [LineLength]
[ant:checkstyle] [WARN] /app/src/main/java/com/mgz/xml/AfpXmlStreamWriter.java:256:56: Abbreviation in name 'nsURI' must contain no more than '1' consecutive capital letters. [AbbreviationAsWordInName]
[ant:checkstyle] [WARN] /app/src/main/java/com/mgz/xml/AfpXmlStreamWriter.java:262: Line is longer than 100 characters (found 121). [LineLength]
[ant:checkstyle] [WARN] /app/src/main/java/com/mgz/xml/AfpXmlStreamWriter.java:262:57: Abbreviation in name 'nsURI' must contain no more than '1' consecutive capital letters. [AbbreviationAsWordInName]
[ant:checkstyle] [WARN] /app/src/main/java/com/mgz/xml/AfpXmlStreamWriter.java:268: Line is longer than 100 characters (found 123). [LineLength]
[ant:checkstyle] [WARN] /app/src/main/java/com/mgz/xml/AfpXmlStreamWriter.java:268:58: Abbreviation in name 'nsURI' must contain no more than '1' consecutive capital letters. [AbbreviationAsWordInName]
[ant:checkstyle] [WARN] /app/src/main/java/com/mgz/xml/AfpXmlStreamWriter.java:274: Line is longer than 100 characters (found 138). [LineLength]
[ant:checkstyle] [WARN] /app/src/main/java/com/mgz/xml/AfpXmlStreamWriter.java:274:59: Abbreviation in name 'nsURI' must contain no more than '1' consecutive capital letters. [AbbreviationAsWordInName]
[ant:checkstyle] [WARN] /app/src/main/java/com/mgz/xml/AfpXmlStreamWriter.java:280: Line is longer than 100 characters (found 138). [LineLength]
[ant:checkstyle] [WARN] /app/src/main/java/com/mgz/xml/AfpXmlStreamWriter.java:280:59: Abbreviation in name 'nsURI' must contain no more than '1' consecutive capital letters. [AbbreviationAsWordInName]
[ant:checkstyle] [WARN] /app/src/main/java/com/mgz/xml/AfpXmlStreamWriter.java:286: Line is longer than 100 characters (found 141). [LineLength]
[ant:checkstyle] [WARN] /app/src/main/java/com/mgz/xml/AfpXmlStreamWriter.java:286:57: Abbreviation in name 'nsURI' must contain no more than '1' consecutive capital letters. [AbbreviationAsWordInName]
[ant:checkstyle] [WARN] /app/src/main/java/com/mgz/xml/AfpXmlStreamWriter.java:292: Line is longer than 100 characters (found 123). [LineLength]
[ant:checkstyle] [WARN] /app/src/main/java/com/mgz/xml/AfpXmlStreamWriter.java:292:58: Abbreviation in name 'nsURI' must contain no more than '1' consecutive capital letters. [AbbreviationAsWordInName]
[ant:checkstyle] [WARN] /app/src/main/java/com/mgz/xml/AfpXmlStreamWriter.java:307: Line is longer than 100 characters (found 101). [LineLength]
[ant:checkstyle] [WARN] /app/src/main/java/com/mgz/xml/AfpXmlStreamWriter.java:336: Line is longer than 100 characters (found 104). [LineLength]
[ant:checkstyle] [WARN] /app/src/main/java/com/mgz/xml/AfpXmlStreamWriter.java:344: Line is longer than 100 characters (found 104). [LineLength]
[ant:checkstyle] [WARN] /app/src/main/java/com/mgz/xml/EbcdicToUtf8XmlEncoder.java:29: Line is longer than 100 characters (found 102). [LineLength]
[ant:checkstyle] [WARN] /app/src/main/java/com/mgz/xml/EbcdicToUtf8XmlEncoder.java:60:44: Only one statement per line allowed. [OneStatementPerLine]
[ant:checkstyle] [WARN] /app/src/main/java/com/mgz/xml/EbcdicToUtf8XmlEncoder.java:61:43: Only one statement per line allowed. [OneStatementPerLine]
[ant:checkstyle] [WARN] /app/src/main/java/com/mgz/xml/EbcdicToUtf8XmlEncoder.java:62:43: Only one statement per line allowed. [OneStatementPerLine]
[ant:checkstyle] [WARN] /app/src/main/java/com/mgz/xml/EbcdicToUtf8XmlEncoder.java:63:45: Only one statement per line allowed. [OneStatementPerLine]
[ant:checkstyle] [WARN] /app/src/main/java/com/mgz/xml/EbcdicToUtf8XmlEncoder.java:64:45: Only one statement per line allowed. [OneStatementPerLine]
[ant:checkstyle] [WARN] /app/src/main/java/com/mgz/xml/EbcdicToUtf8XmlEncoder.java:65:54: Only one statement per line allowed. [OneStatementPerLine]
[ant:checkstyle] [WARN] /app/src/main/java/com/mgz/xml/EbcdicToUtf8XmlEncoder.java:73: Line is longer than 100 characters (found 111). [LineLength]
[ant:checkstyle] [WARN] /app/src/main/java/com/mgz/xml/EbcdicToUtf8XmlEncoder.java:82: Line is longer than 100 characters (found 124). [LineLength]
[ant:checkstyle] [WARN] /app/src/main/java/com/mgz/xml/XmlIndenter.java:93: Line is longer than 100 characters (found 103). [LineLength]
[ant:checkstyle] [WARN] /app/src/main/java/com/mgz/xml/XmlIndenter.java:98: Line is longer than 100 characters (found 106). [LineLength]
[ant:checkstyle] [WARN] /app/src/main/java/com/mgz/xml/XmlIndenter.java:110: Line is longer than 100 characters (found 102). [LineLength]
[ant:checkstyle] [WARN] /app/src/main/java/com/mgz/xml/XmlHandlerFactory.java:27:1: Wrong lexicographical order for 'java.nio.ByteBuffer' import. Should be before 'java.util.Map'. [CustomImportOrder]
[ant:checkstyle] [WARN] /app/src/main/java/com/mgz/xml/XmlHandlerFactory.java:28:1: Wrong lexicographical order for 'java.nio.charset.StandardCharsets' import. Should be before 'java.util.Map'. [CustomImportOrder]
[ant:checkstyle] [WARN] /app/src/main/java/com/mgz/xml/XmlHandlerFactory.java:88: Line is longer than 100 characters (found 103). [LineLength]
[ant:checkstyle] [WARN] /app/src/main/java/com/mgz/xml/MnemonicXMLStreamWriter.java:32:14: Abbreviation in name 'MnemonicXMLStreamWriter' must contain no more than '1' consecutive capital letters. [AbbreviationAsWordInName]
[ant:checkstyle] [WARN] /app/src/main/java/com/mgz/xml/MnemonicXMLStreamWriter.java:36:3: Missing a Javadoc comment. [MissingJavadocMethod]
[ant:checkstyle] [WARN] /app/src/main/java/com/mgz/xml/SanitizingXMLStreamWriter.java:30:14: Abbreviation in name 'SanitizingXMLStreamWriter' must contain no more than '1' consecutive capital letters. [AbbreviationAsWordInName]
[ant:checkstyle] [WARN] /app/src/main/java/com/mgz/xml/SanitizingXMLStreamWriter.java:32:3: Missing a Javadoc comment. [MissingJavadocMethod]
[ant:checkstyle] [WARN] /app/src/main/java/com/mgz/xml/SanitizingXMLStreamWriter.java:58: Line is longer than 100 characters (found 109). [LineLength]
[ant:checkstyle] [WARN] /app/src/main/java/com/mgz/xml/SanitizingXMLStreamWriter.java:58:37: Abbreviation in name 'namespaceURI' must contain no more than '1' consecutive capital letters. [AbbreviationAsWordInName]
[ant:checkstyle] [WARN] /app/src/main/java/com/mgz/xml/SanitizingXMLStreamWriter.java:63: Line is longer than 100 characters (found 124). [LineLength]
[ant:checkstyle] [WARN] /app/src/main/java/com/mgz/xml/SanitizingXMLStreamWriter.java:63:52: Abbreviation in name 'namespaceURI' must contain no more than '1' consecutive capital letters. [AbbreviationAsWordInName]
[ant:checkstyle] [WARN] /app/src/main/java/com/mgz/xml/SanitizingXMLStreamWriter.java:64: Line is longer than 100 characters (found 103). [LineLength]
[ant:checkstyle] [WARN] /app/src/main/java/com/mgz/xml/AfpJacksonXmlWriter.java:25:1: Wrong lexicographical order for 'com.mgz.afp.base.IHasTriplets' import. Should be before 'com.mgz.afp.base.handler.StructuredFieldHandler'. [CustomImportOrder]
[ant:checkstyle] [WARN] /app/src/main/java/com/mgz/xml/AfpJacksonXmlWriter.java:26:1: Wrong lexicographical order for 'com.mgz.afp.base.IRepeatingGroup' import. Should be before 'com.mgz.afp.base.handler.StructuredFieldHandler'. [CustomImportOrder]
[ant:checkstyle] [WARN] /app/src/main/java/com/mgz/xml/AfpJacksonXmlWriter.java:27:1: Wrong lexicographical order for 'com.mgz.afp.base.RepeatingGroupWithTriplets' import. Should be before 'com.mgz.afp.base.handler.StructuredFieldHandler'. [CustomImportOrder]
[ant:checkstyle] [WARN] /app/src/main/java/com/mgz/xml/AfpJacksonXmlWriter.java:28:1: Wrong lexicographical order for 'com.mgz.afp.base.StructuredField' import. Should be before 'com.mgz.afp.base.handler.StructuredFieldHandler'. [CustomImportOrder]
[ant:checkstyle] [WARN] /app/src/main/java/com/mgz/xml/AfpJacksonXmlWriter.java:29:1: Wrong lexicographical order for 'com.mgz.afp.base.StructuredFieldBaseData' import. Should be before 'com.mgz.afp.base.handler.StructuredFieldHandler'. [CustomImportOrder]
[ant:checkstyle] [WARN] /app/src/main/java/com/mgz/xml/AfpJacksonXmlWriter.java:93:1: Wrong lexicographical order for 'com.mgz.afp.modca.MCD_MapContainerData' import. Should be before 'com.mgz.afp.modca.MMC_MediumModificationControl'. [CustomImportOrder]
[ant:checkstyle] [WARN] /app/src/main/java/com/mgz/xml/AfpJacksonXmlWriter.java:94:1: Wrong lexicographical order for 'com.mgz.afp.modca.MGO_MapGraphicsObject' import. Should be before 'com.mgz.afp.modca.MMC_MediumModificationControl'. [CustomImportOrder]
[ant:checkstyle] [WARN] /app/src/main/java/com/mgz/xml/AfpJacksonXmlWriter.java:95:1: Wrong lexicographical order for 'com.mgz.afp.modca.MDR_MapDataResource' import. Should be before 'com.mgz.afp.modca.MMC_MediumModificationControl'. [CustomImportOrder]
[ant:checkstyle] [WARN] /app/src/main/java/com/mgz/xml/AfpJacksonXmlWriter.java:96:1: Wrong lexicographical order for 'com.mgz.afp.modca.MIO_MapImageObject' import. Should be before 'com.mgz.afp.modca.MMC_MediumModificationControl'. [CustomImportOrder]
[ant:checkstyle] [WARN] /app/src/main/java/com/mgz/xml/AfpJacksonXmlWriter.java:97:1: Wrong lexicographical order for 'com.mgz.afp.modca.BDI_BeginDocumentIndex' import. Should be before 'com.mgz.afp.modca.MMC_MediumModificationControl'. [CustomImportOrder]
[ant:checkstyle] [WARN] /app/src/main/java/com/mgz/xml/AfpJacksonXmlWriter.java:98:1: Wrong lexicographical order for 'com.mgz.afp.modca.BMO_BeginOverlay' import. Should be before 'com.mgz.afp.modca.MMC_MediumModificationControl'. [CustomImportOrder]
[ant:checkstyle] [WARN] /app/src/main/java/com/mgz/xml/AfpJacksonXmlWriter.java:99:1: Wrong lexicographical order for 'com.mgz.afp.modca.CDD_ContainerDataDescriptor' import. Should be before 'com.mgz.afp.modca.MMC_MediumModificationControl'. [CustomImportOrder]
[ant:checkstyle] [WARN] /app/src/main/java/com/mgz/xml/AfpJacksonXmlWriter.java:100:1: Wrong lexicographical order for 'com.mgz.afp.modca.CTC_ComposedTextControl' import. Should be before 'com.mgz.afp.modca.MMC_MediumModificationControl'. [CustomImportOrder]
[ant:checkstyle] [WARN] /app/src/main/java/com/mgz/xml/AfpJacksonXmlWriter.java:101:1: Wrong lexicographical order for 'com.mgz.afp.modca.BPS_BeginPageSegment' import. Should be before 'com.mgz.afp.modca.MMC_MediumModificationControl'. [CustomImportOrder]
[ant:checkstyle] [WARN] /app/src/main/java/com/mgz/xml/AfpJacksonXmlWriter.java:102:1: Wrong lexicographical order for 'com.mgz.afp.modca.BRG_BeginResourceGroup' import. Should be before 'com.mgz.afp.modca.MMC_MediumModificationControl'. [CustomImportOrder]
[ant:checkstyle] [WARN] /app/src/main/java/com/mgz/xml/AfpJacksonXmlWriter.java:103:1: Wrong lexicographical order for 'com.mgz.afp.modca.EDI_EndDocumentIndex' import. Should be before 'com.mgz.afp.modca.MMC_MediumModificationControl'. [CustomImportOrder]
[ant:checkstyle] [WARN] /app/src/main/java/com/mgz/xml/AfpJacksonXmlWriter.java:104:1: Wrong lexicographical order for 'com.mgz.afp.modca.FGD_FormEnvironmentGroupDescriptor' import. Should be before 'com.mgz.afp.modca.MMC_MediumModificationControl'. [CustomImportOrder]
[ant:checkstyle] [WARN] /app/src/main/java/com/mgz/xml/AfpJacksonXmlWriter.java:105:1: Wrong lexicographical order for 'com.mgz.afp.modca.EMO_EndOverlay' import. Should be before 'com.mgz.afp.modca.MMC_MediumModificationControl'. [CustomImportOrder]
[ant:checkstyle] [WARN] /app/src/main/java/com/mgz/xml/AfpJacksonXmlWriter.java:106:1: Wrong lexicographical order for 'com.mgz.afp.modca.EPS_EndPageSegment' import. Should be before 'com.mgz.afp.modca.MMC_MediumModificationControl'. [CustomImportOrder]
[ant:checkstyle] [WARN] /app/src/main/java/com/mgz/xml/AfpJacksonXmlWriter.java:107:1: Wrong lexicographical order for 'com.mgz.afp.modca.ERG_EndResourceGroup' import. Should be before 'com.mgz.afp.modca.MMC_MediumModificationControl'. [CustomImportOrder]
[ant:checkstyle] [WARN] /app/src/main/java/com/mgz/xml/AfpJacksonXmlWriter.java:108:1: Wrong lexicographical order for 'com.mgz.afp.modca.LLE_LinkLogicalElement' import. Should be before 'com.mgz.afp.modca.MMC_MediumModificationControl'. [CustomImportOrder]
[ant:checkstyle] [WARN] /app/src/main/java/com/mgz/xml/AfpJacksonXmlWriter.java:109:1: Wrong lexicographical order for 'com.mgz.afp.modca.MBC_MapBarCodeObject' import. Should be before 'com.mgz.afp.modca.MMC_MediumModificationControl'. [CustomImportOrder]
[ant:checkstyle] [WARN] /app/src/main/java/com/mgz/xml/AfpJacksonXmlWriter.java:110:1: Wrong lexicographical order for 'com.mgz.afp.modca.MCD_MapContainerData' import. Should be before 'com.mgz.afp.modca.MMC_MediumModificationControl'. [CustomImportOrder]
[ant:checkstyle] [WARN] /app/src/main/java/com/mgz/xml/AfpJacksonXmlWriter.java:117:1: Wrong lexicographical order for 'com.mgz.afp.modca.MPO_MapPageOverlay' import. Should be before 'com.mgz.afp.modca.MPT_MapPresentationText'. [CustomImportOrder]
[ant:checkstyle] [WARN] /app/src/main/java/com/mgz/xml/AfpJacksonXmlWriter.java:126:1: Wrong lexicographical order for 'com.mgz.afp.moca.MetadataObject' import. Should be before 'com.mgz.afp.modca.TLE_TagLogicalElement'. [CustomImportOrder]
[ant:checkstyle] [WARN] /app/src/main/java/com/mgz/xml/AfpJacksonXmlWriter.java:127:1: Wrong lexicographical order for 'com.mgz.afp.modca.OCD_ObjectContainerData' import. Should be before 'com.mgz.afp.modca.TLE_TagLogicalElement'. [CustomImportOrder]
[ant:checkstyle] [WARN] /app/src/main/java/com/mgz/xml/AfpJacksonXmlWriter.java:128:1: Wrong lexicographical order for 'com.mgz.afp.modca.IID_IMImageInputDescriptor' import. Should be before 'com.mgz.afp.modca.TLE_TagLogicalElement'. [CustomImportOrder]
[ant:checkstyle] [WARN] /app/src/main/java/com/mgz/xml/AfpJacksonXmlWriter.java:129:1: Wrong lexicographical order for 'com.mgz.afp.modca.ICP_IMImageCellPosition' import. Should be before 'com.mgz.afp.modca.TLE_TagLogicalElement'. [CustomImportOrder]
[ant:checkstyle] [WARN] /app/src/main/java/com/mgz/xml/AfpJacksonXmlWriter.java:130:1: Wrong lexicographical order for 'com.mgz.afp.modca.IRD_IMImageRasterData' import. Should be before 'com.mgz.afp.modca.TLE_TagLogicalElement'. [CustomImportOrder]
[ant:checkstyle] [WARN] /app/src/main/java/com/mgz/xml/AfpJacksonXmlWriter.java:131:1: Wrong lexicographical order for 'com.mgz.afp.modca.IOC_IMImageOutputControl' import. Should be before 'com.mgz.afp.modca.TLE_TagLogicalElement'. [CustomImportOrder]
[ant:checkstyle] [WARN] /app/src/main/java/com/mgz/xml/AfpJacksonXmlWriter.java:134:1: Wrong lexicographical order for 'com.mgz.afp.modca_L.CAT_ColorAttributeTable' import. Should be before 'com.mgz.afp.modca_L.ECA_EndColorAttributeTable'. [CustomImportOrder]
[ant:checkstyle] [WARN] /app/src/main/java/com/mgz/xml/AfpJacksonXmlWriter.java:142:1: Wrong lexicographical order for 'com.mgz.afp.bcoca.BBC_BeginBarCodeObject' import. Should be before 'com.mgz.afp.ptoca.controlSequence.PTOCAControlSequence'. [CustomImportOrder]
[ant:checkstyle] [WARN] /app/src/main/java/com/mgz/xml/AfpJacksonXmlWriter.java:143:1: Wrong lexicographical order for 'com.mgz.afp.bcoca.BDA_BarCodeData' import. Should be before 'com.mgz.afp.ptoca.controlSequence.PTOCAControlSequence'. [CustomImportOrder]
[ant:checkstyle] [WARN] /app/src/main/java/com/mgz/xml/AfpJacksonXmlWriter.java:144:1: Wrong lexicographical order for 'com.mgz.afp.bcoca.BDD_BarCodeDataDescriptor' import. Should be before 'com.mgz.afp.ptoca.controlSequence.PTOCAControlSequence'. [CustomImportOrder]
[ant:checkstyle] [WARN] /app/src/main/java/com/mgz/xml/AfpJacksonXmlWriter.java:145:1: Wrong lexicographical order for 'com.mgz.afp.bcoca.EBC_EndBarCodeObject' import. Should be before 'com.mgz.afp.ptoca.controlSequence.PTOCAControlSequence'. [CustomImportOrder]
[ant:checkstyle] [WARN] /app/src/main/java/com/mgz/xml/AfpJacksonXmlWriter.java:161:1: Wrong lexicographical order for 'javax.xml.transform.OutputKeys' import. Should be before 'org.codehaus.stax2.XMLStreamWriter2'. [CustomImportOrder]
[ant:checkstyle] [WARN] /app/src/main/java/com/mgz/xml/AfpJacksonXmlWriter.java:162:1: Wrong lexicographical order for 'javax.xml.transform.TransformerFactory' import. Should be before 'org.codehaus.stax2.XMLStreamWriter2'. [CustomImportOrder]
[ant:checkstyle] [WARN] /app/src/main/java/com/mgz/xml/AfpJacksonXmlWriter.java:163:1: Wrong lexicographical order for 'javax.xml.transform.dom.DOMResult' import. Should be before 'org.codehaus.stax2.XMLStreamWriter2'. [CustomImportOrder]
[ant:checkstyle] [WARN] /app/src/main/java/com/mgz/xml/AfpJacksonXmlWriter.java:164:1: Wrong lexicographical order for 'javax.xml.transform.dom.DOMSource' import. Should be before 'org.codehaus.stax2.XMLStreamWriter2'. [CustomImportOrder]
[ant:checkstyle] [WARN] /app/src/main/java/com/mgz/xml/AfpJacksonXmlWriter.java:165:1: Wrong lexicographical order for 'javax.xml.transform.stream.StreamResult' import. Should be before 'org.codehaus.stax2.XMLStreamWriter2'. [CustomImportOrder]
[ant:checkstyle] [WARN] /app/src/main/java/com/mgz/xml/AfpJacksonXmlWriter.java:166:1: Wrong lexicographical order for 'javax.xml.xpath.XPathConstants' import. Should be before 'org.codehaus.stax2.XMLStreamWriter2'. [CustomImportOrder]
[ant:checkstyle] [WARN] /app/src/main/java/com/mgz/xml/AfpJacksonXmlWriter.java:167:1: Wrong lexicographical order for 'javax.xml.xpath.XPathFactory' import. Should be before 'org.codehaus.stax2.XMLStreamWriter2'. [CustomImportOrder]
[ant:checkstyle] [WARN] /app/src/main/java/com/mgz/xml/AfpJacksonXmlWriter.java:252: Line is longer than 100 characters (found 107). [LineLength]
[ant:checkstyle] [WARN] /app/src/main/java/com/mgz/xml/AfpJacksonXmlWriter.java:258: Line is longer than 100 characters (found 107). [LineLength]
[ant:checkstyle] [WARN] /app/src/main/java/com/mgz/xml/AfpJacksonXmlWriter.java:268: Line is longer than 100 characters (found 115). [LineLength]
[ant:checkstyle] [WARN] /app/src/main/java/com/mgz/xml/AfpJacksonXmlWriter.java:277: Line is longer than 100 characters (found 115). [LineLength]
[ant:checkstyle] [WARN] /app/src/main/java/com/mgz/xml/AfpJacksonXmlWriter.java:286: Line is longer than 100 characters (found 105). [LineLength]
[ant:checkstyle] [WARN] /app/src/main/java/com/mgz/xml/AfpJacksonXmlWriter.java:323: Line is longer than 100 characters (found 120). [LineLength]
[ant:checkstyle] [WARN] /app/src/main/java/com/mgz/xml/AfpJacksonXmlWriter.java:601: Line is longer than 100 characters (found 121). [LineLength]
[ant:checkstyle] [WARN] /app/src/main/java/com/mgz/xml/AfpJacksonXmlWriter.java:663: Line is longer than 100 characters (found 101). [LineLength]
[ant:checkstyle] [WARN] /app/src/main/java/com/mgz/xml/AfpJacksonXmlWriter.java:681: Line is longer than 100 characters (found 123). [LineLength]
[ant:checkstyle] [WARN] /app/src/main/java/com/mgz/xml/AfpJacksonXmlWriter.java:732: Line is longer than 100 characters (found 106). [LineLength]
[ant:checkstyle] [WARN] /app/src/main/java/com/mgz/xml/AfpJacksonXmlWriter.java:865: Line is longer than 100 characters (found 106). [LineLength]
[ant:checkstyle] [WARN] /app/src/main/java/com/mgz/xml/AfpJacksonXmlWriter.java:931: Line is longer than 100 characters (found 115). [LineLength]
[ant:checkstyle] [WARN] /app/src/main/java/com/mgz/xml/AfpJacksonXmlWriter.java:939: Line is longer than 100 characters (found 107). [LineLength]
[ant:checkstyle] [WARN] /app/src/main/java/com/mgz/xml/AfpJacksonXmlWriter.java:987: Line is longer than 100 characters (found 115). [LineLength]
[ant:checkstyle] [WARN] /app/src/main/java/com/mgz/xml/AfpJacksonXmlWriter.java:995: Line is longer than 100 characters (found 107). [LineLength]
[ant:checkstyle] [WARN] /app/src/main/java/com/mgz/xml/AfpJacksonXmlWriter.java:1046: Line is longer than 100 characters (found 111). [LineLength]
[ant:checkstyle] [WARN] /app/src/main/java/com/mgz/xml/AfpJacksonXmlWriter.java:1056: Line is longer than 100 characters (found 104). [LineLength]
[ant:checkstyle] [WARN] /app/src/main/java/com/mgz/xml/AfpJacksonXmlWriter.java:1096: Line is longer than 100 characters (found 103). [LineLength]
[ant:checkstyle] [WARN] /app/src/main/java/com/mgz/xml/AfpJacksonXmlWriter.java:1129: Line is longer than 100 characters (found 109). [LineLength]
[ant:checkstyle] [WARN] /app/src/main/java/com/mgz/xml/AfpJacksonXmlWriter.java:1146: Line is longer than 100 characters (found 106). [LineLength]
[ant:checkstyle] [WARN] /app/src/main/java/com/mgz/xml/AfpJacksonXmlWriter.java:1147: Line is longer than 100 characters (found 125). [LineLength]
[ant:checkstyle] [WARN] /app/src/main/java/com/mgz/xml/AfpJacksonXmlWriter.java:1179: Line is longer than 100 characters (found 127). [LineLength]
[ant:checkstyle] [WARN] /app/src/main/java/com/mgz/xml/AfpJacksonXmlWriter.java:1191: Line is longer than 100 characters (found 110). [LineLength]
[ant:checkstyle] [WARN] /app/src/main/java/com/mgz/xml/AfpJacksonXmlWriter.java:1213: Line is longer than 100 characters (found 102). [LineLength]
[ant:checkstyle] [WARN] /app/src/main/java/com/mgz/xml/AfpJacksonXmlWriter.java:1262: Line is longer than 100 characters (found 145). [LineLength]
[ant:checkstyle] [WARN] /app/src/main/java/com/mgz/xml/AfpJacksonXmlWriter.java:1306: Line is longer than 100 characters (found 155). [LineLength]
[ant:checkstyle] [WARN] /app/src/main/java/com/mgz/xml/AfpJacksonXmlWriter.java:1318: Line is longer than 100 characters (found 122). [LineLength]
[ant:checkstyle] [WARN] /app/src/main/java/com/mgz/xml/AfpJacksonXmlWriter.java:1326: Line is longer than 100 characters (found 112). [LineLength]
[ant:checkstyle] [WARN] /app/src/main/java/com/mgz/xml/AfpJacksonXmlWriter.java:1338: Line is longer than 100 characters (found 126). [LineLength]
[ant:checkstyle] [WARN] /app/src/main/java/com/mgz/xml/AfpJacksonXmlWriter.java:1358: Line is longer than 100 characters (found 119). [LineLength]
[ant:checkstyle] [WARN] /app/src/main/java/com/mgz/xml/AfpJacksonXmlWriter.java:1361: Line is longer than 100 characters (found 150). [LineLength]
[ant:checkstyle] [WARN] /app/src/main/java/com/mgz/xml/AfpJacksonXmlWriter.java:1363: Line is longer than 100 characters (found 114). [LineLength]
[ant:checkstyle] [WARN] /app/src/main/java/com/mgz/xml/AfpJacksonXmlWriter.java:1365: Line is longer than 100 characters (found 130). [LineLength]
[ant:checkstyle] [WARN] /app/src/main/java/com/mgz/xml/AfpJacksonXmlWriter.java:1373: Line is longer than 100 characters (found 112). [LineLength]
[ant:checkstyle] [WARN] /app/src/main/java/com/mgz/xml/AfpJacksonXmlWriter.java:1380: Line is longer than 100 characters (found 110). [LineLength]
[ant:checkstyle] [WARN] /app/src/main/java/com/mgz/xml/AfpJacksonXmlWriter.java:1412: Line is longer than 100 characters (found 268). [LineLength]
[ant:checkstyle] [WARN] /app/src/main/java/com/mgz/xml/AfpJacksonXmlWriter.java:1414: Line is longer than 100 characters (found 289). [LineLength]
[ant:checkstyle] [WARN] /app/src/main/java/com/mgz/xml/AfpJacksonXmlWriter.java:1453: Line is longer than 100 characters (found 126). [LineLength]
[ant:checkstyle] [WARN] /app/src/main/java/com/mgz/xml/AfpJacksonXmlWriter.java:1455: Line is longer than 100 characters (found 117). [LineLength]
[ant:checkstyle] [WARN] /app/src/main/java/com/mgz/xml/AfpJacksonXmlWriter.java:1461: Line is longer than 100 characters (found 106). [LineLength]
[ant:checkstyle] [WARN] /app/src/main/java/com/mgz/xml/AfpJacksonXmlWriter.java:1466: Line is longer than 100 characters (found 106). [LineLength]
[ant:checkstyle] [WARN] /app/src/main/java/com/mgz/xml/AfpJacksonXmlWriter.java:1479: Line is longer than 100 characters (found 109). [LineLength]
[ant:checkstyle] [WARN] /app/src/main/java/com/mgz/xml/AfpJacksonXmlWriter.java:1485: Line is longer than 100 characters (found 103). [LineLength]
[ant:checkstyle] [WARN] /app/src/main/java/com/mgz/xml/AfpJacksonXmlWriter.java:1494: Line is longer than 100 characters (found 139). [LineLength]
[ant:checkstyle] [WARN] /app/src/main/java/com/mgz/xml/AfpJacksonXmlWriter.java:1504: Line is longer than 100 characters (found 107). [LineLength]
[ant:checkstyle] [WARN] /app/src/main/java/com/mgz/xml/AfpJacksonXmlWriter.java:1559: Line is longer than 100 characters (found 107). [LineLength]
[ant:checkstyle] [WARN] /app/src/main/java/com/mgz/xml/AfpJacksonXmlWriter.java:1563: Line is longer than 100 characters (found 101). [LineLength]
[ant:checkstyle] [WARN] /app/src/main/java/com/mgz/xml/AfpJacksonXmlWriter.java:1567: Line is longer than 100 characters (found 107). [LineLength]
[ant:checkstyle] [WARN] /app/src/main/java/com/mgz/xml/AfpJacksonXmlWriter.java:1575: Line is longer than 100 characters (found 107). [LineLength]
[ant:checkstyle] [WARN] /app/src/main/java/com/mgz/xml/AfpJacksonXmlWriter.java:1609: Line is longer than 100 characters (found 107). [LineLength]
[ant:checkstyle] [WARN] /app/src/main/java/com/mgz/xml/AfpJacksonXmlWriter.java:1613: Line is longer than 100 characters (found 101). [LineLength]
[ant:checkstyle] [WARN] /app/src/main/java/com/mgz/xml/AfpJacksonXmlWriter.java:1623: Line is longer than 100 characters (found 107). [LineLength]
[ant:checkstyle] [WARN] /app/src/main/java/com/mgz/xml/AfpJacksonXmlWriter.java:1627: Line is longer than 100 characters (found 101). [LineLength]
[ant:checkstyle] [WARN] /app/src/main/java/com/mgz/xml/AfpJacksonXmlWriter.java:1637: Line is longer than 100 characters (found 114). [LineLength]
[ant:checkstyle] [WARN] /app/src/main/java/com/mgz/xml/AfpJacksonXmlWriter.java:1641: Line is longer than 100 characters (found 108). [LineLength]
[ant:checkstyle] [WARN] /app/src/main/java/com/mgz/xml/AfpJacksonXmlWriter.java:1649: Line is longer than 100 characters (found 129). [LineLength]
[ant:checkstyle] [WARN] /app/src/main/java/com/mgz/xml/AfpJacksonXmlWriter.java:1653: Line is longer than 100 characters (found 108). [LineLength]
[ant:checkstyle] [WARN] /app/src/main/java/com/mgz/xml/AfpJacksonXmlWriter.java:1657: Line is longer than 100 characters (found 102). [LineLength]
[ant:checkstyle] [WARN] /app/src/main/java/com/mgz/xml/AfpJacksonXmlWriter.java:1683: Line is longer than 100 characters (found 102). [LineLength]
[ant:checkstyle] [WARN] /app/src/main/java/com/mgz/xml/AfpJacksonXmlWriter.java:1695: Line is longer than 100 characters (found 111). [LineLength]
[ant:checkstyle] [WARN] /app/src/main/java/com/mgz/xml/AfpJacksonXmlWriter.java:1775: Line is longer than 100 characters (found 101). [LineLength]
[ant:checkstyle] [WARN] /app/src/main/java/com/mgz/xml/AfpJacksonXmlWriter.java:1782: Line is longer than 100 characters (found 106). [LineLength]
[ant:checkstyle] [WARN] /app/src/main/java/com/mgz/xml/AfpJacksonXmlWriter.java:1836: Line is longer than 100 characters (found 131). [LineLength]
[ant:checkstyle] [WARN] /app/src/main/java/com/mgz/xml/AfpJacksonXmlWriter.java:1854: Line is longer than 100 characters (found 126). [LineLength]
[ant:checkstyle] [WARN] /app/src/main/java/com/mgz/xml/AfpJacksonXmlWriter.java:1870: Line is longer than 100 characters (found 103). [LineLength]
[ant:checkstyle] [WARN] /app/src/main/java/com/mgz/xml/AfpJacksonXmlWriter.java:1888: Line is longer than 100 characters (found 116). [LineLength]
[ant:checkstyle] [WARN] /app/src/main/java/com/mgz/xml/AfpJacksonXmlWriter.java:1912: Line is longer than 100 characters (found 108). [LineLength]
[ant:checkstyle] [WARN] /app/src/main/java/com/mgz/xml/AfpJacksonXmlWriter.java:1972: Line is longer than 100 characters (found 144). [LineLength]
[ant:checkstyle] [WARN] /app/src/main/java/com/mgz/xml/AfpJacksonXmlWriter.java:1985: Line is longer than 100 characters (found 107). [LineLength]
[ant:checkstyle] [WARN] /app/src/main/java/com/mgz/xml/AfpJacksonXmlWriter.java:1988: Line is longer than 100 characters (found 104). [LineLength]
[ant:checkstyle] [WARN] /app/src/main/java/com/mgz/xml/AfpJacksonXmlWriter.java:1989: Line is longer than 100 characters (found 121). [LineLength]
[ant:checkstyle] [WARN] /app/src/main/java/com/mgz/xml/AfpJacksonXmlWriter.java:1994: Line is longer than 100 characters (found 121). [LineLength]
[ant:checkstyle] [WARN] /app/src/main/java/com/mgz/xml/AfpJacksonXmlWriter.java:2007: Line is longer than 100 characters (found 106). [LineLength]
[ant:checkstyle] [WARN] /app/src/main/java/com/mgz/xml/AfpJacksonXmlWriter.java:2024: Line is longer than 100 characters (found 108). [LineLength]
[ant:checkstyle] [WARN] /app/src/main/java/com/mgz/xml/AfpJacksonXmlWriter.java:2031: Line is longer than 100 characters (found 108). [LineLength]
[ant:checkstyle] [WARN] /app/src/main/java/com/mgz/xml/AfpJacksonXmlWriter.java:2038: Line is longer than 100 characters (found 105). [LineLength]
[ant:checkstyle] [WARN] /app/src/main/java/com/mgz/xml/AfpJacksonXmlWriter.java:2045: Line is longer than 100 characters (found 105). [LineLength]
[ant:checkstyle] [WARN] /app/src/main/java/com/mgz/xml/AfpJacksonXmlWriter.java:2062:7: Distance between variable 'x' declaration and its first usage is 4, but allowed 3.  Consider making that variable final if you still need to store its value in advance (before method calls that might have side effects on the original value). [VariableDeclarationUsageDistance]
[ant:checkstyle] [WARN] /app/src/main/java/com/mgz/xml/AfpJacksonXmlWriter.java:2063:7: Distance between variable 'y' declaration and its first usage is 4, but allowed 3.  Consider making that variable final if you still need to store its value in advance (before method calls that might have side effects on the original value). [VariableDeclarationUsageDistance]
[ant:checkstyle] [WARN] /app/src/main/java/com/mgz/xml/AfpJacksonXmlWriter.java:2078:7: Distance between variable 'x' declaration and its first usage is 4, but allowed 3.  Consider making that variable final if you still need to store its value in advance (before method calls that might have side effects on the original value). [VariableDeclarationUsageDistance]
[ant:checkstyle] [WARN] /app/src/main/java/com/mgz/xml/AfpJacksonXmlWriter.java:2079:7: Distance between variable 'y' declaration and its first usage is 4, but allowed 3.  Consider making that variable final if you still need to store its value in advance (before method calls that might have side effects on the original value). [VariableDeclarationUsageDistance]
[ant:checkstyle] [WARN] /app/src/main/java/com/mgz/xml/AfpJacksonXmlWriter.java:2083: Line is longer than 100 characters (found 138). [LineLength]
[ant:checkstyle] [WARN] /app/src/main/java/com/mgz/xml/AfpJacksonXmlWriter.java:2087: Line is longer than 100 characters (found 113). [LineLength]
[ant:checkstyle] [WARN] /app/src/main/java/com/mgz/xml/AfpJacksonXmlWriter.java:2095: Line is longer than 100 characters (found 114). [LineLength]
[ant:checkstyle] [WARN] /app/src/main/java/com/mgz/xml/AfpJacksonXmlWriter.java:2103: Line is longer than 100 characters (found 302). [LineLength]
[ant:checkstyle] [WARN] /app/src/main/java/com/mgz/xml/AfpJacksonXmlWriter.java:2154: Line is longer than 100 characters (found 109). [LineLength]
[ant:checkstyle] [WARN] /app/src/main/java/com/mgz/xml/AfpJacksonXmlWriter.java:2156: Line is longer than 100 characters (found 123). [LineLength]
[ant:checkstyle] [WARN] /app/src/main/java/com/mgz/xml/AfpJacksonXmlWriter.java:2164: Line is longer than 100 characters (found 111). [LineLength]
[ant:checkstyle] [WARN] /app/src/main/java/com/mgz/xml/AfpJacksonXmlWriter.java:2166: Line is longer than 100 characters (found 136). [LineLength]
[ant:checkstyle] [WARN] /app/src/main/java/com/mgz/xml/AfpJacksonXmlWriter.java:2168: Line is longer than 100 characters (found 123). [LineLength]
[ant:checkstyle] [WARN] /app/src/main/java/com/mgz/xml/AfpJacksonXmlWriter.java:2172: Line is longer than 100 characters (found 107). [LineLength]
[ant:checkstyle] [WARN] /app/src/main/java/com/mgz/xml/AfpJacksonXmlWriter.java:2182: Line is longer than 100 characters (found 110). [LineLength]
[ant:checkstyle] [WARN] /app/src/main/java/com/mgz/xml/AfpJacksonXmlWriter.java:2184: Line is longer than 100 characters (found 106). [LineLength]
[ant:checkstyle] [WARN] /app/src/main/java/com/mgz/xml/AfpJacksonXmlWriter.java:2353: Line is longer than 100 characters (found 121). [LineLength]
[ant:checkstyle] [WARN] /app/src/main/java/com/mgz/xml/AfpJacksonXmlWriter.java:2366: Line is longer than 100 characters (found 116). [LineLength]
[ant:checkstyle] [WARN] /app/src/main/java/com/mgz/xml/AfpJacksonXmlWriter.java:2391: Line is longer than 100 characters (found 114). [LineLength]
[ant:checkstyle] [WARN] /app/src/main/java/com/mgz/xml/AfpJacksonXmlWriter.java:2396: Line is longer than 100 characters (found 117). [LineLength]
[ant:checkstyle] [WARN] /app/src/main/java/com/mgz/xml/AfpJacksonXmlWriter.java:2397: Line is longer than 100 characters (found 117). [LineLength]
[ant:checkstyle] [WARN] /app/src/main/java/com/mgz/xml/AfpJacksonXmlWriter.java:2398: Line is longer than 100 characters (found 117). [LineLength]
[ant:checkstyle] [WARN] /app/src/main/java/com/mgz/xml/AfpJacksonXmlWriter.java:2399: Line is longer than 100 characters (found 117). [LineLength]
[ant:checkstyle] [WARN] /app/src/main/java/com/mgz/xml/AfpJacksonXmlWriter.java:2451: Line is longer than 100 characters (found 113). [LineLength]
[ant:checkstyle] [WARN] /app/src/main/java/com/mgz/xml/AfpJacksonXmlWriter.java:2480: Line is longer than 100 characters (found 119). [LineLength]
[ant:checkstyle] [WARN] /app/src/main/java/com/mgz/xml/AfpJacksonXmlWriter.java:2498: Line is longer than 100 characters (found 101). [LineLength]
[ant:checkstyle] [WARN] /app/src/main/java/com/mgz/xml/AfpJacksonXmlWriter.java:2503: Line is longer than 100 characters (found 109). [LineLength]
[ant:checkstyle] [WARN] /app/src/main/java/com/mgz/xml/AfpJacksonXmlWriter.java:2504: Line is longer than 100 characters (found 115). [LineLength]
[ant:checkstyle] [WARN] /app/src/main/java/com/mgz/xml/AfpJacksonXmlWriter.java:2507: Line is longer than 100 characters (found 102). [LineLength]
[ant:checkstyle] [WARN] /app/src/main/java/com/mgz/xml/AfpJacksonXmlWriter.java:2567: Line is longer than 100 characters (found 121). [LineLength]
[ant:checkstyle] [WARN] /app/src/main/java/com/mgz/xml/AfpJacksonXmlWriter.java:2568: Line is longer than 100 characters (found 123). [LineLength]
[ant:checkstyle] [WARN] /app/src/main/java/com/mgz/xml/AfpJacksonXmlWriter.java:2570: Line is longer than 100 characters (found 129). [LineLength]
[ant:checkstyle] [WARN] /app/src/main/java/com/mgz/xml/AfpJacksonXmlWriter.java:2573: Line is longer than 100 characters (found 131). [LineLength]
[ant:checkstyle] [WARN] /app/src/main/java/com/mgz/xml/AfpJacksonXmlWriter.java:2630: Line is longer than 100 characters (found 106). [LineLength]
[ant:checkstyle] [WARN] /app/src/main/java/com/mgz/xml/AfpJacksonXmlWriter.java:2668: Line is longer than 100 characters (found 105). [LineLength]
[ant:checkstyle] [WARN] /app/src/main/java/com/mgz/xml/AfpJacksonXmlWriter.java:2669: Line is longer than 100 characters (found 111). [LineLength]
[ant:checkstyle] [WARN] /app/src/main/java/com/mgz/xml/AfpJacksonXmlWriter.java:2702: Line is longer than 100 characters (found 104). [LineLength]
[ant:checkstyle] [WARN] /app/src/main/java/com/mgz/xml/AfpJacksonXmlWriter.java:2703: Line is longer than 100 characters (found 110). [LineLength]
[ant:checkstyle] [WARN] /app/src/main/java/com/mgz/xml/AfpJacksonXmlWriter.java:2711: Line is longer than 100 characters (found 107). [LineLength]
[ant:checkstyle] [WARN] /app/src/main/java/com/mgz/xml/AfpJacksonXmlWriter.java:2712: Line is longer than 100 characters (found 109). [LineLength]
[ant:checkstyle] [WARN] /app/src/main/java/com/mgz/xml/AfpJacksonXmlWriter.java:2728: Line is longer than 100 characters (found 106). [LineLength]
[ant:checkstyle] [WARN] /app/src/main/java/com/mgz/xml/AfpJacksonXmlWriter.java:2729: Line is longer than 100 characters (found 108). [LineLength]
[ant:checkstyle] [WARN] /app/src/main/java/com/mgz/xml/AfpJacksonXmlWriter.java:2738: Line is longer than 100 characters (found 101). [LineLength]
[ant:checkstyle] [WARN] /app/src/main/java/com/mgz/xml/AfpJacksonXmlWriter.java:2739: Line is longer than 100 characters (found 101). [LineLength]
[ant:checkstyle] [WARN] /app/src/main/java/com/mgz/xml/AfpJacksonXmlWriter.java:2751: Line is longer than 100 characters (found 104). [LineLength]
[ant:checkstyle] [WARN] /app/src/main/java/com/mgz/xml/AfpJacksonXmlWriter.java:2752: Line is longer than 100 characters (found 110). [LineLength]
[ant:checkstyle] [WARN] /app/src/main/java/com/mgz/xml/AfpJacksonXmlWriter.java:2862: Line is longer than 100 characters (found 101). [LineLength]
[ant:checkstyle] [WARN] /app/src/main/java/com/mgz/xml/AfpJacksonXmlWriter.java:2863: Line is longer than 100 characters (found 101). [LineLength]
[ant:checkstyle] [WARN] /app/src/main/java/com/mgz/xml/AfpJacksonXmlWriter.java:2868: Line is longer than 100 characters (found 108). [LineLength]
[ant:checkstyle] [WARN] /app/src/main/java/com/mgz/xml/AfpJacksonXmlWriter.java:2871: Line is longer than 100 characters (found 108). [LineLength]
[ant:checkstyle] [WARN] /app/src/main/java/com/mgz/xml/AfpJacksonXmlWriter.java:2895: Line is longer than 100 characters (found 107). [LineLength]
[ant:checkstyle] [WARN] /app/src/main/java/com/mgz/xml/AfpJacksonXmlWriter.java:2898: Line is longer than 100 characters (found 107). [LineLength]
[ant:checkstyle] [WARN] /app/src/main/java/com/mgz/xml/AfpJacksonXmlWriter.java:3027: Line is longer than 100 characters (found 127). [LineLength]
[ant:checkstyle] [WARN] /app/src/main/java/com/mgz/xml/AfpJacksonXmlWriter.java:3031: Line is longer than 100 characters (found 114). [LineLength]
[ant:checkstyle] [WARN] /app/src/main/java/com/mgz/xml/AfpJacksonXmlWriter.java:3118: Line is longer than 100 characters (found 102). [LineLength]
[ant:checkstyle] [WARN] /app/src/main/java/com/mgz/xml/AfpJacksonXmlWriter.java:3188: Line is longer than 100 characters (found 102). [LineLength]
[ant:checkstyle] [WARN] /app/src/main/java/com/mgz/xml/AfpJacksonXmlWriter.java:3240: Line is longer than 100 characters (found 104). [LineLength]
[ant:checkstyle] [WARN] /app/src/main/java/com/mgz/xml/AfpJacksonXmlWriter.java:3243: Line is longer than 100 characters (found 104). [LineLength]
[ant:checkstyle] [WARN] /app/src/main/java/com/mgz/xml/AfpJacksonXmlWriter.java:3245: Line is longer than 100 characters (found 131). [LineLength]
[ant:checkstyle] [WARN] /app/src/main/java/com/mgz/xml/AfpJacksonXmlWriter.java:3400: Line is longer than 100 characters (found 131). [LineLength]
[ant:checkstyle] [WARN] /app/src/main/java/com/mgz/xml/AfpJacksonXmlWriter.java:3466: Line is longer than 100 characters (found 110). [LineLength]
[ant:checkstyle] [WARN] /app/src/main/java/com/mgz/xml/AfpJacksonXmlWriter.java:3476: Line is longer than 100 characters (found 130). [LineLength]
[ant:checkstyle] [WARN] /app/src/main/java/com/mgz/xml/AfpJacksonXmlWriter.java:3530: Line is longer than 100 characters (found 123). [LineLength]
[ant:checkstyle] [WARN] /app/src/main/java/com/mgz/xml/AfpJacksonXmlWriter.java:3543: Line is longer than 100 characters (found 103). [LineLength]
[ant:checkstyle] [WARN] /app/src/main/java/com/mgz/xml/AfpJacksonXmlWriter.java:3544: Line is longer than 100 characters (found 105). [LineLength]
[ant:checkstyle] [WARN] /app/src/main/java/com/mgz/xml/AfpJacksonXmlWriter.java:3652: Line is longer than 100 characters (found 102). [LineLength]
[ant:checkstyle] [WARN] /app/src/main/java/com/mgz/xml/AfpJacksonXmlWriter.java:3667: Line is longer than 100 characters (found 125). [LineLength]
[ant:checkstyle] [WARN] /app/src/main/java/com/mgz/xml/AfpJacksonXmlWriter.java:3768: Line is longer than 100 characters (found 146). [LineLength]
[ant:checkstyle] [WARN] /app/src/main/java/com/mgz/xml/AfpJacksonXmlWriter.java:3791: Line is longer than 100 characters (found 139). [LineLength]
[ant:checkstyle] [WARN] /app/src/main/java/com/mgz/xml/AfpJacksonXmlWriter.java:3813: Line is longer than 100 characters (found 124). [LineLength]
[ant:checkstyle] [WARN] /app/src/main/java/com/mgz/xml/AfpJacksonXmlWriter.java:3836:12: Local variable name 'yUbAttr' must match pattern '^(_|[a-z]([a-z0-9][a-zA-Z0-9]*)?)$'. [LocalVariableName]
[ant:checkstyle] [WARN] /app/src/main/java/com/mgz/xml/AfpJacksonXmlWriter.java:3839: Line is longer than 100 characters (found 101). [LineLength]
[ant:checkstyle] [WARN] /app/src/main/java/com/mgz/xml/AfpJacksonXmlWriter.java:3847: Line is longer than 100 characters (found 116). [LineLength]
[ant:checkstyle] [WARN] /app/src/main/java/com/mgz/xml/AfpJacksonXmlWriter.java:3889: Line is longer than 100 characters (found 116). [LineLength]
[ant:checkstyle] [WARN] /app/src/main/java/com/mgz/xml/AfpJacksonXmlWriter.java:3898: Line is longer than 100 characters (found 124). [LineLength]
[ant:checkstyle] [WARN] /app/src/main/java/com/mgz/xml/AfpJacksonXmlWriter.java:3976: Line is longer than 100 characters (found 104). [LineLength]
[ant:checkstyle] [WARN] /app/src/main/java/com/mgz/xml/AfpJacksonXmlWriter.java:3986: Line is longer than 100 characters (found 106). [LineLength]
[ant:checkstyle] [WARN] /app/src/main/java/com/mgz/xml/AfpJacksonXmlWriter.java:4002: Line is longer than 100 characters (found 101). [LineLength]
[ant:checkstyle] [WARN] /app/src/main/java/com/mgz/xml/AfpJacksonXmlWriter.java:4014: Line is longer than 100 characters (found 103). [LineLength]
[ant:checkstyle] [WARN] /app/src/main/java/com/mgz/xml/AfpJacksonXmlWriter.java:4033: Line is longer than 100 characters (found 127). [LineLength]
[ant:checkstyle] [WARN] /app/src/main/java/com/mgz/xml/AfpJacksonXmlWriter.java:4037: Line is longer than 100 characters (found 103). [LineLength]
[ant:checkstyle] [WARN] /app/src/main/java/com/mgz/xml/AfpJacksonXmlWriter.java:4052: Line is longer than 100 characters (found 121). [LineLength]
[ant:checkstyle] [WARN] /app/src/main/java/com/mgz/xml/AfpJacksonXmlWriter.java:4059: Line is longer than 100 characters (found 105). [LineLength]
[ant:checkstyle] [WARN] /app/src/main/java/com/mgz/xml/AfpJacksonXmlWriter.java:4081: Line is longer than 100 characters (found 161). [LineLength]
[ant:checkstyle] [WARN] /app/src/main/java/com/mgz/xml/AfpJacksonXmlWriter.java:4103: Line is longer than 100 characters (found 109). [LineLength]
[ant:checkstyle] [WARN] /app/src/main/java/com/mgz/xml/AfpJacksonXmlWriter.java:4103:3: 'METHOD_DEF' has more than 1 empty lines before. [EmptyLineSeparator]
[ant:checkstyle] [WARN] /app/src/main/java/com/mgz/xml/AfpJacksonXmlWriter.java:4112: Line is longer than 100 characters (found 106). [LineLength]
[ant:checkstyle] [WARN] /app/src/main/java/com/mgz/xml/AfpJacksonXmlWriter.java:4119: Line is longer than 100 characters (found 107). [LineLength]
[ant:checkstyle] [WARN] /app/src/main/java/com/mgz/xml/AfpJacksonXmlWriter.java:4138: Line is longer than 100 characters (found 114). [LineLength]
[ant:checkstyle] [WARN] /app/src/main/java/com/mgz/xml/AfpJacksonXmlWriter.java:4193: Line is longer than 100 characters (found 102). [LineLength]
[ant:checkstyle] [WARN] /app/src/main/java/com/mgz/xml/AfpJacksonXmlWriter.java:4239:3: All overloaded methods should be placed next to each other. Previous overloaded method located at line '4,151'. [OverloadMethodsDeclarationOrder]
[ant:checkstyle] [WARN] /app/src/main/java/com/mgz/xml/AfpJacksonXmlWriter.java:4239:3: 'METHOD_DEF' has more than 1 empty lines before. [EmptyLineSeparator]
[ant:checkstyle] [WARN] /app/src/main/java/com/mgz/xml/AfpJacksonXmlWriter.java:4243:3: All overloaded methods should be placed next to each other. Previous overloaded method located at line '4,165'. [OverloadMethodsDeclarationOrder]
[ant:checkstyle] [WARN] /app/src/main/java/com/mgz/xml/AfpJacksonXmlWriter.java:4253: Line is longer than 100 characters (found 150). [LineLength]
[ant:checkstyle] [WARN] /app/src/main/java/com/mgz/xml/AfpJacksonXmlWriter.java:4273: Line is longer than 100 characters (found 117). [LineLength]
[ant:checkstyle] [WARN] /app/src/main/java/com/mgz/xml/AfpJacksonXmlWriter.java:4317: Line is longer than 100 characters (found 135). [LineLength]
[ant:checkstyle] [WARN] /app/src/main/java/com/mgz/xml/AfpJacksonXmlWriter.java:4342: Line is longer than 100 characters (found 109). [LineLength]
[ant:checkstyle] [WARN] /app/src/main/java/com/mgz/xml/AfpJacksonXmlWriter.java:4352: Line is longer than 100 characters (found 117). [LineLength]
[ant:checkstyle] [WARN] /app/src/main/java/com/mgz/xml/AfpJacksonXmlWriter.java:4355: Line is longer than 100 characters (found 111). [LineLength]
[ant:checkstyle] [WARN] /app/src/main/java/com/mgz/xml/AfpJacksonXmlWriter.java:4357: Line is longer than 100 characters (found 103). [LineLength]
[ant:checkstyle] [WARN] /app/src/main/java/com/mgz/xml/AfpJacksonXmlWriter.java:4364: Line is longer than 100 characters (found 111). [LineLength]
[ant:checkstyle] [WARN] /app/src/main/java/com/mgz/xml/AfpJacksonXmlWriter.java:4367: Line is longer than 100 characters (found 102). [LineLength]
[ant:checkstyle] [WARN] /app/src/main/java/com/mgz/xml/AfpJacksonXmlWriter.java:4369: Line is longer than 100 characters (found 118). [LineLength]
[ant:checkstyle] [WARN] /app/src/main/java/com/mgz/xml/AfpJacksonXmlWriter.java:4396: Line is longer than 100 characters (found 112). [LineLength]
[ant:checkstyle] [WARN] /app/src/main/java/com/mgz/xml/AfpJacksonXmlWriter.java:4404: Line is longer than 100 characters (found 103). [LineLength]
[ant:checkstyle] [WARN] /app/src/main/java/com/mgz/xml/AfpJacksonXmlWriter.java:4411: Line is longer than 100 characters (found 115). [LineLength]
[ant:checkstyle] [WARN] /app/src/main/java/com/mgz/xml/AfpJacksonXmlWriter.java:4413: Line is longer than 100 characters (found 104). [LineLength]
[ant:checkstyle] [WARN] /app/src/main/java/com/mgz/xml/AfpJacksonXmlWriter.java:4418: Line is longer than 100 characters (found 128). [LineLength]
[ant:checkstyle] [WARN] /app/src/main/java/com/mgz/xml/AfpJacksonXmlWriter.java:4561: Line is longer than 100 characters (found 109). [LineLength]
[ant:checkstyle] [WARN] /app/src/main/java/com/mgz/xml/AfpJacksonXmlWriter.java:4583: Line is longer than 100 characters (found 105). [LineLength]
[ant:checkstyle] [WARN] /app/src/main/java/com/mgz/xml/AfpJacksonXmlWriter.java:4626: Line is longer than 100 characters (found 115). [LineLength]
[ant:checkstyle] [WARN] /app/src/main/java/com/mgz/xml/AfpJacksonXmlWriter.java:4639: Line is longer than 100 characters (found 108). [LineLength]
[ant:checkstyle] [WARN] /app/src/main/java/com/mgz/xml/AfpJacksonXmlWriter.java:4641: Line is longer than 100 characters (found 113). [LineLength]
[ant:checkstyle] [WARN] /app/src/main/java/com/mgz/xml/AfpJacksonXmlWriter.java:4642: Line is longer than 100 characters (found 105). [LineLength]
[ant:checkstyle] [WARN] /app/src/main/java/com/mgz/xml/AfpJacksonXmlWriter.java:4714: Line is longer than 100 characters (found 101). [LineLength]
[ant:checkstyle] [WARN] /app/src/main/java/com/mgz/xml/AfpJacksonXmlWriter.java:4715: Line is longer than 100 characters (found 101). [LineLength]
[ant:checkstyle] [WARN] /app/src/main/java/com/mgz/xml/AfpJacksonXmlWriter.java:4719: Line is longer than 100 characters (found 146). [LineLength]
[ant:checkstyle] [WARN] /app/src/main/java/com/mgz/xml/AfpJacksonXmlWriter.java:4749: Line is longer than 100 characters (found 103). [LineLength]
[ant:checkstyle] [WARN] /app/src/main/java/com/mgz/xml/AfpJacksonXmlWriter.java:4806: Line is longer than 100 characters (found 101). [LineLength]
[ant:checkstyle] [WARN] /app/src/main/java/com/mgz/xml/AfpJacksonXmlWriter.java:4807: Line is longer than 100 characters (found 105). [LineLength]
[ant:checkstyle] [WARN] /app/src/main/java/com/mgz/xml/AfpJacksonXmlWriter.java:4820: Line is longer than 100 characters (found 109). [LineLength]
[ant:checkstyle] [WARN] /app/src/main/java/com/mgz/xml/AfpJacksonXmlWriter.java:4821: Line is longer than 100 characters (found 101). [LineLength]
[ant:checkstyle] [WARN] /app/src/main/java/com/mgz/xml/AfpJacksonXmlWriter.java:4858: Line is longer than 100 characters (found 105). [LineLength]
[ant:checkstyle] [WARN] /app/src/main/java/com/mgz/xml/AfpJacksonXmlWriter.java:4936: Line is longer than 100 characters (found 109). [LineLength]
[ant:checkstyle] [WARN] /app/src/main/java/com/mgz/xml/AfpJacksonXmlWriter.java:4938: Line is longer than 100 characters (found 129). [LineLength]
[ant:checkstyle] [WARN] /app/src/main/java/com/mgz/xml/util/TemplateGenerator.java:30:3: Missing a Javadoc comment. [MissingJavadocMethod]
[ant:checkstyle] [WARN] /app/src/main/java/com/mgz/xml/util/TemplateGenerator.java:35: Line is longer than 100 characters (found 140). [LineLength]
[ant:checkstyle] [WARN] /app/src/main/java/com/mgz/xml/util/TemplateGenerator.java:42:35: WhitespaceAround: '+' is not followed by whitespace. Empty blocks                may only be represented as {} when not part of a multi-block statement (4.1.3) [WhitespaceAround]
[ant:checkstyle] [WARN] /app/src/main/java/com/mgz/xml/util/TemplateGenerator.java:42:35: WhitespaceAround: '+' is not preceded with whitespace. [WhitespaceAround]
[ant:checkstyle] [WARN] /app/src/main/java/com/mgz/xml/JacksonXmlMapperProvider.java:26:1: Wrong lexicographical order for 'com.fasterxml.jackson.annotation.JsonInclude' import. Should be before 'javax.xml.stream.XMLOutputFactory'. [CustomImportOrder]
[ant:checkstyle] [WARN] /app/src/main/java/com/mgz/xml/JacksonXmlMapperProvider.java:27:1: Wrong lexicographical order for 'com.fasterxml.jackson.core.StreamWriteFeature' import. Should be before 'javax.xml.stream.XMLOutputFactory'. [CustomImportOrder]
[ant:checkstyle] [WARN] /app/src/main/java/com/mgz/xml/JacksonXmlMapperProvider.java:28:1: Wrong lexicographical order for 'com.fasterxml.jackson.databind.ObjectWriter' import. Should be before 'javax.xml.stream.XMLOutputFactory'. [CustomImportOrder]
[ant:checkstyle] [WARN] /app/src/main/java/com/mgz/xml/JacksonXmlMapperProvider.java:29:1: Wrong lexicographical order for 'com.fasterxml.jackson.databind.SerializationFeature' import. Should be before 'javax.xml.stream.XMLOutputFactory'. [CustomImportOrder]
[ant:checkstyle] [WARN] /app/src/main/java/com/mgz/xml/JacksonXmlMapperProvider.java:30:1: Wrong lexicographical order for 'com.fasterxml.jackson.dataformat.xml.XmlFactory' import. Should be before 'javax.xml.stream.XMLOutputFactory'. [CustomImportOrder]
[ant:checkstyle] [WARN] /app/src/main/java/com/mgz/xml/JacksonXmlMapperProvider.java:31:1: Wrong lexicographical order for 'com.fasterxml.jackson.dataformat.xml.XmlMapper' import. Should be before 'javax.xml.stream.XMLOutputFactory'. [CustomImportOrder]
[ant:checkstyle] [WARN] /app/src/main/java/com/mgz/xml/JacksonXmlMapperProvider.java:32:1: Wrong lexicographical order for 'com.fasterxml.jackson.dataformat.xml.ser.ToXmlGenerator' import. Should be before 'javax.xml.stream.XMLOutputFactory'. [CustomImportOrder]
[ant:checkstyle] [WARN] /app/src/main/java/com/mgz/xml/JacksonXmlMapperProvider.java:33:1: Wrong lexicographical order for 'com.fasterxml.jackson.module.blackbird.BlackbirdModule' import. Should be before 'javax.xml.stream.XMLOutputFactory'. [CustomImportOrder]
[ant:checkstyle] [WARN] /app/src/main/java/com/mgz/xml/JacksonXmlMapperProvider.java:34:1: Wrong lexicographical order for 'java.io.IOException' import. Should be before 'javax.xml.stream.XMLOutputFactory'. [CustomImportOrder]
[ant:checkstyle] [WARN] /app/src/main/java/com/mgz/xml/JacksonXmlMapperProvider.java:35:1: Wrong lexicographical order for 'java.util.concurrent.ConcurrentHashMap' import. Should be before 'javax.xml.stream.XMLOutputFactory'. [CustomImportOrder]
[ant:checkstyle] [WARN] /app/src/main/java/com/mgz/xml/JacksonXmlMapperProvider.java:48: Line is longer than 100 characters (found 106). [LineLength]
[ant:checkstyle] [WARN] /app/src/main/java/com/mgz/xml/JacksonXmlMapperProvider.java:49: Line is longer than 100 characters (found 115). [LineLength]
[ant:checkstyle] [WARN] /app/src/main/java/com/mgz/xml/JacksonXmlMapperProvider.java:51: Line is longer than 100 characters (found 113). [LineLength]
[ant:checkstyle] [WARN] /app/src/main/java/com/mgz/xml/JacksonXmlMapperProvider.java:52: Line is longer than 100 characters (found 122). [LineLength]
[ant:checkstyle] [WARN] /app/src/main/java/com/mgz/xml/XmlTagTemplates.java:25: Line is longer than 100 characters (found 109). [LineLength]
[ant:checkstyle] [WARN] /app/src/main/java/com/mgz/xml/XmlTemplateRegistry.java:105: Line is longer than 100 characters (found 107). [LineLength]
[ant:checkstyle] [WARN] /app/src/main/java/com/mgz/xml/XmlTemplateRegistry.java:150: Line is longer than 100 characters (found 102). [LineLength]
[ant:checkstyle] [WARN] /app/src/main/java/com/mgz/xml/XmlTemplateRegistry.java:163:3: Missing a Javadoc comment. [MissingJavadocMethod]
Checkstyle rule violations were found. See the report at: file:///app/build/reports/checkstyle/main.html
Checkstyle files with violations: 250
Checkstyle violations by severity: [warning:4305]


BUILD SUCCESSFUL in 23s
4 actionable tasks: 4 executed
